0 verbose cli /home/mathieu/.nvm/versions/node/v20.17.0/bin/node /home/mathieu/.nvm/versions/node/v20.17.0/bin/npm
1 info using npm@10.8.2
2 info using node@v20.17.0
3 silly config load:file:/home/mathieu/.nvm/versions/node/v20.17.0/lib/node_modules/npm/npmrc
4 info config found workspace root at /mnt/c/Users/matma/Documents/MyDigitalSchool/M1/OrigAMI/site
5 silly config load:file:/mnt/c/Users/matma/Documents/MyDigitalSchool/M1/OrigAMI/site/.npmrc
6 silly config load:file:/home/mathieu/.npmrc
7 silly config load:file:/home/mathieu/.nvm/versions/node/v20.17.0/etc/npmrc
8 verbose title npm install
9 verbose argv "install"
10 verbose logfile logs-max:10 dir:/mnt/c/Users/matma/Documents/MyDigitalSchool/M1/OrigAMI/site/.npm-cache/_logs/2026-01-16T12_59_23_667Z-
11 verbose logfile /mnt/c/Users/matma/Documents/MyDigitalSchool/M1/OrigAMI/site/.npm-cache/_logs/2026-01-16T12_59_23_667Z-debug-0.log
12 silly logfile done cleaning log files
13 silly packumentCache heap:2106327040 maxSize:526581760 maxEntrySize:263290880
14 silly idealTree buildDeps
15 silly placeDep ROOT web@0.1.0 OK for:  want: file:/mnt/c/Users/matma/Documents/MyDigitalSchool/M1/OrigAMI/site/apps/web
16 silly fetch manifest next@16.1.2
17 silly packumentCache full:https://registry.npmjs.org/next cache-miss
18 http fetch GET 200 https://registry.npmjs.org/next 2622ms (cache miss)
19 silly packumentCache full:https://registry.npmjs.org/next set size:undefined disposed:false
20 silly fetch manifest @opentelemetry/api@^1.1.0
21 silly packumentCache full:https://registry.npmjs.org/@opentelemetry%2fapi cache-miss
22 http fetch GET 200 https://registry.npmjs.org/@opentelemetry%2fapi 441ms (cache miss)
23 silly packumentCache full:https://registry.npmjs.org/@opentelemetry%2fapi set size:undefined disposed:false
24 silly fetch manifest @playwright/test@^1.51.1
25 silly packumentCache full:https://registry.npmjs.org/@playwright%2ftest cache-miss
26 http fetch GET 200 https://registry.npmjs.org/@playwright%2ftest 1181ms (cache miss)
27 silly packumentCache full:https://registry.npmjs.org/@playwright%2ftest set size:undefined disposed:false
28 silly fetch manifest babel-plugin-react-compiler@*
29 silly packumentCache full:https://registry.npmjs.org/babel-plugin-react-compiler cache-miss
30 http fetch GET 200 https://registry.npmjs.org/babel-plugin-react-compiler 248ms (cache miss)
31 silly packumentCache full:https://registry.npmjs.org/babel-plugin-react-compiler set size:undefined disposed:false
32 silly fetch manifest react@19.2.3
33 silly packumentCache full:https://registry.npmjs.org/react cache-miss
34 http fetch GET 200 https://registry.npmjs.org/react 728ms (cache miss)
35 silly packumentCache full:https://registry.npmjs.org/react set size:undefined disposed:false
36 silly fetch manifest react-dom@19.2.3
37 silly packumentCache full:https://registry.npmjs.org/react-dom cache-miss
38 http fetch GET 200 https://registry.npmjs.org/react-dom 1298ms (cache miss)
39 silly packumentCache full:https://registry.npmjs.org/react-dom set size:undefined disposed:false
40 silly fetch manifest sass@^1.3.0
41 silly packumentCache full:https://registry.npmjs.org/sass cache-miss
42 http fetch GET 200 https://registry.npmjs.org/sass 228ms (cache miss)
43 silly packumentCache full:https://registry.npmjs.org/sass set size:undefined disposed:false
44 silly fetch manifest @types/node@^20
45 silly packumentCache full:https://registry.npmjs.org/@types%2fnode cache-miss
46 http fetch GET 200 https://registry.npmjs.org/@types%2fnode 1101ms (cache miss)
47 silly packumentCache full:https://registry.npmjs.org/@types%2fnode set size:undefined disposed:false
48 silly fetch manifest @types/react@^19
49 silly packumentCache full:https://registry.npmjs.org/@types%2freact cache-miss
50 http fetch GET 200 https://registry.npmjs.org/@types%2freact 435ms (cache miss)
51 silly packumentCache full:https://registry.npmjs.org/@types%2freact set size:undefined disposed:false
52 silly fetch manifest @types/react-dom@^19
53 silly packumentCache full:https://registry.npmjs.org/@types%2freact-dom cache-miss
54 http fetch GET 200 https://registry.npmjs.org/@types%2freact-dom 247ms (cache miss)
55 silly packumentCache full:https://registry.npmjs.org/@types%2freact-dom set size:undefined disposed:false
56 silly fetch manifest eslint@^9
57 silly packumentCache full:https://registry.npmjs.org/eslint cache-miss
58 http fetch GET 200 https://registry.npmjs.org/eslint 284ms (cache miss)
59 silly packumentCache full:https://registry.npmjs.org/eslint set size:undefined disposed:false
60 silly fetch manifest jiti@*
61 silly packumentCache full:https://registry.npmjs.org/jiti cache-miss
62 http fetch GET 200 https://registry.npmjs.org/jiti 308ms (cache miss)
63 silly packumentCache full:https://registry.npmjs.org/jiti set size:undefined disposed:false
64 silly fetch manifest eslint-config-next@16.1.2
65 silly packumentCache full:https://registry.npmjs.org/eslint-config-next cache-miss
66 http fetch GET 200 https://registry.npmjs.org/eslint-config-next 789ms (cache miss)
67 silly packumentCache full:https://registry.npmjs.org/eslint-config-next set size:undefined disposed:false
68 silly fetch manifest typescript@^5
69 silly packumentCache full:https://registry.npmjs.org/typescript cache-miss
70 http fetch GET 200 https://registry.npmjs.org/typescript 1642ms (cache miss)
71 silly packumentCache full:https://registry.npmjs.org/typescript set size:undefined disposed:false
72 silly placeDep ROOT @types/node@20.19.30 OK for: web@0.1.0 want: ^20
73 silly placeDep ROOT @types/react@19.2.8 OK for: web@0.1.0 want: ^19
74 silly placeDep ROOT @types/react-dom@19.2.3 OK for: web@0.1.0 want: ^19
75 silly placeDep ROOT eslint@9.39.2 OK for: web@0.1.0 want: ^9
76 silly placeDep ROOT eslint-config-next@16.1.2 OK for: web@0.1.0 want: 16.1.2
77 silly placeDep ROOT next@16.1.2 OK for: web@0.1.0 want: 16.1.2
78 silly placeDep ROOT react@19.2.3 OK for: next@16.1.2 want: ^18.2.0 || 19.0.0-rc-de68d2f4-20241204 || ^19.0.0
79 silly placeDep ROOT react-dom@19.2.3 OK for: next@16.1.2 want: ^18.2.0 || 19.0.0-rc-de68d2f4-20241204 || ^19.0.0
80 silly placeDep ROOT typescript@5.9.3 OK for: web@0.1.0 want: ^5
81 silly fetch manifest undici-types@~6.21.0
82 silly packumentCache full:https://registry.npmjs.org/undici-types cache-miss
83 http fetch GET 200 https://registry.npmjs.org/undici-types 250ms (cache miss)
84 silly packumentCache full:https://registry.npmjs.org/undici-types set size:undefined disposed:false
85 silly fetch manifest csstype@^3.2.2
86 silly packumentCache full:https://registry.npmjs.org/csstype cache-miss
87 http fetch GET 200 https://registry.npmjs.org/csstype 199ms (cache miss)
88 silly packumentCache full:https://registry.npmjs.org/csstype set size:undefined disposed:false
89 silly fetch manifest ajv@^6.12.4
90 silly packumentCache full:https://registry.npmjs.org/ajv cache-miss
91 http fetch GET 200 https://registry.npmjs.org/ajv 258ms (cache miss)
92 silly packumentCache full:https://registry.npmjs.org/ajv set size:undefined disposed:false
93 silly fetch manifest chalk@^4.0.0
94 silly packumentCache full:https://registry.npmjs.org/chalk cache-miss
95 http fetch GET 200 https://registry.npmjs.org/chalk 151ms (cache miss)
96 silly packumentCache full:https://registry.npmjs.org/chalk set size:undefined disposed:false
97 silly fetch manifest debug@^4.3.2
98 silly packumentCache full:https://registry.npmjs.org/debug cache-miss
99 http fetch GET 200 https://registry.npmjs.org/debug 194ms (cache miss)
100 silly packumentCache full:https://registry.npmjs.org/debug set size:undefined disposed:false
101 silly fetch manifest espree@^10.4.0
102 silly packumentCache full:https://registry.npmjs.org/espree cache-miss
103 http fetch GET 200 https://registry.npmjs.org/espree 176ms (cache miss)
104 silly packumentCache full:https://registry.npmjs.org/espree set size:undefined disposed:false
105 silly fetch manifest ignore@^5.2.0
106 silly packumentCache full:https://registry.npmjs.org/ignore cache-miss
107 http fetch GET 200 https://registry.npmjs.org/ignore 204ms (cache miss)
108 silly packumentCache full:https://registry.npmjs.org/ignore set size:undefined disposed:false
109 silly fetch manifest esquery@^1.5.0
110 silly packumentCache full:https://registry.npmjs.org/esquery cache-miss
111 http fetch GET 200 https://registry.npmjs.org/esquery 195ms (cache miss)
112 silly packumentCache full:https://registry.npmjs.org/esquery set size:undefined disposed:false
113 silly fetch manifest esutils@^2.0.2
114 silly packumentCache full:https://registry.npmjs.org/esutils cache-miss
115 http fetch GET 200 https://registry.npmjs.org/esutils 217ms (cache miss)
116 silly packumentCache full:https://registry.npmjs.org/esutils set size:undefined disposed:false
117 silly fetch manifest find-up@^5.0.0
118 silly packumentCache full:https://registry.npmjs.org/find-up cache-miss
119 http fetch GET 200 https://registry.npmjs.org/find-up 234ms (cache miss)
120 silly packumentCache full:https://registry.npmjs.org/find-up set size:undefined disposed:false
121 silly fetch manifest is-glob@^4.0.0
122 silly packumentCache full:https://registry.npmjs.org/is-glob cache-miss
123 http fetch GET 200 https://registry.npmjs.org/is-glob 204ms (cache miss)
124 silly packumentCache full:https://registry.npmjs.org/is-glob set size:undefined disposed:false
125 silly fetch manifest minimatch@^3.1.2
126 silly packumentCache full:https://registry.npmjs.org/minimatch cache-miss
127 http fetch GET 200 https://registry.npmjs.org/minimatch 269ms (cache miss)
128 silly packumentCache full:https://registry.npmjs.org/minimatch set size:undefined disposed:false
129 silly fetch manifest @eslint/js@9.39.2
130 silly packumentCache full:https://registry.npmjs.org/@eslint%2fjs cache-miss
131 http fetch GET 200 https://registry.npmjs.org/@eslint%2fjs 237ms (cache miss)
132 silly packumentCache full:https://registry.npmjs.org/@eslint%2fjs set size:undefined disposed:false
133 silly fetch manifest optionator@^0.9.3
134 silly packumentCache full:https://registry.npmjs.org/optionator cache-miss
135 http fetch GET 200 https://registry.npmjs.org/optionator 163ms (cache miss)
136 silly packumentCache full:https://registry.npmjs.org/optionator set size:undefined disposed:false
137 silly fetch manifest cross-spawn@^7.0.6
138 silly packumentCache full:https://registry.npmjs.org/cross-spawn cache-miss
139 http fetch GET 200 https://registry.npmjs.org/cross-spawn 186ms (cache miss)
140 silly packumentCache full:https://registry.npmjs.org/cross-spawn set size:undefined disposed:false
141 silly fetch manifest glob-parent@^6.0.2
142 silly packumentCache full:https://registry.npmjs.org/glob-parent cache-miss
143 http fetch GET 200 https://registry.npmjs.org/glob-parent 167ms (cache miss)
144 silly packumentCache full:https://registry.npmjs.org/glob-parent set size:undefined disposed:false
145 silly fetch manifest imurmurhash@^0.1.4
146 silly packumentCache full:https://registry.npmjs.org/imurmurhash cache-miss
147 http fetch GET 200 https://registry.npmjs.org/imurmurhash 187ms (cache miss)
148 silly packumentCache full:https://registry.npmjs.org/imurmurhash set size:undefined disposed:false
149 silly fetch manifest @eslint/core@^0.17.0
150 silly packumentCache full:https://registry.npmjs.org/@eslint%2fcore cache-miss
151 http fetch GET 200 https://registry.npmjs.org/@eslint%2fcore 205ms (cache miss)
152 silly packumentCache full:https://registry.npmjs.org/@eslint%2fcore set size:undefined disposed:false
153 silly fetch manifest eslint-scope@^8.4.0
154 silly packumentCache full:https://registry.npmjs.org/eslint-scope cache-miss
155 http fetch GET 200 https://registry.npmjs.org/eslint-scope 165ms (cache miss)
156 silly packumentCache full:https://registry.npmjs.org/eslint-scope set size:undefined disposed:false
157 silly fetch manifest lodash.merge@^4.6.2
158 silly packumentCache full:https://registry.npmjs.org/lodash.merge cache-miss
159 http fetch GET 200 https://registry.npmjs.org/lodash.merge 226ms (cache miss)
160 silly packumentCache full:https://registry.npmjs.org/lodash.merge set size:undefined disposed:false
161 silly fetch manifest @humanfs/node@^0.16.6
162 silly packumentCache full:https://registry.npmjs.org/@humanfs%2fnode cache-miss
163 http fetch GET 200 https://registry.npmjs.org/@humanfs%2fnode 172ms (cache miss)
164 silly packumentCache full:https://registry.npmjs.org/@humanfs%2fnode set size:undefined disposed:false
165 silly fetch manifest @types/estree@^1.0.6
166 silly packumentCache full:https://registry.npmjs.org/@types%2festree cache-miss
167 http fetch GET 200 https://registry.npmjs.org/@types%2festree 169ms (cache miss)
168 silly packumentCache full:https://registry.npmjs.org/@types%2festree set size:undefined disposed:false
169 silly fetch manifest fast-deep-equal@^3.1.3
170 silly packumentCache full:https://registry.npmjs.org/fast-deep-equal cache-miss
171 http fetch GET 200 https://registry.npmjs.org/fast-deep-equal 251ms (cache miss)
172 silly packumentCache full:https://registry.npmjs.org/fast-deep-equal set size:undefined disposed:false
173 silly fetch manifest natural-compare@^1.4.0
174 silly packumentCache full:https://registry.npmjs.org/natural-compare cache-miss
175 http fetch GET 200 https://registry.npmjs.org/natural-compare 217ms (cache miss)
176 silly packumentCache full:https://registry.npmjs.org/natural-compare set size:undefined disposed:false
177 silly fetch manifest @eslint/eslintrc@^3.3.1
178 silly packumentCache full:https://registry.npmjs.org/@eslint%2feslintrc cache-miss
179 http fetch GET 200 https://registry.npmjs.org/@eslint%2feslintrc 232ms (cache miss)
180 silly packumentCache full:https://registry.npmjs.org/@eslint%2feslintrc set size:undefined disposed:false
181 silly fetch manifest file-entry-cache@^8.0.0
182 silly packumentCache full:https://registry.npmjs.org/file-entry-cache cache-miss
183 http fetch GET 200 https://registry.npmjs.org/file-entry-cache 218ms (cache miss)
184 silly packumentCache full:https://registry.npmjs.org/file-entry-cache set size:undefined disposed:false
185 silly fetch manifest @eslint/plugin-kit@^0.4.1
186 silly packumentCache full:https://registry.npmjs.org/@eslint%2fplugin-kit cache-miss
187 http fetch GET 200 https://registry.npmjs.org/@eslint%2fplugin-kit 192ms (cache miss)
188 silly packumentCache full:https://registry.npmjs.org/@eslint%2fplugin-kit set size:undefined disposed:false
189 silly fetch manifest eslint-visitor-keys@^4.2.1
190 silly packumentCache full:https://registry.npmjs.org/eslint-visitor-keys cache-miss
191 http fetch GET 200 https://registry.npmjs.org/eslint-visitor-keys 172ms (cache miss)
192 silly packumentCache full:https://registry.npmjs.org/eslint-visitor-keys set size:undefined disposed:false
193 silly fetch manifest @eslint/config-array@^0.21.1
194 silly packumentCache full:https://registry.npmjs.org/@eslint%2fconfig-array cache-miss
195 http fetch GET 200 https://registry.npmjs.org/@eslint%2fconfig-array 183ms (cache miss)
196 silly packumentCache full:https://registry.npmjs.org/@eslint%2fconfig-array set size:undefined disposed:false
197 silly fetch manifest @humanwhocodes/retry@^0.4.2
198 silly packumentCache full:https://registry.npmjs.org/@humanwhocodes%2fretry cache-miss
199 http fetch GET 200 https://registry.npmjs.org/@humanwhocodes%2fretry 176ms (cache miss)
200 silly packumentCache full:https://registry.npmjs.org/@humanwhocodes%2fretry set size:undefined disposed:false
201 silly fetch manifest escape-string-regexp@^4.0.0
202 silly packumentCache full:https://registry.npmjs.org/escape-string-regexp cache-miss
203 http fetch GET 200 https://registry.npmjs.org/escape-string-regexp 232ms (cache miss)
204 silly packumentCache full:https://registry.npmjs.org/escape-string-regexp set size:undefined disposed:false
205 silly fetch manifest @eslint/config-helpers@^0.4.2
206 silly packumentCache full:https://registry.npmjs.org/@eslint%2fconfig-helpers cache-miss
207 http fetch GET 200 https://registry.npmjs.org/@eslint%2fconfig-helpers 174ms (cache miss)
208 silly packumentCache full:https://registry.npmjs.org/@eslint%2fconfig-helpers set size:undefined disposed:false
209 silly fetch manifest @eslint-community/regexpp@^4.12.1
210 silly packumentCache full:https://registry.npmjs.org/@eslint-community%2fregexpp cache-miss
211 http fetch GET 200 https://registry.npmjs.org/@eslint-community%2fregexpp 192ms (cache miss)
212 silly packumentCache full:https://registry.npmjs.org/@eslint-community%2fregexpp set size:undefined disposed:false
213 silly fetch manifest @eslint-community/eslint-utils@^4.8.0
214 silly packumentCache full:https://registry.npmjs.org/@eslint-community%2feslint-utils cache-miss
215 http fetch GET 200 https://registry.npmjs.org/@eslint-community%2feslint-utils 231ms (cache miss)
216 silly packumentCache full:https://registry.npmjs.org/@eslint-community%2feslint-utils set size:undefined disposed:false
217 silly fetch manifest @humanwhocodes/module-importer@^1.0.1
218 silly packumentCache full:https://registry.npmjs.org/@humanwhocodes%2fmodule-importer cache-miss
219 http fetch GET 200 https://registry.npmjs.org/@humanwhocodes%2fmodule-importer 149ms (cache miss)
220 silly packumentCache full:https://registry.npmjs.org/@humanwhocodes%2fmodule-importer set size:undefined disposed:false
221 silly fetch manifest json-stable-stringify-without-jsonify@^1.0.1
222 silly packumentCache full:https://registry.npmjs.org/json-stable-stringify-without-jsonify cache-miss
223 http fetch GET 200 https://registry.npmjs.org/json-stable-stringify-without-jsonify 138ms (cache miss)
224 silly packumentCache full:https://registry.npmjs.org/json-stable-stringify-without-jsonify set size:undefined disposed:false
225 silly fetch manifest globals@16.4.0
226 silly packumentCache full:https://registry.npmjs.org/globals cache-miss
227 http fetch GET 200 https://registry.npmjs.org/globals 182ms (cache miss)
228 silly packumentCache full:https://registry.npmjs.org/globals set size:undefined disposed:false
229 silly fetch manifest typescript-eslint@^8.46.0
230 silly packumentCache full:https://registry.npmjs.org/typescript-eslint cache-miss
231 http fetch GET 200 https://registry.npmjs.org/typescript-eslint 374ms (cache miss)
232 silly packumentCache full:https://registry.npmjs.org/typescript-eslint set size:undefined disposed:false
233 silly fetch manifest eslint-plugin-react@^7.37.0
234 silly packumentCache full:https://registry.npmjs.org/eslint-plugin-react cache-miss
235 http fetch GET 200 https://registry.npmjs.org/eslint-plugin-react 190ms (cache miss)
236 silly packumentCache full:https://registry.npmjs.org/eslint-plugin-react set size:undefined disposed:false
237 silly fetch manifest eslint-plugin-import@^2.32.0
238 silly packumentCache full:https://registry.npmjs.org/eslint-plugin-import cache-miss
239 http fetch GET 200 https://registry.npmjs.org/eslint-plugin-import 484ms (cache miss)
240 silly packumentCache full:https://registry.npmjs.org/eslint-plugin-import set size:undefined disposed:false
241 silly fetch manifest eslint-plugin-jsx-a11y@^6.10.0
242 silly packumentCache full:https://registry.npmjs.org/eslint-plugin-jsx-a11y cache-miss
243 http fetch GET 200 https://registry.npmjs.org/eslint-plugin-jsx-a11y 194ms (cache miss)
244 silly packumentCache full:https://registry.npmjs.org/eslint-plugin-jsx-a11y set size:undefined disposed:false
245 silly fetch manifest @next/eslint-plugin-next@16.1.2
246 silly packumentCache full:https://registry.npmjs.org/@next%2feslint-plugin-next cache-miss
247 http fetch GET 200 https://registry.npmjs.org/@next%2feslint-plugin-next 917ms (cache miss)
248 silly packumentCache full:https://registry.npmjs.org/@next%2feslint-plugin-next set size:undefined disposed:false
249 silly fetch manifest eslint-plugin-react-hooks@^7.0.0
250 silly packumentCache full:https://registry.npmjs.org/eslint-plugin-react-hooks cache-miss
251 http fetch GET 200 https://registry.npmjs.org/eslint-plugin-react-hooks 761ms (cache miss)
252 silly packumentCache full:https://registry.npmjs.org/eslint-plugin-react-hooks set size:undefined disposed:false
253 silly fetch manifest eslint-import-resolver-node@^0.3.6
254 silly packumentCache full:https://registry.npmjs.org/eslint-import-resolver-node cache-miss
255 http fetch GET 200 https://registry.npmjs.org/eslint-import-resolver-node 165ms (cache miss)
256 silly packumentCache full:https://registry.npmjs.org/eslint-import-resolver-node set size:undefined disposed:false
257 silly fetch manifest eslint-import-resolver-typescript@^3.5.2
258 silly packumentCache full:https://registry.npmjs.org/eslint-import-resolver-typescript cache-miss
259 http fetch GET 200 https://registry.npmjs.org/eslint-import-resolver-typescript 234ms (cache miss)
260 silly packumentCache full:https://registry.npmjs.org/eslint-import-resolver-typescript set size:undefined disposed:false
261 silly fetch manifest postcss@8.4.31
262 silly packumentCache full:https://registry.npmjs.org/postcss cache-miss
263 http fetch GET 200 https://registry.npmjs.org/postcss 244ms (cache miss)
264 silly packumentCache full:https://registry.npmjs.org/postcss set size:undefined disposed:false
265 silly fetch manifest @next/env@16.1.2
266 silly packumentCache full:https://registry.npmjs.org/@next%2fenv cache-miss
267 http fetch GET 200 https://registry.npmjs.org/@next%2fenv 852ms (cache miss)
268 silly packumentCache full:https://registry.npmjs.org/@next%2fenv set size:undefined disposed:false
269 silly fetch manifest styled-jsx@5.1.6
270 silly packumentCache full:https://registry.npmjs.org/styled-jsx cache-miss
271 http fetch GET 200 https://registry.npmjs.org/styled-jsx 212ms (cache miss)
272 silly packumentCache full:https://registry.npmjs.org/styled-jsx set size:undefined disposed:false
273 silly fetch manifest @swc/helpers@0.5.15
274 silly packumentCache full:https://registry.npmjs.org/@swc%2fhelpers cache-miss
275 http fetch GET 200 https://registry.npmjs.org/@swc%2fhelpers 326ms (cache miss)
276 silly packumentCache full:https://registry.npmjs.org/@swc%2fhelpers set size:undefined disposed:false
277 silly fetch manifest caniuse-lite@^1.0.30001579
278 silly packumentCache full:https://registry.npmjs.org/caniuse-lite cache-miss
279 http fetch GET 200 https://registry.npmjs.org/caniuse-lite 391ms (cache miss)
280 silly packumentCache full:https://registry.npmjs.org/caniuse-lite set size:undefined disposed:false
281 silly fetch manifest baseline-browser-mapping@^2.8.3
282 silly packumentCache full:https://registry.npmjs.org/baseline-browser-mapping cache-miss
283 http fetch GET 200 https://registry.npmjs.org/baseline-browser-mapping 301ms (cache miss)
284 silly packumentCache full:https://registry.npmjs.org/baseline-browser-mapping set size:undefined disposed:false
285 silly fetch manifest sharp@^0.34.4
286 silly packumentCache full:https://registry.npmjs.org/sharp cache-miss
287 http fetch GET 200 https://registry.npmjs.org/sharp 363ms (cache miss)
288 silly packumentCache full:https://registry.npmjs.org/sharp set size:undefined disposed:false
289 silly fetch manifest @next/swc-darwin-x64@16.1.2
290 silly packumentCache full:https://registry.npmjs.org/@next%2fswc-darwin-x64 cache-miss
291 http fetch GET 200 https://registry.npmjs.org/@next%2fswc-darwin-x64 835ms (cache miss)
292 silly packumentCache full:https://registry.npmjs.org/@next%2fswc-darwin-x64 set size:undefined disposed:false
293 silly fetch manifest @next/swc-darwin-arm64@16.1.2
294 silly packumentCache full:https://registry.npmjs.org/@next%2fswc-darwin-arm64 cache-miss
295 http fetch GET 200 https://registry.npmjs.org/@next%2fswc-darwin-arm64 828ms (cache miss)
296 silly packumentCache full:https://registry.npmjs.org/@next%2fswc-darwin-arm64 set size:undefined disposed:false
297 silly fetch manifest @next/swc-linux-x64-gnu@16.1.2
298 silly packumentCache full:https://registry.npmjs.org/@next%2fswc-linux-x64-gnu cache-miss
299 http fetch GET 200 https://registry.npmjs.org/@next%2fswc-linux-x64-gnu 964ms (cache miss)
300 silly packumentCache full:https://registry.npmjs.org/@next%2fswc-linux-x64-gnu set size:undefined disposed:false
301 silly fetch manifest @next/swc-linux-x64-musl@16.1.2
302 silly packumentCache full:https://registry.npmjs.org/@next%2fswc-linux-x64-musl cache-miss
303 http fetch GET 200 https://registry.npmjs.org/@next%2fswc-linux-x64-musl 668ms (cache miss)
304 silly packumentCache full:https://registry.npmjs.org/@next%2fswc-linux-x64-musl set size:undefined disposed:false
305 silly fetch manifest @next/swc-win32-x64-msvc@16.1.2
306 silly packumentCache full:https://registry.npmjs.org/@next%2fswc-win32-x64-msvc cache-miss
307 http fetch GET 200 https://registry.npmjs.org/@next%2fswc-win32-x64-msvc 552ms (cache miss)
308 silly packumentCache full:https://registry.npmjs.org/@next%2fswc-win32-x64-msvc set size:undefined disposed:false
309 silly fetch manifest @next/swc-linux-arm64-gnu@16.1.2
310 silly packumentCache full:https://registry.npmjs.org/@next%2fswc-linux-arm64-gnu cache-miss
311 http fetch GET 200 https://registry.npmjs.org/@next%2fswc-linux-arm64-gnu 887ms (cache miss)
312 silly packumentCache full:https://registry.npmjs.org/@next%2fswc-linux-arm64-gnu set size:undefined disposed:false
313 silly fetch manifest @next/swc-linux-arm64-musl@16.1.2
314 silly packumentCache full:https://registry.npmjs.org/@next%2fswc-linux-arm64-musl cache-miss
315 http fetch GET 200 https://registry.npmjs.org/@next%2fswc-linux-arm64-musl 781ms (cache miss)
316 silly packumentCache full:https://registry.npmjs.org/@next%2fswc-linux-arm64-musl set size:undefined disposed:false
317 silly fetch manifest @next/swc-win32-arm64-msvc@16.1.2
318 silly packumentCache full:https://registry.npmjs.org/@next%2fswc-win32-arm64-msvc cache-miss
319 http fetch GET 200 https://registry.npmjs.org/@next%2fswc-win32-arm64-msvc 709ms (cache miss)
320 silly packumentCache full:https://registry.npmjs.org/@next%2fswc-win32-arm64-msvc set size:undefined disposed:false
321 silly fetch manifest scheduler@^0.27.0
322 silly packumentCache full:https://registry.npmjs.org/scheduler cache-miss
323 http fetch GET 200 https://registry.npmjs.org/scheduler 827ms (cache miss)
324 silly packumentCache full:https://registry.npmjs.org/scheduler set size:undefined disposed:false
325 silly placeDep ROOT undici-types@6.21.0 OK for: @types/node@20.19.30 want: ~6.21.0
326 silly placeDep ROOT csstype@3.2.3 OK for: @types/react@19.2.8 want: ^3.2.2
327 silly fetch manifest eslint@^6.0.0 || ^7.0.0 || >=8.0.0
328 silly packumentCache full:https://registry.npmjs.org/eslint cache-miss
329 http fetch GET 200 https://registry.npmjs.org/eslint 127ms (cache hit)
330 silly packumentCache full:https://registry.npmjs.org/eslint set size:1886875 disposed:false
331 silly placeDep ROOT @eslint-community/eslint-utils@4.9.1 OK for: eslint@9.39.2 want: ^4.8.0
332 silly placeDep ROOT @eslint-community/regexpp@4.12.2 OK for: eslint@9.39.2 want: ^4.12.1
333 silly placeDep ROOT @eslint/config-array@0.21.1 OK for: eslint@9.39.2 want: ^0.21.1
334 silly placeDep ROOT @eslint/config-helpers@0.4.2 OK for: eslint@9.39.2 want: ^0.4.2
335 silly placeDep ROOT @eslint/core@0.17.0 OK for: eslint@9.39.2 want: ^0.17.0
336 silly placeDep ROOT @eslint/eslintrc@3.3.3 OK for: eslint@9.39.2 want: ^3.3.1
337 silly placeDep ROOT @eslint/js@9.39.2 OK for: eslint@9.39.2 want: 9.39.2
338 silly placeDep ROOT @eslint/plugin-kit@0.4.1 OK for: eslint@9.39.2 want: ^0.4.1
339 silly placeDep ROOT @humanfs/node@0.16.7 OK for: eslint@9.39.2 want: ^0.16.6
340 silly placeDep ROOT @humanwhocodes/module-importer@1.0.1 OK for: eslint@9.39.2 want: ^1.0.1
341 silly placeDep ROOT @humanwhocodes/retry@0.4.3 OK for: eslint@9.39.2 want: ^0.4.2
342 silly placeDep ROOT @types/estree@1.0.8 OK for: eslint@9.39.2 want: ^1.0.6
343 silly placeDep ROOT ajv@6.12.6 OK for: eslint@9.39.2 want: ^6.12.4
344 silly placeDep ROOT chalk@4.1.2 OK for: eslint@9.39.2 want: ^4.0.0
345 silly placeDep ROOT cross-spawn@7.0.6 OK for: eslint@9.39.2 want: ^7.0.6
346 silly placeDep ROOT debug@4.4.3 OK for: eslint@9.39.2 want: ^4.3.2
347 silly placeDep ROOT escape-string-regexp@4.0.0 OK for: eslint@9.39.2 want: ^4.0.0
348 silly placeDep ROOT eslint-scope@8.4.0 OK for: eslint@9.39.2 want: ^8.4.0
349 silly placeDep ROOT eslint-visitor-keys@4.2.1 OK for: eslint@9.39.2 want: ^4.2.1
350 silly placeDep ROOT espree@10.4.0 OK for: eslint@9.39.2 want: ^10.4.0
351 silly placeDep ROOT esquery@1.7.0 OK for: eslint@9.39.2 want: ^1.5.0
352 silly placeDep ROOT esutils@2.0.3 OK for: eslint@9.39.2 want: ^2.0.2
353 silly placeDep ROOT fast-deep-equal@3.1.3 OK for: eslint@9.39.2 want: ^3.1.3
354 silly placeDep ROOT file-entry-cache@8.0.0 OK for: eslint@9.39.2 want: ^8.0.0
355 silly placeDep ROOT find-up@5.0.0 OK for: eslint@9.39.2 want: ^5.0.0
356 silly placeDep ROOT glob-parent@6.0.2 OK for: eslint@9.39.2 want: ^6.0.2
357 silly placeDep ROOT ignore@5.3.2 OK for: eslint@9.39.2 want: ^5.2.0
358 silly placeDep ROOT imurmurhash@0.1.4 OK for: eslint@9.39.2 want: ^0.1.4
359 silly placeDep ROOT is-glob@4.0.3 OK for: eslint@9.39.2 want: ^4.0.0
360 silly placeDep ROOT json-stable-stringify-without-jsonify@1.0.1 OK for: eslint@9.39.2 want: ^1.0.1
361 silly placeDep ROOT lodash.merge@4.6.2 OK for: eslint@9.39.2 want: ^4.6.2
362 silly placeDep ROOT minimatch@3.1.2 OK for: eslint@9.39.2 want: ^3.1.2
363 silly placeDep ROOT natural-compare@1.4.0 OK for: eslint@9.39.2 want: ^1.4.0
364 silly placeDep ROOT optionator@0.9.4 OK for: eslint@9.39.2 want: ^0.9.3
365 silly fetch manifest eslint-visitor-keys@^3.4.3
366 silly packumentCache full:https://registry.npmjs.org/eslint-visitor-keys cache-miss
367 http fetch GET 200 https://registry.npmjs.org/eslint-visitor-keys 103ms (cache hit)
368 silly packumentCache full:https://registry.npmjs.org/eslint-visitor-keys set size:67352 disposed:false
369 silly fetch manifest debug@^4.3.1
370 silly packumentCache full:https://registry.npmjs.org/debug cache-miss
371 http fetch GET 200 https://registry.npmjs.org/debug 160ms (cache hit)
372 silly packumentCache full:https://registry.npmjs.org/debug set size:195840 disposed:false
373 silly fetch manifest @eslint/object-schema@^2.1.7
374 silly packumentCache full:https://registry.npmjs.org/@eslint%2fobject-schema cache-miss
375 http fetch GET 200 https://registry.npmjs.org/@eslint%2fobject-schema 257ms (cache miss)
376 silly packumentCache full:https://registry.npmjs.org/@eslint%2fobject-schema set size:undefined disposed:false
377 silly fetch manifest @types/json-schema@^7.0.15
378 silly packumentCache full:https://registry.npmjs.org/@types%2fjson-schema cache-miss
379 http fetch GET 200 https://registry.npmjs.org/@types%2fjson-schema 231ms (cache miss)
380 silly packumentCache full:https://registry.npmjs.org/@types%2fjson-schema set size:undefined disposed:false
381 silly fetch manifest espree@^10.0.1
382 silly packumentCache full:https://registry.npmjs.org/espree cache-miss
383 http fetch GET 200 https://registry.npmjs.org/espree 89ms (cache hit)
384 silly packumentCache full:https://registry.npmjs.org/espree set size:317497 disposed:false
385 silly fetch manifest globals@^14.0.0
386 silly packumentCache full:https://registry.npmjs.org/globals cache-miss
387 http fetch GET 200 https://registry.npmjs.org/globals 177ms (cache hit)
388 silly packumentCache full:https://registry.npmjs.org/globals set size:293859 disposed:false
389 silly fetch manifest import-fresh@^3.2.1
390 silly packumentCache full:https://registry.npmjs.org/import-fresh cache-miss
391 http fetch GET 200 https://registry.npmjs.org/import-fresh 198ms (cache miss)
392 silly packumentCache full:https://registry.npmjs.org/import-fresh set size:undefined disposed:false
393 silly fetch manifest js-yaml@^4.1.1
394 silly packumentCache full:https://registry.npmjs.org/js-yaml cache-miss
395 http fetch GET 200 https://registry.npmjs.org/js-yaml 161ms (cache miss)
396 silly packumentCache full:https://registry.npmjs.org/js-yaml set size:undefined disposed:false
397 silly fetch manifest strip-json-comments@^3.1.1
398 silly packumentCache full:https://registry.npmjs.org/strip-json-comments cache-miss
399 http fetch GET 200 https://registry.npmjs.org/strip-json-comments 180ms (cache miss)
400 silly packumentCache full:https://registry.npmjs.org/strip-json-comments set size:undefined disposed:false
401 silly fetch manifest levn@^0.4.1
402 silly packumentCache full:https://registry.npmjs.org/levn cache-miss
403 http fetch GET 200 https://registry.npmjs.org/levn 228ms (cache miss)
404 silly packumentCache full:https://registry.npmjs.org/levn set size:undefined disposed:false
405 silly fetch manifest @humanwhocodes/retry@^0.4.0
406 silly packumentCache full:https://registry.npmjs.org/@humanwhocodes%2fretry cache-miss
407 http fetch GET 200 https://registry.npmjs.org/@humanwhocodes%2fretry 103ms (cache hit)
408 silly packumentCache full:https://registry.npmjs.org/@humanwhocodes%2fretry set size:42348 disposed:false
409 silly fetch manifest @humanfs/core@^0.19.1
410 silly packumentCache full:https://registry.npmjs.org/@humanfs%2fcore cache-miss
411 http fetch GET 200 https://registry.npmjs.org/@humanfs%2fcore 1443ms (cache miss)
412 silly packumentCache full:https://registry.npmjs.org/@humanfs%2fcore set size:undefined disposed:false
413 silly fetch manifest uri-js@^4.2.2
414 silly packumentCache full:https://registry.npmjs.org/uri-js cache-miss
415 http fetch GET 200 https://registry.npmjs.org/uri-js 218ms (cache miss)
416 silly packumentCache full:https://registry.npmjs.org/uri-js set size:undefined disposed:false
417 silly fetch manifest fast-deep-equal@^3.1.1
418 silly packumentCache full:https://registry.npmjs.org/fast-deep-equal cache-miss
419 http fetch GET 200 https://registry.npmjs.org/fast-deep-equal 171ms (cache hit)
420 silly packumentCache full:https://registry.npmjs.org/fast-deep-equal set size:48634 disposed:false
421 silly fetch manifest json-schema-traverse@^0.4.1
422 silly packumentCache full:https://registry.npmjs.org/json-schema-traverse cache-miss
423 http fetch GET 200 https://registry.npmjs.org/json-schema-traverse 222ms (cache miss)
424 silly packumentCache full:https://registry.npmjs.org/json-schema-traverse set size:undefined disposed:false
425 silly fetch manifest fast-json-stable-stringify@^2.0.0
426 silly packumentCache full:https://registry.npmjs.org/fast-json-stable-stringify cache-miss
427 http fetch GET 200 https://registry.npmjs.org/fast-json-stable-stringify 376ms (cache miss)
428 silly packumentCache full:https://registry.npmjs.org/fast-json-stable-stringify set size:undefined disposed:false
429 silly fetch manifest ansi-styles@^4.1.0
430 silly packumentCache full:https://registry.npmjs.org/ansi-styles cache-miss
431 http fetch GET 200 https://registry.npmjs.org/ansi-styles 245ms (cache miss)
432 silly packumentCache full:https://registry.npmjs.org/ansi-styles set size:undefined disposed:false
433 silly fetch manifest supports-color@^7.1.0
434 silly packumentCache full:https://registry.npmjs.org/supports-color cache-miss
435 http fetch GET 200 https://registry.npmjs.org/supports-color 217ms (cache miss)
436 silly packumentCache full:https://registry.npmjs.org/supports-color set size:undefined disposed:false
437 silly fetch manifest which@^2.0.1
438 silly packumentCache full:https://registry.npmjs.org/which cache-miss
439 http fetch GET 200 https://registry.npmjs.org/which 228ms (cache miss)
440 silly packumentCache full:https://registry.npmjs.org/which set size:undefined disposed:false
441 silly fetch manifest path-key@^3.1.0
442 silly packumentCache full:https://registry.npmjs.org/path-key cache-miss
443 http fetch GET 200 https://registry.npmjs.org/path-key 149ms (cache miss)
444 silly packumentCache full:https://registry.npmjs.org/path-key set size:undefined disposed:false
445 silly fetch manifest shebang-command@^2.0.0
446 silly packumentCache full:https://registry.npmjs.org/shebang-command cache-miss
447 http fetch GET 200 https://registry.npmjs.org/shebang-command 173ms (cache miss)
448 silly packumentCache full:https://registry.npmjs.org/shebang-command set size:undefined disposed:false
449 silly fetch manifest ms@^2.1.3
450 silly packumentCache full:https://registry.npmjs.org/ms cache-miss
451 http fetch GET 200 https://registry.npmjs.org/ms 163ms (cache miss)
452 silly packumentCache full:https://registry.npmjs.org/ms set size:undefined disposed:false
453 silly fetch manifest esrecurse@^4.3.0
454 silly packumentCache full:https://registry.npmjs.org/esrecurse cache-miss
455 http fetch GET 200 https://registry.npmjs.org/esrecurse 227ms (cache miss)
456 silly packumentCache full:https://registry.npmjs.org/esrecurse set size:undefined disposed:false
457 silly fetch manifest estraverse@^5.2.0
458 silly packumentCache full:https://registry.npmjs.org/estraverse cache-miss
459 http fetch GET 200 https://registry.npmjs.org/estraverse 161ms (cache miss)
460 silly packumentCache full:https://registry.npmjs.org/estraverse set size:undefined disposed:false
461 silly fetch manifest acorn@^8.15.0
462 silly packumentCache full:https://registry.npmjs.org/acorn cache-miss
463 http fetch GET 200 https://registry.npmjs.org/acorn 233ms (cache miss)
464 silly packumentCache full:https://registry.npmjs.org/acorn set size:undefined disposed:false
465 silly fetch manifest acorn-jsx@^5.3.2
466 silly packumentCache full:https://registry.npmjs.org/acorn-jsx cache-miss
467 http fetch GET 200 https://registry.npmjs.org/acorn-jsx 190ms (cache miss)
468 silly packumentCache full:https://registry.npmjs.org/acorn-jsx set size:undefined disposed:false
469 silly fetch manifest estraverse@^5.1.0
470 silly packumentCache full:https://registry.npmjs.org/estraverse cache-miss
471 http fetch GET 200 https://registry.npmjs.org/estraverse 91ms (cache hit)
472 silly packumentCache full:https://registry.npmjs.org/estraverse set size:62412 disposed:false
473 silly fetch manifest flat-cache@^4.0.0
474 silly packumentCache full:https://registry.npmjs.org/flat-cache cache-miss
475 http fetch GET 200 https://registry.npmjs.org/flat-cache 205ms (cache miss)
476 silly packumentCache full:https://registry.npmjs.org/flat-cache set size:undefined disposed:false
477 silly fetch manifest locate-path@^6.0.0
478 silly packumentCache full:https://registry.npmjs.org/locate-path cache-miss
479 http fetch GET 200 https://registry.npmjs.org/locate-path 247ms (cache miss)
480 silly packumentCache full:https://registry.npmjs.org/locate-path set size:undefined disposed:false
481 silly fetch manifest path-exists@^4.0.0
482 silly packumentCache full:https://registry.npmjs.org/path-exists cache-miss
483 http fetch GET 200 https://registry.npmjs.org/path-exists 215ms (cache miss)
484 silly packumentCache full:https://registry.npmjs.org/path-exists set size:undefined disposed:false
485 silly fetch manifest is-glob@^4.0.3
486 silly packumentCache full:https://registry.npmjs.org/is-glob cache-miss
487 http fetch GET 200 https://registry.npmjs.org/is-glob 110ms (cache hit)
488 silly packumentCache full:https://registry.npmjs.org/is-glob set size:40530 disposed:false
489 silly fetch manifest is-extglob@^2.1.1
490 silly packumentCache full:https://registry.npmjs.org/is-extglob cache-miss
491 http fetch GET 200 https://registry.npmjs.org/is-extglob 279ms (cache miss)
492 silly packumentCache full:https://registry.npmjs.org/is-extglob set size:undefined disposed:false
493 silly fetch manifest brace-expansion@^1.1.7
494 silly packumentCache full:https://registry.npmjs.org/brace-expansion cache-miss
495 http fetch GET 200 https://registry.npmjs.org/brace-expansion 190ms (cache miss)
496 silly packumentCache full:https://registry.npmjs.org/brace-expansion set size:undefined disposed:false
497 silly fetch manifest prelude-ls@^1.2.1
498 silly packumentCache full:https://registry.npmjs.org/prelude-ls cache-miss
499 http fetch GET 200 https://registry.npmjs.org/prelude-ls 216ms (cache miss)
500 silly packumentCache full:https://registry.npmjs.org/prelude-ls set size:undefined disposed:false
501 silly fetch manifest deep-is@^0.1.3
502 silly packumentCache full:https://registry.npmjs.org/deep-is cache-miss
503 http fetch GET 200 https://registry.npmjs.org/deep-is 231ms (cache miss)
504 silly packumentCache full:https://registry.npmjs.org/deep-is set size:undefined disposed:false
505 silly fetch manifest word-wrap@^1.2.5
506 silly packumentCache full:https://registry.npmjs.org/word-wrap cache-miss
507 http fetch GET 200 https://registry.npmjs.org/word-wrap 215ms (cache miss)
508 silly packumentCache full:https://registry.npmjs.org/word-wrap set size:undefined disposed:false
509 silly fetch manifest type-check@^0.4.0
510 silly packumentCache full:https://registry.npmjs.org/type-check cache-miss
511 http fetch GET 200 https://registry.npmjs.org/type-check 160ms (cache miss)
512 silly packumentCache full:https://registry.npmjs.org/type-check set size:undefined disposed:false
513 silly fetch manifest fast-levenshtein@^2.0.6
514 silly packumentCache full:https://registry.npmjs.org/fast-levenshtein cache-miss
515 http fetch GET 200 https://registry.npmjs.org/fast-levenshtein 150ms (cache miss)
516 silly packumentCache full:https://registry.npmjs.org/fast-levenshtein set size:undefined disposed:false
517 silly placeDep node_modules/@eslint-community/eslint-utils eslint-visitor-keys@3.4.3 OK for: @eslint-community/eslint-utils@4.9.1 want: ^3.4.3
518 silly placeDep ROOT @eslint/object-schema@2.1.7 OK for: @eslint/config-array@0.21.1 want: ^2.1.7
519 silly placeDep ROOT @types/json-schema@7.0.15 OK for: @eslint/core@0.17.0 want: ^7.0.15
520 silly placeDep ROOT globals@14.0.0 OK for: @eslint/eslintrc@3.3.3 want: ^14.0.0
521 silly placeDep ROOT import-fresh@3.3.1 OK for: @eslint/eslintrc@3.3.3 want: ^3.2.1
522 silly placeDep ROOT js-yaml@4.1.1 OK for: @eslint/eslintrc@3.3.3 want: ^4.1.1
523 silly placeDep ROOT strip-json-comments@3.1.1 OK for: @eslint/eslintrc@3.3.3 want: ^3.1.1
524 silly fetch manifest parent-module@^1.0.0
525 silly packumentCache full:https://registry.npmjs.org/parent-module cache-miss
526 http fetch GET 200 https://registry.npmjs.org/parent-module 134ms (cache miss)
527 silly packumentCache full:https://registry.npmjs.org/parent-module set size:undefined disposed:false
528 silly fetch manifest resolve-from@^4.0.0
529 silly packumentCache full:https://registry.npmjs.org/resolve-from cache-miss
530 http fetch GET 200 https://registry.npmjs.org/resolve-from 135ms (cache miss)
531 silly packumentCache full:https://registry.npmjs.org/resolve-from set size:undefined disposed:false
532 silly fetch manifest argparse@^2.0.1
533 silly packumentCache full:https://registry.npmjs.org/argparse cache-miss
534 http fetch GET 200 https://registry.npmjs.org/argparse 147ms (cache miss)
535 silly packumentCache full:https://registry.npmjs.org/argparse set size:undefined disposed:false
536 silly placeDep ROOT levn@0.4.1 OK for: @eslint/plugin-kit@0.4.1 want: ^0.4.1
537 silly fetch manifest type-check@~0.4.0
538 silly packumentCache full:https://registry.npmjs.org/type-check cache-miss
539 http fetch GET 200 https://registry.npmjs.org/type-check 73ms (cache hit)
540 silly packumentCache full:https://registry.npmjs.org/type-check set size:21221 disposed:false
541 silly placeDep ROOT @humanfs/core@0.19.1 OK for: @humanfs/node@0.16.7 want: ^0.19.1
542 silly placeDep ROOT fast-json-stable-stringify@2.1.0 OK for: ajv@6.12.6 want: ^2.0.0
543 silly placeDep ROOT json-schema-traverse@0.4.1 OK for: ajv@6.12.6 want: ^0.4.1
544 silly placeDep ROOT uri-js@4.4.1 OK for: ajv@6.12.6 want: ^4.2.2
545 silly fetch manifest punycode@^2.1.0
546 silly packumentCache full:https://registry.npmjs.org/punycode cache-miss
547 http fetch GET 200 https://registry.npmjs.org/punycode 160ms (cache miss)
548 silly packumentCache full:https://registry.npmjs.org/punycode set size:undefined disposed:false
549 silly placeDep ROOT ansi-styles@4.3.0 OK for: chalk@4.1.2 want: ^4.1.0
550 silly placeDep ROOT supports-color@7.2.0 OK for: chalk@4.1.2 want: ^7.1.0
551 silly fetch manifest color-convert@^2.0.1
552 silly packumentCache full:https://registry.npmjs.org/color-convert cache-miss
553 http fetch GET 200 https://registry.npmjs.org/color-convert 139ms (cache miss)
554 silly packumentCache full:https://registry.npmjs.org/color-convert set size:undefined disposed:false
555 silly fetch manifest has-flag@^4.0.0
556 silly packumentCache full:https://registry.npmjs.org/has-flag cache-miss
557 http fetch GET 200 https://registry.npmjs.org/has-flag 167ms (cache miss)
558 silly packumentCache full:https://registry.npmjs.org/has-flag set size:undefined disposed:false
559 silly placeDep ROOT color-convert@2.0.1 OK for: ansi-styles@4.3.0 want: ^2.0.1
560 silly fetch manifest color-name@~1.1.4
561 silly packumentCache full:https://registry.npmjs.org/color-name cache-miss
562 http fetch GET 200 https://registry.npmjs.org/color-name 259ms (cache miss)
563 silly packumentCache full:https://registry.npmjs.org/color-name set size:undefined disposed:false
564 silly placeDep ROOT color-name@1.1.4 OK for: color-convert@2.0.1 want: ~1.1.4
565 silly placeDep ROOT path-key@3.1.1 OK for: cross-spawn@7.0.6 want: ^3.1.0
566 silly placeDep ROOT shebang-command@2.0.0 OK for: cross-spawn@7.0.6 want: ^2.0.0
567 silly placeDep ROOT which@2.0.2 OK for: cross-spawn@7.0.6 want: ^2.0.1
568 silly fetch manifest shebang-regex@^3.0.0
569 silly packumentCache full:https://registry.npmjs.org/shebang-regex cache-miss
570 http fetch GET 200 https://registry.npmjs.org/shebang-regex 282ms (cache miss)
571 silly packumentCache full:https://registry.npmjs.org/shebang-regex set size:undefined disposed:false
572 silly fetch manifest isexe@^2.0.0
573 silly packumentCache full:https://registry.npmjs.org/isexe cache-miss
574 http fetch GET 200 https://registry.npmjs.org/isexe 298ms (cache miss)
575 silly packumentCache full:https://registry.npmjs.org/isexe set size:undefined disposed:false
576 silly placeDep ROOT ms@2.1.3 OK for: debug@4.4.3 want: ^2.1.3
577 silly fetch manifest eslint@>=9.0.0
578 silly packumentCache full:https://registry.npmjs.org/eslint cache-miss
579 http fetch GET 200 https://registry.npmjs.org/eslint 183ms (cache hit)
580 silly packumentCache full:https://registry.npmjs.org/eslint set size:1886875 disposed:false
581 silly fetch manifest typescript@>=3.3.1
582 silly packumentCache full:https://registry.npmjs.org/typescript cache-miss
583 http fetch GET 200 https://registry.npmjs.org/typescript 501ms (cache hit)
584 silly packumentCache full:https://registry.npmjs.org/typescript set size:15133370 disposed:false
585 silly fetch manifest eslint-plugin-import-x@*
586 silly packumentCache full:https://registry.npmjs.org/eslint-plugin-import-x cache-miss
587 http fetch GET 200 https://registry.npmjs.org/eslint-plugin-import-x 211ms (cache miss)
588 silly packumentCache full:https://registry.npmjs.org/eslint-plugin-import-x set size:undefined disposed:false
589 silly fetch manifest @typescript-eslint/utils@^8.0.0
590 silly packumentCache full:https://registry.npmjs.org/@typescript-eslint%2futils cache-miss
591 http fetch GET 200 https://registry.npmjs.org/@typescript-eslint%2futils 728ms (cache miss)
592 silly packumentCache full:https://registry.npmjs.org/@typescript-eslint%2futils set size:undefined disposed:false
593 silly placeDep ROOT @next/eslint-plugin-next@16.1.2 OK for: eslint-config-next@16.1.2 want: 16.1.2
594 silly placeDep ROOT eslint-import-resolver-node@0.3.9 OK for: eslint-config-next@16.1.2 want: ^0.3.6
595 silly placeDep ROOT eslint-import-resolver-typescript@3.10.1 OK for: eslint-config-next@16.1.2 want: ^3.5.2
596 silly placeDep ROOT eslint-plugin-import@2.32.0 OK for: eslint-config-next@16.1.2 want: ^2.32.0
597 silly placeDep ROOT eslint-plugin-jsx-a11y@6.10.2 OK for: eslint-config-next@16.1.2 want: ^6.10.0
598 silly placeDep ROOT eslint-plugin-react@7.37.5 OK for: eslint-config-next@16.1.2 want: ^7.37.0
599 silly placeDep ROOT eslint-plugin-react-hooks@7.0.1 OK for: eslint-config-next@16.1.2 want: ^7.0.0
600 silly placeDep node_modules/eslint-config-next globals@16.4.0 OK for: eslint-config-next@16.1.2 want: 16.4.0
601 silly placeDep ROOT typescript-eslint@8.53.0 OK for: eslint-config-next@16.1.2 want: ^8.46.0
602 silly fetch manifest fast-glob@3.3.1
603 silly packumentCache full:https://registry.npmjs.org/fast-glob cache-miss
604 http fetch GET 200 https://registry.npmjs.org/fast-glob 254ms (cache miss)
605 silly packumentCache full:https://registry.npmjs.org/fast-glob set size:undefined disposed:false
606 silly fetch manifest debug@^3.2.7
607 silly packumentCache full:https://registry.npmjs.org/debug cache-hit
608 silly fetch manifest is-core-module@^2.13.0
609 silly packumentCache full:https://registry.npmjs.org/is-core-module cache-miss
610 http fetch GET 200 https://registry.npmjs.org/is-core-module 237ms (cache miss)
611 silly packumentCache full:https://registry.npmjs.org/is-core-module set size:undefined disposed:false
612 silly fetch manifest resolve@^1.22.4
613 silly packumentCache full:https://registry.npmjs.org/resolve cache-miss
614 http fetch GET 200 https://registry.npmjs.org/resolve 343ms (cache miss)
615 silly packumentCache full:https://registry.npmjs.org/resolve set size:undefined disposed:false
616 silly fetch manifest tinyglobby@^0.2.13
617 silly packumentCache full:https://registry.npmjs.org/tinyglobby cache-miss
618 http fetch GET 200 https://registry.npmjs.org/tinyglobby 537ms (cache miss)
619 silly packumentCache full:https://registry.npmjs.org/tinyglobby set size:undefined disposed:false
620 silly fetch manifest stable-hash@^0.0.5
621 silly packumentCache full:https://registry.npmjs.org/stable-hash cache-miss
622 http fetch GET 200 https://registry.npmjs.org/stable-hash 738ms (cache miss)
623 silly packumentCache full:https://registry.npmjs.org/stable-hash set size:undefined disposed:false
624 silly fetch manifest get-tsconfig@^4.10.0
625 silly packumentCache full:https://registry.npmjs.org/get-tsconfig cache-miss
626 http fetch GET 200 https://registry.npmjs.org/get-tsconfig 163ms (cache miss)
627 silly packumentCache full:https://registry.npmjs.org/get-tsconfig set size:undefined disposed:false
628 silly fetch manifest is-bun-module@^2.0.0
629 silly packumentCache full:https://registry.npmjs.org/is-bun-module cache-miss
630 http fetch GET 200 https://registry.npmjs.org/is-bun-module 127ms (cache miss)
631 silly packumentCache full:https://registry.npmjs.org/is-bun-module set size:undefined disposed:false
632 silly fetch manifest unrs-resolver@^1.6.2
633 silly packumentCache full:https://registry.npmjs.org/unrs-resolver cache-miss
634 http fetch GET 200 https://registry.npmjs.org/unrs-resolver 163ms (cache miss)
635 silly packumentCache full:https://registry.npmjs.org/unrs-resolver set size:undefined disposed:false
636 silly fetch manifest @nolyfill/is-core-module@1.0.39
637 silly packumentCache full:https://registry.npmjs.org/@nolyfill%2fis-core-module cache-miss
638 http fetch GET 200 https://registry.npmjs.org/@nolyfill%2fis-core-module 366ms (cache miss)
639 silly packumentCache full:https://registry.npmjs.org/@nolyfill%2fis-core-module set size:undefined disposed:false
640 silly fetch manifest @rtsao/scc@^1.1.0
641 silly packumentCache full:https://registry.npmjs.org/@rtsao%2fscc cache-miss
642 http fetch GET 200 https://registry.npmjs.org/@rtsao%2fscc 214ms (cache miss)
643 silly packumentCache full:https://registry.npmjs.org/@rtsao%2fscc set size:undefined disposed:false
644 silly fetch manifest array-includes@^3.1.9
645 silly packumentCache full:https://registry.npmjs.org/array-includes cache-miss
646 http fetch GET 200 https://registry.npmjs.org/array-includes 287ms (cache miss)
647 silly packumentCache full:https://registry.npmjs.org/array-includes set size:undefined disposed:false
648 silly fetch manifest array.prototype.findlastindex@^1.2.6
649 silly packumentCache full:https://registry.npmjs.org/array.prototype.findlastindex cache-miss
650 http fetch GET 200 https://registry.npmjs.org/array.prototype.findlastindex 272ms (cache miss)
651 silly packumentCache full:https://registry.npmjs.org/array.prototype.findlastindex set size:undefined disposed:false
652 silly fetch manifest array.prototype.flat@^1.3.3
653 silly packumentCache full:https://registry.npmjs.org/array.prototype.flat cache-miss
654 http fetch GET 200 https://registry.npmjs.org/array.prototype.flat 499ms (cache miss)
655 silly packumentCache full:https://registry.npmjs.org/array.prototype.flat set size:undefined disposed:false
656 silly fetch manifest array.prototype.flatmap@^1.3.3
657 silly packumentCache full:https://registry.npmjs.org/array.prototype.flatmap cache-miss
658 http fetch GET 200 https://registry.npmjs.org/array.prototype.flatmap 325ms (cache miss)
659 silly packumentCache full:https://registry.npmjs.org/array.prototype.flatmap set size:undefined disposed:false
660 silly fetch manifest doctrine@^2.1.0
661 silly packumentCache full:https://registry.npmjs.org/doctrine cache-miss
662 http fetch GET 200 https://registry.npmjs.org/doctrine 240ms (cache miss)
663 silly packumentCache full:https://registry.npmjs.org/doctrine set size:undefined disposed:false
664 silly fetch manifest eslint-module-utils@^2.12.1
665 silly packumentCache full:https://registry.npmjs.org/eslint-module-utils cache-miss
666 http fetch GET 200 https://registry.npmjs.org/eslint-module-utils 223ms (cache miss)
667 silly packumentCache full:https://registry.npmjs.org/eslint-module-utils set size:undefined disposed:false
668 silly fetch manifest hasown@^2.0.2
669 silly packumentCache full:https://registry.npmjs.org/hasown cache-miss
670 http fetch GET 200 https://registry.npmjs.org/hasown 150ms (cache miss)
671 silly packumentCache full:https://registry.npmjs.org/hasown set size:undefined disposed:false
672 silly fetch manifest is-core-module@^2.16.1
673 silly packumentCache full:https://registry.npmjs.org/is-core-module cache-miss
674 http fetch GET 200 https://registry.npmjs.org/is-core-module 110ms (cache hit)
675 silly packumentCache full:https://registry.npmjs.org/is-core-module set size:71788 disposed:false
676 silly fetch manifest object.fromentries@^2.0.8
677 silly packumentCache full:https://registry.npmjs.org/object.fromentries cache-miss
678 http fetch GET 200 https://registry.npmjs.org/object.fromentries 166ms (cache miss)
679 silly packumentCache full:https://registry.npmjs.org/object.fromentries set size:undefined disposed:false
680 silly fetch manifest object.groupby@^1.0.3
681 silly packumentCache full:https://registry.npmjs.org/object.groupby cache-miss
682 http fetch GET 200 https://registry.npmjs.org/object.groupby 148ms (cache miss)
683 silly packumentCache full:https://registry.npmjs.org/object.groupby set size:undefined disposed:false
684 silly fetch manifest object.values@^1.2.1
685 silly packumentCache full:https://registry.npmjs.org/object.values cache-miss
686 http fetch GET 200 https://registry.npmjs.org/object.values 193ms (cache miss)
687 silly packumentCache full:https://registry.npmjs.org/object.values set size:undefined disposed:false
688 silly fetch manifest semver@^6.3.1
689 silly packumentCache full:https://registry.npmjs.org/semver cache-miss
690 http fetch GET 200 https://registry.npmjs.org/semver 168ms (cache miss)
691 silly packumentCache full:https://registry.npmjs.org/semver set size:undefined disposed:false
692 silly fetch manifest string.prototype.trimend@^1.0.9
693 silly packumentCache full:https://registry.npmjs.org/string.prototype.trimend cache-miss
694 http fetch GET 200 https://registry.npmjs.org/string.prototype.trimend 148ms (cache miss)
695 silly packumentCache full:https://registry.npmjs.org/string.prototype.trimend set size:undefined disposed:false
696 silly fetch manifest tsconfig-paths@^3.15.0
697 silly packumentCache full:https://registry.npmjs.org/tsconfig-paths cache-miss
698 http fetch GET 200 https://registry.npmjs.org/tsconfig-paths 563ms (cache miss)
699 silly packumentCache full:https://registry.npmjs.org/tsconfig-paths set size:undefined disposed:false
700 silly fetch manifest aria-query@^5.3.2
701 silly packumentCache full:https://registry.npmjs.org/aria-query cache-miss
702 http fetch GET 200 https://registry.npmjs.org/aria-query 136ms (cache miss)
703 silly packumentCache full:https://registry.npmjs.org/aria-query set size:undefined disposed:false
704 silly fetch manifest array-includes@^3.1.8
705 silly packumentCache full:https://registry.npmjs.org/array-includes cache-miss
706 http fetch GET 200 https://registry.npmjs.org/array-includes 83ms (cache hit)
707 silly packumentCache full:https://registry.npmjs.org/array-includes set size:77143 disposed:false
708 silly fetch manifest array.prototype.flatmap@^1.3.2
709 silly packumentCache full:https://registry.npmjs.org/array.prototype.flatmap cache-miss
710 http fetch GET 200 https://registry.npmjs.org/array.prototype.flatmap 99ms (cache hit)
711 silly packumentCache full:https://registry.npmjs.org/array.prototype.flatmap set size:51458 disposed:false
712 silly fetch manifest ast-types-flow@^0.0.8
713 silly packumentCache full:https://registry.npmjs.org/ast-types-flow cache-miss
714 http fetch GET 200 https://registry.npmjs.org/ast-types-flow 216ms (cache miss)
715 silly packumentCache full:https://registry.npmjs.org/ast-types-flow set size:undefined disposed:false
716 silly fetch manifest axe-core@^4.10.0
717 silly packumentCache full:https://registry.npmjs.org/axe-core cache-miss
718 http fetch GET 200 https://registry.npmjs.org/axe-core 1497ms (cache miss)
719 silly packumentCache full:https://registry.npmjs.org/axe-core set size:undefined disposed:false
720 silly fetch manifest axobject-query@^4.1.0
721 silly packumentCache full:https://registry.npmjs.org/axobject-query cache-miss
722 http fetch GET 200 https://registry.npmjs.org/axobject-query 310ms (cache miss)
723 silly packumentCache full:https://registry.npmjs.org/axobject-query set size:undefined disposed:false
724 silly fetch manifest damerau-levenshtein@^1.0.8
725 silly packumentCache full:https://registry.npmjs.org/damerau-levenshtein cache-miss
726 http fetch GET 200 https://registry.npmjs.org/damerau-levenshtein 218ms (cache miss)
727 silly packumentCache full:https://registry.npmjs.org/damerau-levenshtein set size:undefined disposed:false
728 silly fetch manifest emoji-regex@^9.2.2
729 silly packumentCache full:https://registry.npmjs.org/emoji-regex cache-miss
730 http fetch GET 200 https://registry.npmjs.org/emoji-regex 324ms (cache miss)
731 silly packumentCache full:https://registry.npmjs.org/emoji-regex set size:undefined disposed:false
732 silly fetch manifest jsx-ast-utils@^3.3.5
733 silly packumentCache full:https://registry.npmjs.org/jsx-ast-utils cache-miss
734 http fetch GET 200 https://registry.npmjs.org/jsx-ast-utils 293ms (cache miss)
735 silly packumentCache full:https://registry.npmjs.org/jsx-ast-utils set size:undefined disposed:false
736 silly fetch manifest language-tags@^1.0.9
737 silly packumentCache full:https://registry.npmjs.org/language-tags cache-miss
738 http fetch GET 200 https://registry.npmjs.org/language-tags 172ms (cache miss)
739 silly packumentCache full:https://registry.npmjs.org/language-tags set size:undefined disposed:false
740 silly fetch manifest safe-regex-test@^1.0.3
741 silly packumentCache full:https://registry.npmjs.org/safe-regex-test cache-miss
742 http fetch GET 200 https://registry.npmjs.org/safe-regex-test 144ms (cache miss)
743 silly packumentCache full:https://registry.npmjs.org/safe-regex-test set size:undefined disposed:false
744 silly fetch manifest string.prototype.includes@^2.0.1
745 silly packumentCache full:https://registry.npmjs.org/string.prototype.includes cache-miss
746 http fetch GET 200 https://registry.npmjs.org/string.prototype.includes 354ms (cache miss)
747 silly packumentCache full:https://registry.npmjs.org/string.prototype.includes set size:undefined disposed:false
748 silly fetch manifest array.prototype.findlast@^1.2.5
749 silly packumentCache full:https://registry.npmjs.org/array.prototype.findlast cache-miss
750 http fetch GET 200 https://registry.npmjs.org/array.prototype.findlast 153ms (cache miss)
751 silly packumentCache full:https://registry.npmjs.org/array.prototype.findlast set size:undefined disposed:false
752 silly fetch manifest array.prototype.tosorted@^1.1.4
753 silly packumentCache full:https://registry.npmjs.org/array.prototype.tosorted cache-miss
754 http fetch GET 200 https://registry.npmjs.org/array.prototype.tosorted 170ms (cache miss)
755 silly packumentCache full:https://registry.npmjs.org/array.prototype.tosorted set size:undefined disposed:false
756 silly fetch manifest es-iterator-helpers@^1.2.1
757 silly packumentCache full:https://registry.npmjs.org/es-iterator-helpers cache-miss
758 http fetch GET 200 https://registry.npmjs.org/es-iterator-helpers 305ms (cache miss)
759 silly packumentCache full:https://registry.npmjs.org/es-iterator-helpers set size:undefined disposed:false
760 silly fetch manifest estraverse@^5.3.0
761 silly packumentCache full:https://registry.npmjs.org/estraverse cache-hit
762 silly fetch manifest jsx-ast-utils@^2.4.1 || ^3.0.0
763 silly packumentCache full:https://registry.npmjs.org/jsx-ast-utils cache-miss
764 http fetch GET 200 https://registry.npmjs.org/jsx-ast-utils 219ms (cache hit)
765 silly packumentCache full:https://registry.npmjs.org/jsx-ast-utils set size:115998 disposed:false
766 silly fetch manifest object.entries@^1.1.9
767 silly packumentCache full:https://registry.npmjs.org/object.entries cache-miss
768 http fetch GET 200 https://registry.npmjs.org/object.entries 228ms (cache miss)
769 silly packumentCache full:https://registry.npmjs.org/object.entries set size:undefined disposed:false
770 silly fetch manifest prop-types@^15.8.1
771 silly packumentCache full:https://registry.npmjs.org/prop-types cache-miss
772 http fetch GET 200 https://registry.npmjs.org/prop-types 295ms (cache miss)
773 silly packumentCache full:https://registry.npmjs.org/prop-types set size:undefined disposed:false
774 silly fetch manifest resolve@^2.0.0-next.5
775 silly packumentCache full:https://registry.npmjs.org/resolve cache-miss
776 http fetch GET 200 https://registry.npmjs.org/resolve 207ms (cache hit)
777 silly packumentCache full:https://registry.npmjs.org/resolve set size:246681 disposed:false
778 silly fetch manifest string.prototype.matchall@^4.0.12
779 silly packumentCache full:https://registry.npmjs.org/string.prototype.matchall cache-miss
780 http fetch GET 200 https://registry.npmjs.org/string.prototype.matchall 764ms (cache miss)
781 silly packumentCache full:https://registry.npmjs.org/string.prototype.matchall set size:undefined disposed:false
782 silly fetch manifest string.prototype.repeat@^1.0.0
783 silly packumentCache full:https://registry.npmjs.org/string.prototype.repeat cache-miss
784 http fetch GET 200 https://registry.npmjs.org/string.prototype.repeat 197ms (cache miss)
785 silly packumentCache full:https://registry.npmjs.org/string.prototype.repeat set size:undefined disposed:false
786 silly fetch manifest zod@^3.25.0 || ^4.0.0
787 silly packumentCache full:https://registry.npmjs.org/zod cache-miss
788 http fetch GET 200 https://registry.npmjs.org/zod 332ms (cache miss)
789 silly packumentCache full:https://registry.npmjs.org/zod set size:undefined disposed:false
790 silly fetch manifest @babel/core@^7.24.4
791 silly packumentCache full:https://registry.npmjs.org/@babel%2fcore cache-miss
792 http fetch GET 200 https://registry.npmjs.org/@babel%2fcore 225ms (cache miss)
793 silly packumentCache full:https://registry.npmjs.org/@babel%2fcore set size:undefined disposed:false
794 silly fetch manifest @babel/parser@^7.24.4
795 silly packumentCache full:https://registry.npmjs.org/@babel%2fparser cache-miss
796 http fetch GET 200 https://registry.npmjs.org/@babel%2fparser 344ms (cache miss)
797 silly packumentCache full:https://registry.npmjs.org/@babel%2fparser set size:undefined disposed:false
798 silly fetch manifest hermes-parser@^0.25.1
799 silly packumentCache full:https://registry.npmjs.org/hermes-parser cache-miss
800 http fetch GET 200 https://registry.npmjs.org/hermes-parser 308ms (cache miss)
801 silly packumentCache full:https://registry.npmjs.org/hermes-parser set size:undefined disposed:false
802 silly fetch manifest zod-validation-error@^3.5.0 || ^4.0.0
803 silly packumentCache full:https://registry.npmjs.org/zod-validation-error cache-miss
804 http fetch GET 200 https://registry.npmjs.org/zod-validation-error 287ms (cache miss)
805 silly packumentCache full:https://registry.npmjs.org/zod-validation-error set size:undefined disposed:false
806 silly fetch manifest @typescript-eslint/eslint-plugin@8.53.0
807 silly packumentCache full:https://registry.npmjs.org/@typescript-eslint%2feslint-plugin cache-miss
808 http fetch GET 200 https://registry.npmjs.org/@typescript-eslint%2feslint-plugin 1936ms (cache miss)
809 silly packumentCache full:https://registry.npmjs.org/@typescript-eslint%2feslint-plugin set size:undefined disposed:false
810 silly fetch manifest @typescript-eslint/parser@8.53.0
811 silly packumentCache full:https://registry.npmjs.org/@typescript-eslint%2fparser cache-miss
812 http fetch GET 200 https://registry.npmjs.org/@typescript-eslint%2fparser 1322ms (cache miss)
813 silly packumentCache full:https://registry.npmjs.org/@typescript-eslint%2fparser set size:undefined disposed:false
814 silly fetch manifest @typescript-eslint/typescript-estree@8.53.0
815 silly packumentCache full:https://registry.npmjs.org/@typescript-eslint%2ftypescript-estree cache-miss
816 http fetch GET 200 https://registry.npmjs.org/@typescript-eslint%2ftypescript-estree 1007ms (cache miss)
817 silly packumentCache full:https://registry.npmjs.org/@typescript-eslint%2ftypescript-estree set size:undefined disposed:false
818 silly fetch manifest @typescript-eslint/utils@8.53.0
819 silly packumentCache full:https://registry.npmjs.org/@typescript-eslint%2futils cache-miss
820 http fetch GET 200 https://registry.npmjs.org/@typescript-eslint%2futils 150ms (cache hit)
821 silly packumentCache full:https://registry.npmjs.org/@typescript-eslint%2futils set size:9618671 disposed:false
822 silly placeDep ROOT fast-glob@3.3.1 OK for: @next/eslint-plugin-next@16.1.2 want: 3.3.1
823 silly fetch manifest merge2@^1.3.0
824 silly packumentCache full:https://registry.npmjs.org/merge2 cache-miss
825 http fetch GET 200 https://registry.npmjs.org/merge2 144ms (cache miss)
826 silly packumentCache full:https://registry.npmjs.org/merge2 set size:undefined disposed:false
827 silly fetch manifest micromatch@^4.0.4
828 silly packumentCache full:https://registry.npmjs.org/micromatch cache-miss
829 http fetch GET 200 https://registry.npmjs.org/micromatch 164ms (cache miss)
830 silly packumentCache full:https://registry.npmjs.org/micromatch set size:undefined disposed:false
831 silly fetch manifest glob-parent@^5.1.2
832 silly packumentCache full:https://registry.npmjs.org/glob-parent cache-miss
833 http fetch GET 200 https://registry.npmjs.org/glob-parent 237ms (cache hit)
834 silly packumentCache full:https://registry.npmjs.org/glob-parent set size:42445 disposed:false
835 silly fetch manifest @nodelib/fs.stat@^2.0.2
836 silly packumentCache full:https://registry.npmjs.org/@nodelib%2ffs.stat cache-miss
837 http fetch GET 200 https://registry.npmjs.org/@nodelib%2ffs.stat 237ms (cache miss)
838 silly packumentCache full:https://registry.npmjs.org/@nodelib%2ffs.stat set size:undefined disposed:false
839 silly fetch manifest @nodelib/fs.walk@^1.2.3
840 silly packumentCache full:https://registry.npmjs.org/@nodelib%2ffs.walk cache-miss
841 http fetch GET 200 https://registry.npmjs.org/@nodelib%2ffs.walk 215ms (cache miss)
842 silly packumentCache full:https://registry.npmjs.org/@nodelib%2ffs.walk set size:undefined disposed:false
843 silly placeDep node_modules/eslint-import-resolver-node debug@3.2.7 OK for: eslint-import-resolver-node@0.3.9 want: ^3.2.7
844 silly placeDep ROOT is-core-module@2.16.1 OK for: eslint-import-resolver-node@0.3.9 want: ^2.13.0
845 silly placeDep ROOT resolve@1.22.11 OK for: eslint-import-resolver-node@0.3.9 want: ^1.22.4
846 silly fetch manifest path-parse@^1.0.7
847 silly packumentCache full:https://registry.npmjs.org/path-parse cache-miss
848 http fetch GET 200 https://registry.npmjs.org/path-parse 303ms (cache miss)
849 silly packumentCache full:https://registry.npmjs.org/path-parse set size:undefined disposed:false
850 silly fetch manifest supports-preserve-symlinks-flag@^1.0.0
851 silly packumentCache full:https://registry.npmjs.org/supports-preserve-symlinks-flag cache-miss
852 http fetch GET 200 https://registry.npmjs.org/supports-preserve-symlinks-flag 255ms (cache miss)
853 silly packumentCache full:https://registry.npmjs.org/supports-preserve-symlinks-flag set size:undefined disposed:false
854 silly placeDep ROOT @nolyfill/is-core-module@1.0.39 OK for: eslint-import-resolver-typescript@3.10.1 want: 1.0.39
855 silly placeDep ROOT get-tsconfig@4.13.0 OK for: eslint-import-resolver-typescript@3.10.1 want: ^4.10.0
856 silly placeDep ROOT is-bun-module@2.0.0 OK for: eslint-import-resolver-typescript@3.10.1 want: ^2.0.0
857 silly placeDep ROOT stable-hash@0.0.5 OK for: eslint-import-resolver-typescript@3.10.1 want: ^0.0.5
858 silly placeDep ROOT tinyglobby@0.2.15 OK for: eslint-import-resolver-typescript@3.10.1 want: ^0.2.13
859 silly placeDep ROOT unrs-resolver@1.11.1 OK for: eslint-import-resolver-typescript@3.10.1 want: ^1.6.2
860 silly fetch manifest resolve-pkg-maps@^1.0.0
861 silly packumentCache full:https://registry.npmjs.org/resolve-pkg-maps cache-miss
862 http fetch GET 200 https://registry.npmjs.org/resolve-pkg-maps 234ms (cache miss)
863 silly packumentCache full:https://registry.npmjs.org/resolve-pkg-maps set size:undefined disposed:false
864 silly fetch manifest semver@^7.7.1
865 silly packumentCache full:https://registry.npmjs.org/semver cache-miss
866 http fetch GET 200 https://registry.npmjs.org/semver 162ms (cache hit)
867 silly packumentCache full:https://registry.npmjs.org/semver set size:226907 disposed:false
868 silly fetch manifest fdir@^6.5.0
869 silly packumentCache full:https://registry.npmjs.org/fdir cache-miss
870 http fetch GET 200 https://registry.npmjs.org/fdir 281ms (cache miss)
871 silly packumentCache full:https://registry.npmjs.org/fdir set size:undefined disposed:false
872 silly fetch manifest picomatch@^4.0.3
873 silly packumentCache full:https://registry.npmjs.org/picomatch cache-miss
874 http fetch GET 200 https://registry.npmjs.org/picomatch 170ms (cache miss)
875 silly packumentCache full:https://registry.npmjs.org/picomatch set size:undefined disposed:false
876 silly fetch manifest napi-postinstall@^0.3.0
877 silly packumentCache full:https://registry.npmjs.org/napi-postinstall cache-miss
878 http fetch GET 200 https://registry.npmjs.org/napi-postinstall 125ms (cache miss)
879 silly packumentCache full:https://registry.npmjs.org/napi-postinstall set size:undefined disposed:false
880 silly fetch manifest @unrs/resolver-binding-win32-x64-msvc@1.11.1
881 silly packumentCache full:https://registry.npmjs.org/@unrs%2fresolver-binding-win32-x64-msvc cache-miss
882 http fetch GET 200 https://registry.npmjs.org/@unrs%2fresolver-binding-win32-x64-msvc 374ms (cache miss)
883 silly packumentCache full:https://registry.npmjs.org/@unrs%2fresolver-binding-win32-x64-msvc set size:undefined disposed:false
884 silly fetch manifest @unrs/resolver-binding-win32-arm64-msvc@1.11.1
885 silly packumentCache full:https://registry.npmjs.org/@unrs%2fresolver-binding-win32-arm64-msvc cache-miss
886 http fetch GET 200 https://registry.npmjs.org/@unrs%2fresolver-binding-win32-arm64-msvc 480ms (cache miss)
887 silly packumentCache full:https://registry.npmjs.org/@unrs%2fresolver-binding-win32-arm64-msvc set size:undefined disposed:false
888 silly fetch manifest @unrs/resolver-binding-win32-ia32-msvc@1.11.1
889 silly packumentCache full:https://registry.npmjs.org/@unrs%2fresolver-binding-win32-ia32-msvc cache-miss
890 http fetch GET 200 https://registry.npmjs.org/@unrs%2fresolver-binding-win32-ia32-msvc 352ms (cache miss)
891 silly packumentCache full:https://registry.npmjs.org/@unrs%2fresolver-binding-win32-ia32-msvc set size:undefined disposed:false
892 silly fetch manifest @unrs/resolver-binding-linux-x64-gnu@1.11.1
893 silly packumentCache full:https://registry.npmjs.org/@unrs%2fresolver-binding-linux-x64-gnu cache-miss
894 http fetch GET 200 https://registry.npmjs.org/@unrs%2fresolver-binding-linux-x64-gnu 469ms (cache miss)
895 silly packumentCache full:https://registry.npmjs.org/@unrs%2fresolver-binding-linux-x64-gnu set size:undefined disposed:false
896 silly fetch manifest @unrs/resolver-binding-linux-x64-musl@1.11.1
897 silly packumentCache full:https://registry.npmjs.org/@unrs%2fresolver-binding-linux-x64-musl cache-miss
898 http fetch GET 200 https://registry.npmjs.org/@unrs%2fresolver-binding-linux-x64-musl 157ms (cache miss)
899 silly packumentCache full:https://registry.npmjs.org/@unrs%2fresolver-binding-linux-x64-musl set size:undefined disposed:false
900 silly fetch manifest @unrs/resolver-binding-freebsd-x64@1.11.1
901 silly packumentCache full:https://registry.npmjs.org/@unrs%2fresolver-binding-freebsd-x64 cache-miss
902 http fetch GET 200 https://registry.npmjs.org/@unrs%2fresolver-binding-freebsd-x64 209ms (cache miss)
903 silly packumentCache full:https://registry.npmjs.org/@unrs%2fresolver-binding-freebsd-x64 set size:undefined disposed:false
904 silly fetch manifest @unrs/resolver-binding-android-arm64@1.11.1
905 silly packumentCache full:https://registry.npmjs.org/@unrs%2fresolver-binding-android-arm64 cache-miss
906 http fetch GET 200 https://registry.npmjs.org/@unrs%2fresolver-binding-android-arm64 399ms (cache miss)
907 silly packumentCache full:https://registry.npmjs.org/@unrs%2fresolver-binding-android-arm64 set size:undefined disposed:false
908 silly fetch manifest @unrs/resolver-binding-linux-arm64-gnu@1.11.1
909 silly packumentCache full:https://registry.npmjs.org/@unrs%2fresolver-binding-linux-arm64-gnu cache-miss
910 http fetch GET 200 https://registry.npmjs.org/@unrs%2fresolver-binding-linux-arm64-gnu 361ms (cache miss)
911 silly packumentCache full:https://registry.npmjs.org/@unrs%2fresolver-binding-linux-arm64-gnu set size:undefined disposed:false
912 silly fetch manifest @unrs/resolver-binding-linux-arm64-musl@1.11.1
913 silly packumentCache full:https://registry.npmjs.org/@unrs%2fresolver-binding-linux-arm64-musl cache-miss
914 http fetch GET 200 https://registry.npmjs.org/@unrs%2fresolver-binding-linux-arm64-musl 266ms (cache miss)
915 silly packumentCache full:https://registry.npmjs.org/@unrs%2fresolver-binding-linux-arm64-musl set size:undefined disposed:false
916 silly fetch manifest @unrs/resolver-binding-android-arm-eabi@1.11.1
917 silly packumentCache full:https://registry.npmjs.org/@unrs%2fresolver-binding-android-arm-eabi cache-miss
918 http fetch GET 200 https://registry.npmjs.org/@unrs%2fresolver-binding-android-arm-eabi 236ms (cache miss)
919 silly packumentCache full:https://registry.npmjs.org/@unrs%2fresolver-binding-android-arm-eabi set size:undefined disposed:false
920 silly fetch manifest @unrs/resolver-binding-linux-arm-gnueabihf@1.11.1
921 silly packumentCache full:https://registry.npmjs.org/@unrs%2fresolver-binding-linux-arm-gnueabihf cache-miss
922 http fetch GET 200 https://registry.npmjs.org/@unrs%2fresolver-binding-linux-arm-gnueabihf 370ms (cache miss)
923 silly packumentCache full:https://registry.npmjs.org/@unrs%2fresolver-binding-linux-arm-gnueabihf set size:undefined disposed:false
924 silly fetch manifest @unrs/resolver-binding-linux-arm-musleabihf@1.11.1
925 silly packumentCache full:https://registry.npmjs.org/@unrs%2fresolver-binding-linux-arm-musleabihf cache-miss
926 http fetch GET 200 https://registry.npmjs.org/@unrs%2fresolver-binding-linux-arm-musleabihf 339ms (cache miss)
927 silly packumentCache full:https://registry.npmjs.org/@unrs%2fresolver-binding-linux-arm-musleabihf set size:undefined disposed:false
928 silly fetch manifest @unrs/resolver-binding-linux-ppc64-gnu@1.11.1
929 silly packumentCache full:https://registry.npmjs.org/@unrs%2fresolver-binding-linux-ppc64-gnu cache-miss
930 http fetch GET 200 https://registry.npmjs.org/@unrs%2fresolver-binding-linux-ppc64-gnu 167ms (cache miss)
931 silly packumentCache full:https://registry.npmjs.org/@unrs%2fresolver-binding-linux-ppc64-gnu set size:undefined disposed:false
932 silly fetch manifest @unrs/resolver-binding-linux-riscv64-gnu@1.11.1
933 silly packumentCache full:https://registry.npmjs.org/@unrs%2fresolver-binding-linux-riscv64-gnu cache-miss
934 http fetch GET 200 https://registry.npmjs.org/@unrs%2fresolver-binding-linux-riscv64-gnu 128ms (cache miss)
935 silly packumentCache full:https://registry.npmjs.org/@unrs%2fresolver-binding-linux-riscv64-gnu set size:undefined disposed:false
936 silly fetch manifest @unrs/resolver-binding-linux-riscv64-musl@1.11.1
937 silly packumentCache full:https://registry.npmjs.org/@unrs%2fresolver-binding-linux-riscv64-musl cache-miss
938 http fetch GET 200 https://registry.npmjs.org/@unrs%2fresolver-binding-linux-riscv64-musl 170ms (cache miss)
939 silly packumentCache full:https://registry.npmjs.org/@unrs%2fresolver-binding-linux-riscv64-musl set size:undefined disposed:false
940 silly fetch manifest @unrs/resolver-binding-linux-s390x-gnu@1.11.1
941 silly packumentCache full:https://registry.npmjs.org/@unrs%2fresolver-binding-linux-s390x-gnu cache-miss
942 http fetch GET 200 https://registry.npmjs.org/@unrs%2fresolver-binding-linux-s390x-gnu 142ms (cache miss)
943 silly packumentCache full:https://registry.npmjs.org/@unrs%2fresolver-binding-linux-s390x-gnu set size:undefined disposed:false
944 silly fetch manifest @unrs/resolver-binding-darwin-x64@1.11.1
945 silly packumentCache full:https://registry.npmjs.org/@unrs%2fresolver-binding-darwin-x64 cache-miss
946 http fetch GET 200 https://registry.npmjs.org/@unrs%2fresolver-binding-darwin-x64 170ms (cache miss)
947 silly packumentCache full:https://registry.npmjs.org/@unrs%2fresolver-binding-darwin-x64 set size:undefined disposed:false
948 silly fetch manifest @unrs/resolver-binding-darwin-arm64@1.11.1
949 silly packumentCache full:https://registry.npmjs.org/@unrs%2fresolver-binding-darwin-arm64 cache-miss
950 http fetch GET 200 https://registry.npmjs.org/@unrs%2fresolver-binding-darwin-arm64 214ms (cache miss)
951 silly packumentCache full:https://registry.npmjs.org/@unrs%2fresolver-binding-darwin-arm64 set size:undefined disposed:false
952 silly fetch manifest @unrs/resolver-binding-wasm32-wasi@1.11.1
953 silly packumentCache full:https://registry.npmjs.org/@unrs%2fresolver-binding-wasm32-wasi cache-miss
954 http fetch GET 200 https://registry.npmjs.org/@unrs%2fresolver-binding-wasm32-wasi 185ms (cache miss)
955 silly packumentCache full:https://registry.npmjs.org/@unrs%2fresolver-binding-wasm32-wasi set size:undefined disposed:false
956 silly placeDep ROOT @rtsao/scc@1.1.0 OK for: eslint-plugin-import@2.32.0 want: ^1.1.0
957 silly placeDep ROOT array-includes@3.1.9 OK for: eslint-plugin-import@2.32.0 want: ^3.1.9
958 silly placeDep ROOT array.prototype.findlastindex@1.2.6 OK for: eslint-plugin-import@2.32.0 want: ^1.2.6
959 silly placeDep ROOT array.prototype.flat@1.3.3 OK for: eslint-plugin-import@2.32.0 want: ^1.3.3
960 silly placeDep ROOT array.prototype.flatmap@1.3.3 OK for: eslint-plugin-import@2.32.0 want: ^1.3.3
961 silly placeDep node_modules/eslint-plugin-import debug@3.2.7 OK for: eslint-plugin-import@2.32.0 want: ^3.2.7
962 silly placeDep ROOT doctrine@2.1.0 OK for: eslint-plugin-import@2.32.0 want: ^2.1.0
963 silly placeDep ROOT eslint-module-utils@2.12.1 OK for: eslint-plugin-import@2.32.0 want: ^2.12.1
964 silly placeDep ROOT hasown@2.0.2 OK for: eslint-plugin-import@2.32.0 want: ^2.0.2
965 silly placeDep ROOT object.fromentries@2.0.8 OK for: eslint-plugin-import@2.32.0 want: ^2.0.8
966 silly placeDep ROOT object.groupby@1.0.3 OK for: eslint-plugin-import@2.32.0 want: ^1.0.3
967 silly placeDep ROOT object.values@1.2.1 OK for: eslint-plugin-import@2.32.0 want: ^1.2.1
968 silly placeDep ROOT semver@6.3.1 OK for: eslint-plugin-import@2.32.0 want: ^6.3.1
969 silly placeDep ROOT string.prototype.trimend@1.0.9 OK for: eslint-plugin-import@2.32.0 want: ^1.0.9
970 silly placeDep ROOT tsconfig-paths@3.15.0 OK for: eslint-plugin-import@2.32.0 want: ^3.15.0
971 silly fetch manifest call-bind@^1.0.8
972 silly packumentCache full:https://registry.npmjs.org/call-bind cache-miss
973 http fetch GET 200 https://registry.npmjs.org/call-bind 172ms (cache miss)
974 silly packumentCache full:https://registry.npmjs.org/call-bind set size:undefined disposed:false
975 silly fetch manifest call-bound@^1.0.4
976 silly packumentCache full:https://registry.npmjs.org/call-bound cache-miss
977 http fetch GET 200 https://registry.npmjs.org/call-bound 192ms (cache miss)
978 silly packumentCache full:https://registry.npmjs.org/call-bound set size:undefined disposed:false
979 silly fetch manifest define-properties@^1.2.1
980 silly packumentCache full:https://registry.npmjs.org/define-properties cache-miss
981 http fetch GET 200 https://registry.npmjs.org/define-properties 169ms (cache miss)
982 silly packumentCache full:https://registry.npmjs.org/define-properties set size:undefined disposed:false
983 silly fetch manifest es-abstract@^1.24.0
984 silly packumentCache full:https://registry.npmjs.org/es-abstract cache-miss
985 http fetch GET 200 https://registry.npmjs.org/es-abstract 169ms (cache miss)
986 silly packumentCache full:https://registry.npmjs.org/es-abstract set size:undefined disposed:false
987 silly fetch manifest es-object-atoms@^1.1.1
988 silly packumentCache full:https://registry.npmjs.org/es-object-atoms cache-miss
989 http fetch GET 200 https://registry.npmjs.org/es-object-atoms 204ms (cache miss)
990 silly packumentCache full:https://registry.npmjs.org/es-object-atoms set size:undefined disposed:false
991 silly fetch manifest get-intrinsic@^1.3.0
992 silly packumentCache full:https://registry.npmjs.org/get-intrinsic cache-miss
993 http fetch GET 200 https://registry.npmjs.org/get-intrinsic 169ms (cache miss)
994 silly packumentCache full:https://registry.npmjs.org/get-intrinsic set size:undefined disposed:false
995 silly fetch manifest is-string@^1.1.1
996 silly packumentCache full:https://registry.npmjs.org/is-string cache-miss
997 http fetch GET 200 https://registry.npmjs.org/is-string 180ms (cache miss)
998 silly packumentCache full:https://registry.npmjs.org/is-string set size:undefined disposed:false
999 silly fetch manifest math-intrinsics@^1.1.0
1000 silly packumentCache full:https://registry.npmjs.org/math-intrinsics cache-miss
1001 http fetch GET 200 https://registry.npmjs.org/math-intrinsics 146ms (cache miss)
1002 silly packumentCache full:https://registry.npmjs.org/math-intrinsics set size:undefined disposed:false
1003 silly fetch manifest es-abstract@^1.23.9
1004 silly packumentCache full:https://registry.npmjs.org/es-abstract cache-miss
1005 http fetch GET 200 https://registry.npmjs.org/es-abstract 170ms (cache hit)
1006 silly packumentCache full:https://registry.npmjs.org/es-abstract set size:378584 disposed:false
1007 silly fetch manifest es-errors@^1.3.0
1008 silly packumentCache full:https://registry.npmjs.org/es-errors cache-miss
1009 http fetch GET 200 https://registry.npmjs.org/es-errors 215ms (cache miss)
1010 silly packumentCache full:https://registry.npmjs.org/es-errors set size:undefined disposed:false
1011 silly fetch manifest es-shim-unscopables@^1.1.0
1012 silly packumentCache full:https://registry.npmjs.org/es-shim-unscopables cache-miss
1013 http fetch GET 200 https://registry.npmjs.org/es-shim-unscopables 279ms (cache miss)
1014 silly packumentCache full:https://registry.npmjs.org/es-shim-unscopables set size:undefined disposed:false
1015 silly fetch manifest es-abstract@^1.23.5
1016 silly packumentCache full:https://registry.npmjs.org/es-abstract cache-hit
1017 silly fetch manifest es-shim-unscopables@^1.0.2
1018 silly packumentCache full:https://registry.npmjs.org/es-shim-unscopables cache-miss
1019 http fetch GET 200 https://registry.npmjs.org/es-shim-unscopables 151ms (cache hit)
1020 silly packumentCache full:https://registry.npmjs.org/es-shim-unscopables set size:13965 disposed:false
1021 silly fetch manifest function-bind@^1.1.2
1022 silly packumentCache full:https://registry.npmjs.org/function-bind cache-miss
1023 http fetch GET 200 https://registry.npmjs.org/function-bind 277ms (cache miss)
1024 silly packumentCache full:https://registry.npmjs.org/function-bind set size:undefined disposed:false
1025 silly fetch manifest call-bind@^1.0.7
1026 silly packumentCache full:https://registry.npmjs.org/call-bind cache-miss
1027 http fetch GET 200 https://registry.npmjs.org/call-bind 215ms (cache hit)
1028 silly packumentCache full:https://registry.npmjs.org/call-bind set size:30096 disposed:false
1029 silly fetch manifest es-abstract@^1.23.2
1030 silly packumentCache full:https://registry.npmjs.org/es-abstract cache-hit
1031 silly fetch manifest es-object-atoms@^1.0.0
1032 silly packumentCache full:https://registry.npmjs.org/es-object-atoms cache-miss
1033 http fetch GET 200 https://registry.npmjs.org/es-object-atoms 197ms (cache hit)
1034 silly packumentCache full:https://registry.npmjs.org/es-object-atoms set size:15304 disposed:false
1035 silly fetch manifest call-bound@^1.0.3
1036 silly packumentCache full:https://registry.npmjs.org/call-bound cache-miss
1037 http fetch GET 200 https://registry.npmjs.org/call-bound 239ms (cache hit)
1038 silly packumentCache full:https://registry.npmjs.org/call-bound set size:15317 disposed:false
1039 silly fetch manifest call-bound@^1.0.2
1040 silly packumentCache full:https://registry.npmjs.org/call-bound cache-hit
1041 silly fetch manifest json5@^1.0.2
1042 silly packumentCache full:https://registry.npmjs.org/json5 cache-miss
1043 http fetch GET 200 https://registry.npmjs.org/json5 299ms (cache miss)
1044 silly packumentCache full:https://registry.npmjs.org/json5 set size:undefined disposed:false
1045 silly fetch manifest minimist@^1.2.6
1046 silly packumentCache full:https://registry.npmjs.org/minimist cache-miss
1047 http fetch GET 200 https://registry.npmjs.org/minimist 199ms (cache miss)
1048 silly packumentCache full:https://registry.npmjs.org/minimist set size:undefined disposed:false
1049 silly fetch manifest strip-bom@^3.0.0
1050 silly packumentCache full:https://registry.npmjs.org/strip-bom cache-miss
1051 http fetch GET 200 https://registry.npmjs.org/strip-bom 219ms (cache miss)
1052 silly packumentCache full:https://registry.npmjs.org/strip-bom set size:undefined disposed:false
1053 silly fetch manifest @types/json5@^0.0.29
1054 silly packumentCache full:https://registry.npmjs.org/@types%2fjson5 cache-miss
1055 http fetch GET 200 https://registry.npmjs.org/@types%2fjson5 267ms (cache miss)
1056 silly packumentCache full:https://registry.npmjs.org/@types%2fjson5 set size:undefined disposed:false
1057 silly placeDep ROOT call-bind@1.0.8 OK for: array-includes@3.1.9 want: ^1.0.8
1058 silly placeDep ROOT call-bound@1.0.4 OK for: array-includes@3.1.9 want: ^1.0.4
1059 silly placeDep ROOT define-properties@1.2.1 OK for: array-includes@3.1.9 want: ^1.2.1
1060 silly placeDep ROOT es-abstract@1.24.1 OK for: array-includes@3.1.9 want: ^1.24.0
1061 silly placeDep ROOT es-object-atoms@1.1.1 OK for: array-includes@3.1.9 want: ^1.1.1
1062 silly placeDep ROOT get-intrinsic@1.3.0 OK for: array-includes@3.1.9 want: ^1.3.0
1063 silly placeDep ROOT is-string@1.1.1 OK for: array-includes@3.1.9 want: ^1.1.1
1064 silly placeDep ROOT math-intrinsics@1.1.0 OK for: array-includes@3.1.9 want: ^1.1.0
1065 silly fetch manifest call-bind-apply-helpers@^1.0.0
1066 silly packumentCache full:https://registry.npmjs.org/call-bind-apply-helpers cache-miss
1067 http fetch GET 200 https://registry.npmjs.org/call-bind-apply-helpers 237ms (cache miss)
1068 silly packumentCache full:https://registry.npmjs.org/call-bind-apply-helpers set size:undefined disposed:false
1069 silly fetch manifest es-define-property@^1.0.0
1070 silly packumentCache full:https://registry.npmjs.org/es-define-property cache-miss
1071 http fetch GET 200 https://registry.npmjs.org/es-define-property 205ms (cache miss)
1072 silly packumentCache full:https://registry.npmjs.org/es-define-property set size:undefined disposed:false
1073 silly fetch manifest get-intrinsic@^1.2.4
1074 silly packumentCache full:https://registry.npmjs.org/get-intrinsic cache-miss
1075 http fetch GET 200 https://registry.npmjs.org/get-intrinsic 73ms (cache hit)
1076 silly packumentCache full:https://registry.npmjs.org/get-intrinsic set size:60985 disposed:false
1077 silly fetch manifest set-function-length@^1.2.2
1078 silly packumentCache full:https://registry.npmjs.org/set-function-length cache-miss
1079 http fetch GET 200 https://registry.npmjs.org/set-function-length 129ms (cache miss)
1080 silly packumentCache full:https://registry.npmjs.org/set-function-length set size:undefined disposed:false
1081 silly fetch manifest call-bind-apply-helpers@^1.0.2
1082 silly packumentCache full:https://registry.npmjs.org/call-bind-apply-helpers cache-miss
1083 http fetch GET 200 https://registry.npmjs.org/call-bind-apply-helpers 80ms (cache hit)
1084 silly packumentCache full:https://registry.npmjs.org/call-bind-apply-helpers set size:12744 disposed:false
1085 silly fetch manifest define-data-property@^1.0.1
1086 silly packumentCache full:https://registry.npmjs.org/define-data-property cache-miss
1087 http fetch GET 200 https://registry.npmjs.org/define-data-property 168ms (cache miss)
1088 silly packumentCache full:https://registry.npmjs.org/define-data-property set size:undefined disposed:false
1089 silly fetch manifest has-property-descriptors@^1.0.0
1090 silly packumentCache full:https://registry.npmjs.org/has-property-descriptors cache-miss
1091 http fetch GET 200 https://registry.npmjs.org/has-property-descriptors 141ms (cache miss)
1092 silly packumentCache full:https://registry.npmjs.org/has-property-descriptors set size:undefined disposed:false
1093 silly fetch manifest object-keys@^1.1.1
1094 silly packumentCache full:https://registry.npmjs.org/object-keys cache-miss
1095 http fetch GET 200 https://registry.npmjs.org/object-keys 136ms (cache miss)
1096 silly packumentCache full:https://registry.npmjs.org/object-keys set size:undefined disposed:false
1097 silly fetch manifest array-buffer-byte-length@^1.0.2
1098 silly packumentCache full:https://registry.npmjs.org/array-buffer-byte-length cache-miss
1099 http fetch GET 200 https://registry.npmjs.org/array-buffer-byte-length 149ms (cache miss)
1100 silly packumentCache full:https://registry.npmjs.org/array-buffer-byte-length set size:undefined disposed:false
1101 silly fetch manifest arraybuffer.prototype.slice@^1.0.4
1102 silly packumentCache full:https://registry.npmjs.org/arraybuffer.prototype.slice cache-miss
1103 http fetch GET 200 https://registry.npmjs.org/arraybuffer.prototype.slice 162ms (cache miss)
1104 silly packumentCache full:https://registry.npmjs.org/arraybuffer.prototype.slice set size:undefined disposed:false
1105 silly fetch manifest available-typed-arrays@^1.0.7
1106 silly packumentCache full:https://registry.npmjs.org/available-typed-arrays cache-miss
1107 http fetch GET 200 https://registry.npmjs.org/available-typed-arrays 181ms (cache miss)
1108 silly packumentCache full:https://registry.npmjs.org/available-typed-arrays set size:undefined disposed:false
1109 silly fetch manifest data-view-buffer@^1.0.2
1110 silly packumentCache full:https://registry.npmjs.org/data-view-buffer cache-miss
1111 http fetch GET 200 https://registry.npmjs.org/data-view-buffer 170ms (cache miss)
1112 silly packumentCache full:https://registry.npmjs.org/data-view-buffer set size:undefined disposed:false
1113 silly fetch manifest data-view-byte-length@^1.0.2
1114 silly packumentCache full:https://registry.npmjs.org/data-view-byte-length cache-miss
1115 http fetch GET 200 https://registry.npmjs.org/data-view-byte-length 143ms (cache miss)
1116 silly packumentCache full:https://registry.npmjs.org/data-view-byte-length set size:undefined disposed:false
1117 silly fetch manifest data-view-byte-offset@^1.0.1
1118 silly packumentCache full:https://registry.npmjs.org/data-view-byte-offset cache-miss
1119 http fetch GET 200 https://registry.npmjs.org/data-view-byte-offset 135ms (cache miss)
1120 silly packumentCache full:https://registry.npmjs.org/data-view-byte-offset set size:undefined disposed:false
1121 silly fetch manifest es-define-property@^1.0.1
1122 silly packumentCache full:https://registry.npmjs.org/es-define-property cache-miss
1123 http fetch GET 200 https://registry.npmjs.org/es-define-property 73ms (cache hit)
1124 silly packumentCache full:https://registry.npmjs.org/es-define-property set size:8542 disposed:false
1125 silly fetch manifest es-set-tostringtag@^2.1.0
1126 silly packumentCache full:https://registry.npmjs.org/es-set-tostringtag cache-miss
1127 http fetch GET 200 https://registry.npmjs.org/es-set-tostringtag 107ms (cache miss)
1128 silly packumentCache full:https://registry.npmjs.org/es-set-tostringtag set size:undefined disposed:false
1129 silly fetch manifest es-to-primitive@^1.3.0
1130 silly packumentCache full:https://registry.npmjs.org/es-to-primitive cache-miss
1131 http fetch GET 200 https://registry.npmjs.org/es-to-primitive 145ms (cache miss)
1132 silly packumentCache full:https://registry.npmjs.org/es-to-primitive set size:undefined disposed:false
1133 silly fetch manifest function.prototype.name@^1.1.8
1134 silly packumentCache full:https://registry.npmjs.org/function.prototype.name cache-miss
1135 http fetch GET 200 https://registry.npmjs.org/function.prototype.name 132ms (cache miss)
1136 silly packumentCache full:https://registry.npmjs.org/function.prototype.name set size:undefined disposed:false
1137 silly fetch manifest get-proto@^1.0.1
1138 silly packumentCache full:https://registry.npmjs.org/get-proto cache-miss
1139 http fetch GET 200 https://registry.npmjs.org/get-proto 122ms (cache miss)
1140 silly packumentCache full:https://registry.npmjs.org/get-proto set size:undefined disposed:false
1141 silly fetch manifest get-symbol-description@^1.1.0
1142 silly packumentCache full:https://registry.npmjs.org/get-symbol-description cache-miss
1143 http fetch GET 200 https://registry.npmjs.org/get-symbol-description 185ms (cache miss)
1144 silly packumentCache full:https://registry.npmjs.org/get-symbol-description set size:undefined disposed:false
1145 silly fetch manifest globalthis@^1.0.4
1146 silly packumentCache full:https://registry.npmjs.org/globalthis cache-miss
1147 http fetch GET 200 https://registry.npmjs.org/globalthis 184ms (cache miss)
1148 silly packumentCache full:https://registry.npmjs.org/globalthis set size:undefined disposed:false
1149 silly fetch manifest gopd@^1.2.0
1150 silly packumentCache full:https://registry.npmjs.org/gopd cache-miss
1151 http fetch GET 200 https://registry.npmjs.org/gopd 186ms (cache miss)
1152 silly packumentCache full:https://registry.npmjs.org/gopd set size:undefined disposed:false
1153 silly fetch manifest has-property-descriptors@^1.0.2
1154 silly packumentCache full:https://registry.npmjs.org/has-property-descriptors cache-miss
1155 http fetch GET 200 https://registry.npmjs.org/has-property-descriptors 182ms (cache hit)
1156 silly packumentCache full:https://registry.npmjs.org/has-property-descriptors set size:12452 disposed:false
1157 silly fetch manifest has-proto@^1.2.0
1158 silly packumentCache full:https://registry.npmjs.org/has-proto cache-miss
1159 http fetch GET 200 https://registry.npmjs.org/has-proto 320ms (cache miss)
1160 silly packumentCache full:https://registry.npmjs.org/has-proto set size:undefined disposed:false
1161 silly fetch manifest has-symbols@^1.1.0
1162 silly packumentCache full:https://registry.npmjs.org/has-symbols cache-miss
1163 http fetch GET 200 https://registry.npmjs.org/has-symbols 261ms (cache miss)
1164 silly packumentCache full:https://registry.npmjs.org/has-symbols set size:undefined disposed:false
1165 silly fetch manifest internal-slot@^1.1.0
1166 silly packumentCache full:https://registry.npmjs.org/internal-slot cache-miss
1167 http fetch GET 200 https://registry.npmjs.org/internal-slot 190ms (cache miss)
1168 silly packumentCache full:https://registry.npmjs.org/internal-slot set size:undefined disposed:false
1169 silly fetch manifest is-array-buffer@^3.0.5
1170 silly packumentCache full:https://registry.npmjs.org/is-array-buffer cache-miss
1171 http fetch GET 200 https://registry.npmjs.org/is-array-buffer 303ms (cache miss)
1172 silly packumentCache full:https://registry.npmjs.org/is-array-buffer set size:undefined disposed:false
1173 silly fetch manifest is-callable@^1.2.7
1174 silly packumentCache full:https://registry.npmjs.org/is-callable cache-miss
1175 http fetch GET 200 https://registry.npmjs.org/is-callable 235ms (cache miss)
1176 silly packumentCache full:https://registry.npmjs.org/is-callable set size:undefined disposed:false
1177 silly fetch manifest is-data-view@^1.0.2
1178 silly packumentCache full:https://registry.npmjs.org/is-data-view cache-miss
1179 http fetch GET 200 https://registry.npmjs.org/is-data-view 239ms (cache miss)
1180 silly packumentCache full:https://registry.npmjs.org/is-data-view set size:undefined disposed:false
1181 silly fetch manifest is-negative-zero@^2.0.3
1182 silly packumentCache full:https://registry.npmjs.org/is-negative-zero cache-miss
1183 http fetch GET 200 https://registry.npmjs.org/is-negative-zero 274ms (cache miss)
1184 silly packumentCache full:https://registry.npmjs.org/is-negative-zero set size:undefined disposed:false
1185 silly fetch manifest is-regex@^1.2.1
1186 silly packumentCache full:https://registry.npmjs.org/is-regex cache-miss
1187 http fetch GET 200 https://registry.npmjs.org/is-regex 272ms (cache miss)
1188 silly packumentCache full:https://registry.npmjs.org/is-regex set size:undefined disposed:false
1189 silly fetch manifest is-set@^2.0.3
1190 silly packumentCache full:https://registry.npmjs.org/is-set cache-miss
1191 http fetch GET 200 https://registry.npmjs.org/is-set 279ms (cache miss)
1192 silly packumentCache full:https://registry.npmjs.org/is-set set size:undefined disposed:false
1193 silly fetch manifest is-shared-array-buffer@^1.0.4
1194 silly packumentCache full:https://registry.npmjs.org/is-shared-array-buffer cache-miss
1195 http fetch GET 200 https://registry.npmjs.org/is-shared-array-buffer 264ms (cache miss)
1196 silly packumentCache full:https://registry.npmjs.org/is-shared-array-buffer set size:undefined disposed:false
1197 silly fetch manifest is-typed-array@^1.1.15
1198 silly packumentCache full:https://registry.npmjs.org/is-typed-array cache-miss
1199 http fetch GET 200 https://registry.npmjs.org/is-typed-array 372ms (cache miss)
1200 silly packumentCache full:https://registry.npmjs.org/is-typed-array set size:undefined disposed:false
1201 silly fetch manifest is-weakref@^1.1.1
1202 silly packumentCache full:https://registry.npmjs.org/is-weakref cache-miss
1203 http fetch GET 200 https://registry.npmjs.org/is-weakref 128ms (cache miss)
1204 silly packumentCache full:https://registry.npmjs.org/is-weakref set size:undefined disposed:false
1205 silly fetch manifest object-inspect@^1.13.4
1206 silly packumentCache full:https://registry.npmjs.org/object-inspect cache-miss
1207 http fetch GET 200 https://registry.npmjs.org/object-inspect 136ms (cache miss)
1208 silly packumentCache full:https://registry.npmjs.org/object-inspect set size:undefined disposed:false
1209 silly fetch manifest object.assign@^4.1.7
1210 silly packumentCache full:https://registry.npmjs.org/object.assign cache-miss
1211 http fetch GET 200 https://registry.npmjs.org/object.assign 118ms (cache miss)
1212 silly packumentCache full:https://registry.npmjs.org/object.assign set size:undefined disposed:false
1213 silly fetch manifest own-keys@^1.0.1
1214 silly packumentCache full:https://registry.npmjs.org/own-keys cache-miss
1215 http fetch GET 200 https://registry.npmjs.org/own-keys 118ms (cache miss)
1216 silly packumentCache full:https://registry.npmjs.org/own-keys set size:undefined disposed:false
1217 silly fetch manifest regexp.prototype.flags@^1.5.4
1218 silly packumentCache full:https://registry.npmjs.org/regexp.prototype.flags cache-miss
1219 http fetch GET 200 https://registry.npmjs.org/regexp.prototype.flags 173ms (cache miss)
1220 silly packumentCache full:https://registry.npmjs.org/regexp.prototype.flags set size:undefined disposed:false
1221 silly fetch manifest safe-array-concat@^1.1.3
1222 silly packumentCache full:https://registry.npmjs.org/safe-array-concat cache-miss
1223 http fetch GET 200 https://registry.npmjs.org/safe-array-concat 223ms (cache miss)
1224 silly packumentCache full:https://registry.npmjs.org/safe-array-concat set size:undefined disposed:false
1225 silly fetch manifest safe-push-apply@^1.0.0
1226 silly packumentCache full:https://registry.npmjs.org/safe-push-apply cache-miss
1227 http fetch GET 200 https://registry.npmjs.org/safe-push-apply 212ms (cache miss)
1228 silly packumentCache full:https://registry.npmjs.org/safe-push-apply set size:undefined disposed:false
1229 silly fetch manifest safe-regex-test@^1.1.0
1230 silly packumentCache full:https://registry.npmjs.org/safe-regex-test cache-miss
1231 http fetch GET 200 https://registry.npmjs.org/safe-regex-test 119ms (cache hit)
1232 silly packumentCache full:https://registry.npmjs.org/safe-regex-test set size:17412 disposed:false
1233 silly fetch manifest set-proto@^1.0.0
1234 silly packumentCache full:https://registry.npmjs.org/set-proto cache-miss
1235 http fetch GET 200 https://registry.npmjs.org/set-proto 181ms (cache miss)
1236 silly packumentCache full:https://registry.npmjs.org/set-proto set size:undefined disposed:false
1237 silly fetch manifest stop-iteration-iterator@^1.1.0
1238 silly packumentCache full:https://registry.npmjs.org/stop-iteration-iterator cache-miss
1239 http fetch GET 200 https://registry.npmjs.org/stop-iteration-iterator 227ms (cache miss)
1240 silly packumentCache full:https://registry.npmjs.org/stop-iteration-iterator set size:undefined disposed:false
1241 silly fetch manifest string.prototype.trim@^1.2.10
1242 silly packumentCache full:https://registry.npmjs.org/string.prototype.trim cache-miss
1243 http fetch GET 200 https://registry.npmjs.org/string.prototype.trim 175ms (cache miss)
1244 silly packumentCache full:https://registry.npmjs.org/string.prototype.trim set size:undefined disposed:false
1245 silly fetch manifest string.prototype.trimstart@^1.0.8
1246 silly packumentCache full:https://registry.npmjs.org/string.prototype.trimstart cache-miss
1247 http fetch GET 200 https://registry.npmjs.org/string.prototype.trimstart 166ms (cache miss)
1248 silly packumentCache full:https://registry.npmjs.org/string.prototype.trimstart set size:undefined disposed:false
1249 silly fetch manifest typed-array-buffer@^1.0.3
1250 silly packumentCache full:https://registry.npmjs.org/typed-array-buffer cache-miss
1251 http fetch GET 200 https://registry.npmjs.org/typed-array-buffer 132ms (cache miss)
1252 silly packumentCache full:https://registry.npmjs.org/typed-array-buffer set size:undefined disposed:false
1253 silly fetch manifest typed-array-byte-length@^1.0.3
1254 silly packumentCache full:https://registry.npmjs.org/typed-array-byte-length cache-miss
1255 http fetch GET 200 https://registry.npmjs.org/typed-array-byte-length 146ms (cache miss)
1256 silly packumentCache full:https://registry.npmjs.org/typed-array-byte-length set size:undefined disposed:false
1257 silly fetch manifest typed-array-byte-offset@^1.0.4
1258 silly packumentCache full:https://registry.npmjs.org/typed-array-byte-offset cache-miss
1259 http fetch GET 200 https://registry.npmjs.org/typed-array-byte-offset 180ms (cache miss)
1260 silly packumentCache full:https://registry.npmjs.org/typed-array-byte-offset set size:undefined disposed:false
1261 silly fetch manifest typed-array-length@^1.0.7
1262 silly packumentCache full:https://registry.npmjs.org/typed-array-length cache-miss
1263 http fetch GET 200 https://registry.npmjs.org/typed-array-length 314ms (cache miss)
1264 silly packumentCache full:https://registry.npmjs.org/typed-array-length set size:undefined disposed:false
1265 silly fetch manifest unbox-primitive@^1.1.0
1266 silly packumentCache full:https://registry.npmjs.org/unbox-primitive cache-miss
1267 http fetch GET 200 https://registry.npmjs.org/unbox-primitive 115ms (cache miss)
1268 silly packumentCache full:https://registry.npmjs.org/unbox-primitive set size:undefined disposed:false
1269 silly fetch manifest which-typed-array@^1.1.19
1270 silly packumentCache full:https://registry.npmjs.org/which-typed-array cache-miss
1271 http fetch GET 200 https://registry.npmjs.org/which-typed-array 134ms (cache miss)
1272 silly packumentCache full:https://registry.npmjs.org/which-typed-array set size:undefined disposed:false
1273 silly fetch manifest has-tostringtag@^1.0.2
1274 silly packumentCache full:https://registry.npmjs.org/has-tostringtag cache-miss
1275 http fetch GET 200 https://registry.npmjs.org/has-tostringtag 138ms (cache miss)
1276 silly packumentCache full:https://registry.npmjs.org/has-tostringtag set size:undefined disposed:false
1277 silly placeDep ROOT es-errors@1.3.0 OK for: array.prototype.findlastindex@1.2.6 want: ^1.3.0
1278 silly placeDep ROOT es-shim-unscopables@1.1.0 OK for: array.prototype.findlastindex@1.2.6 want: ^1.1.0
1279 silly placeDep ROOT call-bind-apply-helpers@1.0.2 OK for: call-bind@1.0.8 want: ^1.0.0
1280 silly placeDep ROOT es-define-property@1.0.1 OK for: call-bind@1.0.8 want: ^1.0.0
1281 silly placeDep ROOT set-function-length@1.2.2 OK for: call-bind@1.0.8 want: ^1.2.2
1282 silly fetch manifest define-data-property@^1.1.4
1283 silly packumentCache full:https://registry.npmjs.org/define-data-property cache-miss
1284 http fetch GET 200 https://registry.npmjs.org/define-data-property 77ms (cache hit)
1285 silly packumentCache full:https://registry.npmjs.org/define-data-property set size:28048 disposed:false
1286 silly fetch manifest gopd@^1.0.1
1287 silly packumentCache full:https://registry.npmjs.org/gopd cache-miss
1288 http fetch GET 200 https://registry.npmjs.org/gopd 58ms (cache hit)
1289 silly packumentCache full:https://registry.npmjs.org/gopd set size:11458 disposed:false
1290 silly placeDep ROOT function-bind@1.1.2 OK for: call-bind-apply-helpers@1.0.2 want: ^1.1.2
1291 silly placeDep ROOT define-data-property@1.1.4 OK for: define-properties@1.2.1 want: ^1.0.1
1292 silly placeDep ROOT has-property-descriptors@1.0.2 OK for: define-properties@1.2.1 want: ^1.0.0
1293 silly placeDep ROOT object-keys@1.1.1 OK for: define-properties@1.2.1 want: ^1.1.1
1294 silly placeDep ROOT gopd@1.2.0 OK for: define-data-property@1.1.4 want: ^1.0.1
1295 silly placeDep ROOT array-buffer-byte-length@1.0.2 OK for: es-abstract@1.24.1 want: ^1.0.2
1296 silly placeDep ROOT arraybuffer.prototype.slice@1.0.4 OK for: es-abstract@1.24.1 want: ^1.0.4
1297 silly placeDep ROOT available-typed-arrays@1.0.7 OK for: es-abstract@1.24.1 want: ^1.0.7
1298 silly placeDep ROOT data-view-buffer@1.0.2 OK for: es-abstract@1.24.1 want: ^1.0.2
1299 silly placeDep ROOT data-view-byte-length@1.0.2 OK for: es-abstract@1.24.1 want: ^1.0.2
1300 silly placeDep ROOT data-view-byte-offset@1.0.1 OK for: es-abstract@1.24.1 want: ^1.0.1
1301 silly placeDep ROOT es-set-tostringtag@2.1.0 OK for: es-abstract@1.24.1 want: ^2.1.0
1302 silly placeDep ROOT es-to-primitive@1.3.0 OK for: es-abstract@1.24.1 want: ^1.3.0
1303 silly placeDep ROOT function.prototype.name@1.1.8 OK for: es-abstract@1.24.1 want: ^1.1.8
1304 silly placeDep ROOT get-proto@1.0.1 OK for: es-abstract@1.24.1 want: ^1.0.1
1305 silly placeDep ROOT get-symbol-description@1.1.0 OK for: es-abstract@1.24.1 want: ^1.1.0
1306 silly placeDep ROOT globalthis@1.0.4 OK for: es-abstract@1.24.1 want: ^1.0.4
1307 silly placeDep ROOT has-proto@1.2.0 OK for: es-abstract@1.24.1 want: ^1.2.0
1308 silly placeDep ROOT has-symbols@1.1.0 OK for: es-abstract@1.24.1 want: ^1.1.0
1309 silly placeDep ROOT internal-slot@1.1.0 OK for: es-abstract@1.24.1 want: ^1.1.0
1310 silly placeDep ROOT is-array-buffer@3.0.5 OK for: es-abstract@1.24.1 want: ^3.0.5
1311 silly placeDep ROOT is-callable@1.2.7 OK for: es-abstract@1.24.1 want: ^1.2.7
1312 silly placeDep ROOT is-data-view@1.0.2 OK for: es-abstract@1.24.1 want: ^1.0.2
1313 silly placeDep ROOT is-negative-zero@2.0.3 OK for: es-abstract@1.24.1 want: ^2.0.3
1314 silly placeDep ROOT is-regex@1.2.1 OK for: es-abstract@1.24.1 want: ^1.2.1
1315 silly placeDep ROOT is-set@2.0.3 OK for: es-abstract@1.24.1 want: ^2.0.3
1316 silly placeDep ROOT is-shared-array-buffer@1.0.4 OK for: es-abstract@1.24.1 want: ^1.0.4
1317 silly placeDep ROOT is-typed-array@1.1.15 OK for: es-abstract@1.24.1 want: ^1.1.15
1318 silly placeDep ROOT is-weakref@1.1.1 OK for: es-abstract@1.24.1 want: ^1.1.1
1319 silly placeDep ROOT object-inspect@1.13.4 OK for: es-abstract@1.24.1 want: ^1.13.4
1320 silly placeDep ROOT object.assign@4.1.7 OK for: es-abstract@1.24.1 want: ^4.1.7
1321 silly placeDep ROOT own-keys@1.0.1 OK for: es-abstract@1.24.1 want: ^1.0.1
1322 silly placeDep ROOT regexp.prototype.flags@1.5.4 OK for: es-abstract@1.24.1 want: ^1.5.4
1323 silly placeDep ROOT safe-array-concat@1.1.3 OK for: es-abstract@1.24.1 want: ^1.1.3
1324 silly placeDep ROOT safe-push-apply@1.0.0 OK for: es-abstract@1.24.1 want: ^1.0.0
1325 silly placeDep ROOT safe-regex-test@1.1.0 OK for: es-abstract@1.24.1 want: ^1.1.0
1326 silly placeDep ROOT set-proto@1.0.0 OK for: es-abstract@1.24.1 want: ^1.0.0
1327 silly placeDep ROOT stop-iteration-iterator@1.1.0 OK for: es-abstract@1.24.1 want: ^1.1.0
1328 silly placeDep ROOT string.prototype.trim@1.2.10 OK for: es-abstract@1.24.1 want: ^1.2.10
1329 silly placeDep ROOT string.prototype.trimstart@1.0.8 OK for: es-abstract@1.24.1 want: ^1.0.8
1330 silly placeDep ROOT typed-array-buffer@1.0.3 OK for: es-abstract@1.24.1 want: ^1.0.3
1331 silly placeDep ROOT typed-array-byte-length@1.0.3 OK for: es-abstract@1.24.1 want: ^1.0.3
1332 silly placeDep ROOT typed-array-byte-offset@1.0.4 OK for: es-abstract@1.24.1 want: ^1.0.4
1333 silly placeDep ROOT typed-array-length@1.0.7 OK for: es-abstract@1.24.1 want: ^1.0.7
1334 silly placeDep ROOT unbox-primitive@1.1.0 OK for: es-abstract@1.24.1 want: ^1.1.0
1335 silly placeDep ROOT which-typed-array@1.1.20 OK for: es-abstract@1.24.1 want: ^1.1.19
1336 silly fetch manifest is-array-buffer@^3.0.4
1337 silly packumentCache full:https://registry.npmjs.org/is-array-buffer cache-miss
1338 http fetch GET 200 https://registry.npmjs.org/is-array-buffer 83ms (cache hit)
1339 silly packumentCache full:https://registry.npmjs.org/is-array-buffer set size:33562 disposed:false
1340 silly fetch manifest possible-typed-array-names@^1.0.0
1341 silly packumentCache full:https://registry.npmjs.org/possible-typed-array-names cache-miss
1342 http fetch GET 200 https://registry.npmjs.org/possible-typed-array-names 131ms (cache miss)
1343 silly packumentCache full:https://registry.npmjs.org/possible-typed-array-names set size:undefined disposed:false
1344 silly fetch manifest is-data-view@^1.0.1
1345 silly packumentCache full:https://registry.npmjs.org/is-data-view cache-miss
1346 http fetch GET 200 https://registry.npmjs.org/is-data-view 64ms (cache hit)
1347 silly packumentCache full:https://registry.npmjs.org/is-data-view set size:13756 disposed:false
1348 silly fetch manifest is-date-object@^1.0.5
1349 silly packumentCache full:https://registry.npmjs.org/is-date-object cache-miss
1350 http fetch GET 200 https://registry.npmjs.org/is-date-object 120ms (cache miss)
1351 silly packumentCache full:https://registry.npmjs.org/is-date-object set size:undefined disposed:false
1352 silly fetch manifest is-symbol@^1.0.4
1353 silly packumentCache full:https://registry.npmjs.org/is-symbol cache-miss
1354 http fetch GET 200 https://registry.npmjs.org/is-symbol 205ms (cache miss)
1355 silly packumentCache full:https://registry.npmjs.org/is-symbol set size:undefined disposed:false
1356 silly fetch manifest functions-have-names@^1.2.3
1357 silly packumentCache full:https://registry.npmjs.org/functions-have-names cache-miss
1358 http fetch GET 200 https://registry.npmjs.org/functions-have-names 179ms (cache miss)
1359 silly packumentCache full:https://registry.npmjs.org/functions-have-names set size:undefined disposed:false
1360 silly fetch manifest dunder-proto@^1.0.1
1361 silly packumentCache full:https://registry.npmjs.org/dunder-proto cache-miss
1362 http fetch GET 200 https://registry.npmjs.org/dunder-proto 136ms (cache miss)
1363 silly packumentCache full:https://registry.npmjs.org/dunder-proto set size:undefined disposed:false
1364 silly fetch manifest dunder-proto@^1.0.0
1365 silly packumentCache full:https://registry.npmjs.org/dunder-proto cache-miss
1366 http fetch GET 200 https://registry.npmjs.org/dunder-proto 97ms (cache hit)
1367 silly packumentCache full:https://registry.npmjs.org/dunder-proto set size:8256 disposed:false
1368 silly fetch manifest side-channel@^1.1.0
1369 silly packumentCache full:https://registry.npmjs.org/side-channel cache-miss
1370 http fetch GET 200 https://registry.npmjs.org/side-channel 155ms (cache miss)
1371 silly packumentCache full:https://registry.npmjs.org/side-channel set size:undefined disposed:false
1372 silly fetch manifest is-typed-array@^1.1.13
1373 silly packumentCache full:https://registry.npmjs.org/is-typed-array cache-miss
1374 http fetch GET 200 https://registry.npmjs.org/is-typed-array 113ms (cache hit)
1375 silly packumentCache full:https://registry.npmjs.org/is-typed-array set size:79965 disposed:false
1376 silly fetch manifest which-typed-array@^1.1.16
1377 silly packumentCache full:https://registry.npmjs.org/which-typed-array cache-miss
1378 http fetch GET 200 https://registry.npmjs.org/which-typed-array 194ms (cache hit)
1379 silly packumentCache full:https://registry.npmjs.org/which-typed-array set size:93605 disposed:false
1380 silly fetch manifest set-function-name@^2.0.2
1381 silly packumentCache full:https://registry.npmjs.org/set-function-name cache-miss
1382 http fetch GET 200 https://registry.npmjs.org/set-function-name 213ms (cache miss)
1383 silly packumentCache full:https://registry.npmjs.org/set-function-name set size:undefined disposed:false
1384 silly fetch manifest isarray@^2.0.5
1385 silly packumentCache full:https://registry.npmjs.org/isarray cache-miss
1386 http fetch GET 200 https://registry.npmjs.org/isarray 284ms (cache miss)
1387 silly packumentCache full:https://registry.npmjs.org/isarray set size:undefined disposed:false
1388 silly fetch manifest for-each@^0.3.3
1389 silly packumentCache full:https://registry.npmjs.org/for-each cache-miss
1390 http fetch GET 200 https://registry.npmjs.org/for-each 203ms (cache miss)
1391 silly packumentCache full:https://registry.npmjs.org/for-each set size:undefined disposed:false
1392 silly fetch manifest reflect.getprototypeof@^1.0.9
1393 silly packumentCache full:https://registry.npmjs.org/reflect.getprototypeof cache-miss
1394 http fetch GET 200 https://registry.npmjs.org/reflect.getprototypeof 156ms (cache miss)
1395 silly packumentCache full:https://registry.npmjs.org/reflect.getprototypeof set size:undefined disposed:false
1396 silly fetch manifest reflect.getprototypeof@^1.0.6
1397 silly packumentCache full:https://registry.npmjs.org/reflect.getprototypeof cache-miss
1398 http fetch GET 200 https://registry.npmjs.org/reflect.getprototypeof 69ms (cache hit)
1399 silly packumentCache full:https://registry.npmjs.org/reflect.getprototypeof set size:44083 disposed:false
1400 silly fetch manifest has-bigints@^1.0.2
1401 silly packumentCache full:https://registry.npmjs.org/has-bigints cache-miss
1402 http fetch GET 200 https://registry.npmjs.org/has-bigints 299ms (cache miss)
1403 silly packumentCache full:https://registry.npmjs.org/has-bigints set size:undefined disposed:false
1404 silly fetch manifest which-boxed-primitive@^1.1.1
1405 silly packumentCache full:https://registry.npmjs.org/which-boxed-primitive cache-miss
1406 http fetch GET 200 https://registry.npmjs.org/which-boxed-primitive 114ms (cache miss)
1407 silly packumentCache full:https://registry.npmjs.org/which-boxed-primitive set size:undefined disposed:false
1408 silly fetch manifest for-each@^0.3.5
1409 silly packumentCache full:https://registry.npmjs.org/for-each cache-miss
1410 http fetch GET 200 https://registry.npmjs.org/for-each 80ms (cache hit)
1411 silly packumentCache full:https://registry.npmjs.org/for-each set size:14327 disposed:false
1412 silly placeDep ROOT possible-typed-array-names@1.1.0 OK for: available-typed-arrays@1.0.7 want: ^1.0.0
1413 silly placeDep ROOT has-tostringtag@1.0.2 OK for: es-set-tostringtag@2.1.0 want: ^1.0.2
1414 silly placeDep ROOT is-date-object@1.1.0 OK for: es-to-primitive@1.3.0 want: ^1.0.5
1415 silly placeDep ROOT is-symbol@1.1.1 OK for: es-to-primitive@1.3.0 want: ^1.0.4
1416 silly placeDep node_modules/eslint-module-utils debug@3.2.7 OK for: eslint-module-utils@2.12.1 want: ^3.2.7
1417 silly placeDep ROOT aria-query@5.3.2 OK for: eslint-plugin-jsx-a11y@6.10.2 want: ^5.3.2
1418 silly placeDep ROOT ast-types-flow@0.0.8 OK for: eslint-plugin-jsx-a11y@6.10.2 want: ^0.0.8
1419 silly placeDep ROOT axe-core@4.11.1 OK for: eslint-plugin-jsx-a11y@6.10.2 want: ^4.10.0
1420 silly placeDep ROOT axobject-query@4.1.0 OK for: eslint-plugin-jsx-a11y@6.10.2 want: ^4.1.0
1421 silly placeDep ROOT damerau-levenshtein@1.0.8 OK for: eslint-plugin-jsx-a11y@6.10.2 want: ^1.0.8
1422 silly placeDep ROOT emoji-regex@9.2.2 OK for: eslint-plugin-jsx-a11y@6.10.2 want: ^9.2.2
1423 silly placeDep ROOT jsx-ast-utils@3.3.5 OK for: eslint-plugin-jsx-a11y@6.10.2 want: ^3.3.5
1424 silly placeDep ROOT language-tags@1.0.9 OK for: eslint-plugin-jsx-a11y@6.10.2 want: ^1.0.9
1425 silly placeDep ROOT string.prototype.includes@2.0.1 OK for: eslint-plugin-jsx-a11y@6.10.2 want: ^2.0.1
1426 silly fetch manifest language-subtag-registry@^0.3.20
1427 silly packumentCache full:https://registry.npmjs.org/language-subtag-registry cache-miss
1428 http fetch GET 200 https://registry.npmjs.org/language-subtag-registry 143ms (cache miss)
1429 silly packumentCache full:https://registry.npmjs.org/language-subtag-registry set size:undefined disposed:false
1430 silly placeDep ROOT array.prototype.findlast@1.2.5 OK for: eslint-plugin-react@7.37.5 want: ^1.2.5
1431 silly placeDep ROOT array.prototype.tosorted@1.1.4 OK for: eslint-plugin-react@7.37.5 want: ^1.1.4
1432 silly placeDep ROOT es-iterator-helpers@1.2.2 OK for: eslint-plugin-react@7.37.5 want: ^1.2.1
1433 silly placeDep ROOT estraverse@5.3.0 OK for: eslint-plugin-react@7.37.5 want: ^5.3.0
1434 silly placeDep ROOT object.entries@1.1.9 OK for: eslint-plugin-react@7.37.5 want: ^1.1.9
1435 silly placeDep ROOT prop-types@15.8.1 OK for: eslint-plugin-react@7.37.5 want: ^15.8.1
1436 silly placeDep node_modules/eslint-plugin-react resolve@2.0.0-next.5 OK for: eslint-plugin-react@7.37.5 want: ^2.0.0-next.5
1437 silly placeDep ROOT string.prototype.matchall@4.0.12 OK for: eslint-plugin-react@7.37.5 want: ^4.0.12
1438 silly placeDep ROOT string.prototype.repeat@1.0.0 OK for: eslint-plugin-react@7.37.5 want: ^1.0.0
1439 silly fetch manifest iterator.prototype@^1.1.5
1440 silly packumentCache full:https://registry.npmjs.org/iterator.prototype cache-miss
1441 http fetch GET 200 https://registry.npmjs.org/iterator.prototype 196ms (cache miss)
1442 silly packumentCache full:https://registry.npmjs.org/iterator.prototype set size:undefined disposed:false
1443 silly fetch manifest loose-envify@^1.4.0
1444 silly packumentCache full:https://registry.npmjs.org/loose-envify cache-miss
1445 http fetch GET 200 https://registry.npmjs.org/loose-envify 251ms (cache miss)
1446 silly packumentCache full:https://registry.npmjs.org/loose-envify set size:undefined disposed:false
1447 silly fetch manifest object-assign@^4.1.1
1448 silly packumentCache full:https://registry.npmjs.org/object-assign cache-miss
1449 http fetch GET 200 https://registry.npmjs.org/object-assign 307ms (cache miss)
1450 silly packumentCache full:https://registry.npmjs.org/object-assign set size:undefined disposed:false
1451 silly fetch manifest react-is@^16.13.1
1452 silly packumentCache full:https://registry.npmjs.org/react-is cache-miss
1453 http fetch GET 200 https://registry.npmjs.org/react-is 1012ms (cache miss)
1454 silly packumentCache full:https://registry.npmjs.org/react-is set size:undefined disposed:false
1455 silly placeDep ROOT iterator.prototype@1.1.5 OK for: es-iterator-helpers@1.2.2 want: ^1.1.5
1456 silly placeDep ROOT @babel/core@7.28.6 OK for: eslint-plugin-react-hooks@7.0.1 want: ^7.24.4
1457 silly placeDep ROOT @babel/parser@7.28.6 OK for: eslint-plugin-react-hooks@7.0.1 want: ^7.24.4
1458 silly placeDep ROOT hermes-parser@0.25.1 OK for: eslint-plugin-react-hooks@7.0.1 want: ^0.25.1
1459 silly placeDep ROOT zod@4.3.5 OK for: eslint-plugin-react-hooks@7.0.1 want: ^3.25.0 || ^4.0.0
1460 silly placeDep ROOT zod-validation-error@4.0.2 OK for: eslint-plugin-react-hooks@7.0.1 want: ^3.5.0 || ^4.0.0
1461 silly fetch manifest @babel/code-frame@^7.28.6
1462 silly packumentCache full:https://registry.npmjs.org/@babel%2fcode-frame cache-miss
1463 http fetch GET 200 https://registry.npmjs.org/@babel%2fcode-frame 276ms (cache miss)
1464 silly packumentCache full:https://registry.npmjs.org/@babel%2fcode-frame set size:undefined disposed:false
1465 silly fetch manifest @babel/generator@^7.28.6
1466 silly packumentCache full:https://registry.npmjs.org/@babel%2fgenerator cache-miss
1467 http fetch GET 200 https://registry.npmjs.org/@babel%2fgenerator 239ms (cache miss)
1468 silly packumentCache full:https://registry.npmjs.org/@babel%2fgenerator set size:undefined disposed:false
1469 silly fetch manifest @babel/helper-compilation-targets@^7.28.6
1470 silly packumentCache full:https://registry.npmjs.org/@babel%2fhelper-compilation-targets cache-miss
1471 http fetch GET 200 https://registry.npmjs.org/@babel%2fhelper-compilation-targets 210ms (cache miss)
1472 silly packumentCache full:https://registry.npmjs.org/@babel%2fhelper-compilation-targets set size:undefined disposed:false
1473 silly fetch manifest @babel/helper-module-transforms@^7.28.6
1474 silly packumentCache full:https://registry.npmjs.org/@babel%2fhelper-module-transforms cache-miss
1475 http fetch GET 200 https://registry.npmjs.org/@babel%2fhelper-module-transforms 203ms (cache miss)
1476 silly packumentCache full:https://registry.npmjs.org/@babel%2fhelper-module-transforms set size:undefined disposed:false
1477 silly fetch manifest @babel/helpers@^7.28.6
1478 silly packumentCache full:https://registry.npmjs.org/@babel%2fhelpers cache-miss
1479 http fetch GET 200 https://registry.npmjs.org/@babel%2fhelpers 237ms (cache miss)
1480 silly packumentCache full:https://registry.npmjs.org/@babel%2fhelpers set size:undefined disposed:false
1481 silly fetch manifest @babel/parser@^7.28.6
1482 silly packumentCache full:https://registry.npmjs.org/@babel%2fparser cache-miss
1483 http fetch GET 200 https://registry.npmjs.org/@babel%2fparser 122ms (cache hit)
1484 silly packumentCache full:https://registry.npmjs.org/@babel%2fparser set size:707345 disposed:false
1485 silly fetch manifest @babel/template@^7.28.6
1486 silly packumentCache full:https://registry.npmjs.org/@babel%2ftemplate cache-miss
1487 http fetch GET 200 https://registry.npmjs.org/@babel%2ftemplate 128ms (cache miss)
1488 silly packumentCache full:https://registry.npmjs.org/@babel%2ftemplate set size:undefined disposed:false
1489 silly fetch manifest @babel/traverse@^7.28.6
1490 silly packumentCache full:https://registry.npmjs.org/@babel%2ftraverse cache-miss
1491 http fetch GET 200 https://registry.npmjs.org/@babel%2ftraverse 199ms (cache miss)
1492 silly packumentCache full:https://registry.npmjs.org/@babel%2ftraverse set size:undefined disposed:false
1493 silly fetch manifest @babel/types@^7.28.6
1494 silly packumentCache full:https://registry.npmjs.org/@babel%2ftypes cache-miss
1495 http fetch GET 200 https://registry.npmjs.org/@babel%2ftypes 168ms (cache miss)
1496 silly packumentCache full:https://registry.npmjs.org/@babel%2ftypes set size:undefined disposed:false
1497 silly fetch manifest @jridgewell/remapping@^2.3.5
1498 silly packumentCache full:https://registry.npmjs.org/@jridgewell%2fremapping cache-miss
1499 http fetch GET 200 https://registry.npmjs.org/@jridgewell%2fremapping 150ms (cache miss)
1500 silly packumentCache full:https://registry.npmjs.org/@jridgewell%2fremapping set size:undefined disposed:false
1501 silly fetch manifest convert-source-map@^2.0.0
1502 silly packumentCache full:https://registry.npmjs.org/convert-source-map cache-miss
1503 http fetch GET 200 https://registry.npmjs.org/convert-source-map 126ms (cache miss)
1504 silly packumentCache full:https://registry.npmjs.org/convert-source-map set size:undefined disposed:false
1505 silly fetch manifest gensync@^1.0.0-beta.2
1506 silly packumentCache full:https://registry.npmjs.org/gensync cache-miss
1507 http fetch GET 200 https://registry.npmjs.org/gensync 137ms (cache miss)
1508 silly packumentCache full:https://registry.npmjs.org/gensync set size:undefined disposed:false
1509 silly fetch manifest json5@^2.2.3
1510 silly packumentCache full:https://registry.npmjs.org/json5 cache-miss
1511 http fetch GET 200 https://registry.npmjs.org/json5 73ms (cache hit)
1512 silly packumentCache full:https://registry.npmjs.org/json5 set size:86136 disposed:false
1513 silly fetch manifest hermes-estree@0.25.1
1514 silly packumentCache full:https://registry.npmjs.org/hermes-estree cache-miss
1515 http fetch GET 200 https://registry.npmjs.org/hermes-estree 165ms (cache miss)
1516 silly packumentCache full:https://registry.npmjs.org/hermes-estree set size:undefined disposed:false
1517 silly fetch manifest @babel/core@^7.0.0
1518 silly packumentCache full:https://registry.npmjs.org/@babel%2fcore cache-miss
1519 http fetch GET 200 https://registry.npmjs.org/@babel%2fcore 90ms (cache hit)
1520 silly packumentCache full:https://registry.npmjs.org/@babel%2fcore set size:745002 disposed:false
1521 silly placeDep ROOT @babel/code-frame@7.28.6 OK for: @babel/core@7.28.6 want: ^7.28.6
1522 silly placeDep ROOT @babel/generator@7.28.6 OK for: @babel/core@7.28.6 want: ^7.28.6
1523 silly placeDep ROOT @babel/helper-compilation-targets@7.28.6 OK for: @babel/core@7.28.6 want: ^7.28.6
1524 silly placeDep ROOT @babel/helper-module-transforms@7.28.6 OK for: @babel/core@7.28.6 want: ^7.28.6
1525 silly placeDep ROOT @babel/helpers@7.28.6 OK for: @babel/core@7.28.6 want: ^7.28.6
1526 silly placeDep ROOT @babel/template@7.28.6 OK for: @babel/core@7.28.6 want: ^7.28.6
1527 silly placeDep ROOT @babel/traverse@7.28.6 OK for: @babel/core@7.28.6 want: ^7.28.6
1528 silly placeDep ROOT @babel/types@7.28.6 OK for: @babel/core@7.28.6 want: ^7.28.6
1529 silly placeDep ROOT @jridgewell/remapping@2.3.5 OK for: @babel/core@7.28.6 want: ^2.3.5
1530 silly placeDep ROOT convert-source-map@2.0.0 OK for: @babel/core@7.28.6 want: ^2.0.0
1531 silly placeDep ROOT gensync@1.0.0-beta.2 OK for: @babel/core@7.28.6 want: ^1.0.0-beta.2
1532 silly placeDep ROOT json5@2.2.3 OK for: @babel/core@7.28.6 want: ^2.2.3
1533 silly fetch manifest @babel/helper-validator-identifier@^7.28.5
1534 silly packumentCache full:https://registry.npmjs.org/@babel%2fhelper-validator-identifier cache-miss
1535 http fetch GET 200 https://registry.npmjs.org/@babel%2fhelper-validator-identifier 228ms (cache miss)
1536 silly packumentCache full:https://registry.npmjs.org/@babel%2fhelper-validator-identifier set size:undefined disposed:false
1537 silly fetch manifest js-tokens@^4.0.0
1538 silly packumentCache full:https://registry.npmjs.org/js-tokens cache-miss
1539 http fetch GET 200 https://registry.npmjs.org/js-tokens 156ms (cache miss)
1540 silly packumentCache full:https://registry.npmjs.org/js-tokens set size:undefined disposed:false
1541 silly fetch manifest picocolors@^1.1.1
1542 silly packumentCache full:https://registry.npmjs.org/picocolors cache-miss
1543 http fetch GET 200 https://registry.npmjs.org/picocolors 187ms (cache miss)
1544 silly packumentCache full:https://registry.npmjs.org/picocolors set size:undefined disposed:false
1545 silly fetch manifest @jridgewell/gen-mapping@^0.3.12
1546 silly packumentCache full:https://registry.npmjs.org/@jridgewell%2fgen-mapping cache-miss
1547 http fetch GET 200 https://registry.npmjs.org/@jridgewell%2fgen-mapping 228ms (cache miss)
1548 silly packumentCache full:https://registry.npmjs.org/@jridgewell%2fgen-mapping set size:undefined disposed:false
1549 silly fetch manifest @jridgewell/trace-mapping@^0.3.28
1550 silly packumentCache full:https://registry.npmjs.org/@jridgewell%2ftrace-mapping cache-miss
1551 http fetch GET 200 https://registry.npmjs.org/@jridgewell%2ftrace-mapping 238ms (cache miss)
1552 silly packumentCache full:https://registry.npmjs.org/@jridgewell%2ftrace-mapping set size:undefined disposed:false
1553 silly fetch manifest jsesc@^3.0.2
1554 silly packumentCache full:https://registry.npmjs.org/jsesc cache-miss
1555 http fetch GET 200 https://registry.npmjs.org/jsesc 158ms (cache miss)
1556 silly packumentCache full:https://registry.npmjs.org/jsesc set size:undefined disposed:false
1557 silly fetch manifest @babel/compat-data@^7.28.6
1558 silly packumentCache full:https://registry.npmjs.org/@babel%2fcompat-data cache-miss
1559 http fetch GET 200 https://registry.npmjs.org/@babel%2fcompat-data 178ms (cache miss)
1560 silly packumentCache full:https://registry.npmjs.org/@babel%2fcompat-data set size:undefined disposed:false
1561 silly fetch manifest @babel/helper-validator-option@^7.27.1
1562 silly packumentCache full:https://registry.npmjs.org/@babel%2fhelper-validator-option cache-miss
1563 http fetch GET 200 https://registry.npmjs.org/@babel%2fhelper-validator-option 150ms (cache miss)
1564 silly packumentCache full:https://registry.npmjs.org/@babel%2fhelper-validator-option set size:undefined disposed:false
1565 silly fetch manifest browserslist@^4.24.0
1566 silly packumentCache full:https://registry.npmjs.org/browserslist cache-miss
1567 http fetch GET 200 https://registry.npmjs.org/browserslist 167ms (cache miss)
1568 silly packumentCache full:https://registry.npmjs.org/browserslist set size:undefined disposed:false
1569 silly fetch manifest lru-cache@^5.1.1
1570 silly packumentCache full:https://registry.npmjs.org/lru-cache cache-miss
1571 http fetch GET 200 https://registry.npmjs.org/lru-cache 150ms (cache miss)
1572 silly packumentCache full:https://registry.npmjs.org/lru-cache set size:undefined disposed:false
1573 silly fetch manifest @babel/helper-module-imports@^7.28.6
1574 silly packumentCache full:https://registry.npmjs.org/@babel%2fhelper-module-imports cache-miss
1575 http fetch GET 200 https://registry.npmjs.org/@babel%2fhelper-module-imports 147ms (cache miss)
1576 silly packumentCache full:https://registry.npmjs.org/@babel%2fhelper-module-imports set size:undefined disposed:false
1577 silly fetch manifest @babel/helper-globals@^7.28.0
1578 silly packumentCache full:https://registry.npmjs.org/@babel%2fhelper-globals cache-miss
1579 http fetch GET 200 https://registry.npmjs.org/@babel%2fhelper-globals 132ms (cache miss)
1580 silly packumentCache full:https://registry.npmjs.org/@babel%2fhelper-globals set size:undefined disposed:false
1581 silly fetch manifest @babel/helper-string-parser@^7.27.1
1582 silly packumentCache full:https://registry.npmjs.org/@babel%2fhelper-string-parser cache-miss
1583 http fetch GET 200 https://registry.npmjs.org/@babel%2fhelper-string-parser 115ms (cache miss)
1584 silly packumentCache full:https://registry.npmjs.org/@babel%2fhelper-string-parser set size:undefined disposed:false
1585 silly fetch manifest @jridgewell/gen-mapping@^0.3.5
1586 silly packumentCache full:https://registry.npmjs.org/@jridgewell%2fgen-mapping cache-miss
1587 http fetch GET 200 https://registry.npmjs.org/@jridgewell%2fgen-mapping 62ms (cache hit)
1588 silly packumentCache full:https://registry.npmjs.org/@jridgewell%2fgen-mapping set size:80719 disposed:false
1589 silly fetch manifest @jridgewell/trace-mapping@^0.3.24
1590 silly packumentCache full:https://registry.npmjs.org/@jridgewell%2ftrace-mapping cache-miss
1591 http fetch GET 200 https://registry.npmjs.org/@jridgewell%2ftrace-mapping 67ms (cache hit)
1592 silly packumentCache full:https://registry.npmjs.org/@jridgewell%2ftrace-mapping set size:170909 disposed:false
1593 silly placeDep ROOT @babel/helper-validator-identifier@7.28.5 OK for: @babel/code-frame@7.28.6 want: ^7.28.5
1594 silly placeDep ROOT js-tokens@4.0.0 OK for: @babel/code-frame@7.28.6 want: ^4.0.0
1595 silly placeDep ROOT picocolors@1.1.1 OK for: @babel/code-frame@7.28.6 want: ^1.1.1
1596 silly placeDep ROOT @jridgewell/gen-mapping@0.3.13 OK for: @babel/generator@7.28.6 want: ^0.3.12
1597 silly placeDep ROOT @jridgewell/trace-mapping@0.3.31 OK for: @babel/generator@7.28.6 want: ^0.3.28
1598 silly placeDep ROOT jsesc@3.1.0 OK for: @babel/generator@7.28.6 want: ^3.0.2
1599 silly fetch manifest @jridgewell/sourcemap-codec@^1.5.0
1600 silly packumentCache full:https://registry.npmjs.org/@jridgewell%2fsourcemap-codec cache-miss
1601 http fetch GET 200 https://registry.npmjs.org/@jridgewell%2fsourcemap-codec 160ms (cache miss)
1602 silly packumentCache full:https://registry.npmjs.org/@jridgewell%2fsourcemap-codec set size:undefined disposed:false
1603 silly fetch manifest @jridgewell/resolve-uri@^3.1.0
1604 silly packumentCache full:https://registry.npmjs.org/@jridgewell%2fresolve-uri cache-miss
1605 http fetch GET 200 https://registry.npmjs.org/@jridgewell%2fresolve-uri 289ms (cache miss)
1606 silly packumentCache full:https://registry.npmjs.org/@jridgewell%2fresolve-uri set size:undefined disposed:false
1607 silly fetch manifest @jridgewell/sourcemap-codec@^1.4.14
1608 silly packumentCache full:https://registry.npmjs.org/@jridgewell%2fsourcemap-codec cache-miss
1609 http fetch GET 200 https://registry.npmjs.org/@jridgewell%2fsourcemap-codec 147ms (cache hit)
1610 silly packumentCache full:https://registry.npmjs.org/@jridgewell%2fsourcemap-codec set size:59275 disposed:false
1611 silly placeDep ROOT @babel/compat-data@7.28.6 OK for: @babel/helper-compilation-targets@7.28.6 want: ^7.28.6
1612 silly placeDep ROOT @babel/helper-validator-option@7.27.1 OK for: @babel/helper-compilation-targets@7.28.6 want: ^7.27.1
1613 silly placeDep ROOT browserslist@4.28.1 OK for: @babel/helper-compilation-targets@7.28.6 want: ^4.24.0
1614 silly placeDep ROOT lru-cache@5.1.1 OK for: @babel/helper-compilation-targets@7.28.6 want: ^5.1.1
1615 silly fetch manifest baseline-browser-mapping@^2.9.0
1616 silly packumentCache full:https://registry.npmjs.org/baseline-browser-mapping cache-miss
1617 http fetch GET 200 https://registry.npmjs.org/baseline-browser-mapping 237ms (cache hit)
1618 silly packumentCache full:https://registry.npmjs.org/baseline-browser-mapping set size:367517 disposed:false
1619 silly fetch manifest caniuse-lite@^1.0.30001759
1620 silly packumentCache full:https://registry.npmjs.org/caniuse-lite cache-miss
1621 http fetch GET 200 https://registry.npmjs.org/caniuse-lite 237ms (cache hit)
1622 silly packumentCache full:https://registry.npmjs.org/caniuse-lite set size:2242439 disposed:false
1623 silly fetch manifest electron-to-chromium@^1.5.263
1624 silly packumentCache full:https://registry.npmjs.org/electron-to-chromium cache-miss
1625 http fetch GET 200 https://registry.npmjs.org/electron-to-chromium 894ms (cache miss)
1626 silly packumentCache full:https://registry.npmjs.org/electron-to-chromium set size:undefined disposed:false
1627 silly fetch manifest node-releases@^2.0.27
1628 silly packumentCache full:https://registry.npmjs.org/node-releases cache-miss
1629 http fetch GET 200 https://registry.npmjs.org/node-releases 241ms (cache miss)
1630 silly packumentCache full:https://registry.npmjs.org/node-releases set size:undefined disposed:false
1631 silly fetch manifest update-browserslist-db@^1.2.0
1632 silly packumentCache full:https://registry.npmjs.org/update-browserslist-db cache-miss
1633 http fetch GET 200 https://registry.npmjs.org/update-browserslist-db 195ms (cache miss)
1634 silly packumentCache full:https://registry.npmjs.org/update-browserslist-db set size:undefined disposed:false
1635 silly fetch manifest yallist@^3.0.2
1636 silly packumentCache full:https://registry.npmjs.org/yallist cache-miss
1637 http fetch GET 200 https://registry.npmjs.org/yallist 175ms (cache miss)
1638 silly packumentCache full:https://registry.npmjs.org/yallist set size:undefined disposed:false
1639 silly placeDep ROOT @babel/helper-module-imports@7.28.6 OK for: @babel/helper-module-transforms@7.28.6 want: ^7.28.6
1640 silly placeDep ROOT @babel/helper-globals@7.28.0 OK for: @babel/traverse@7.28.6 want: ^7.28.0
1641 silly placeDep ROOT @babel/helper-string-parser@7.27.1 OK for: @babel/types@7.28.6 want: ^7.27.1
1642 silly placeDep ROOT @jridgewell/sourcemap-codec@1.5.5 OK for: @jridgewell/gen-mapping@0.3.13 want: ^1.5.0
1643 silly placeDep ROOT @jridgewell/resolve-uri@3.1.2 OK for: @jridgewell/trace-mapping@0.3.31 want: ^3.1.0
1644 silly fetch manifest browserslist@>= 4.21.0
1645 silly packumentCache full:https://registry.npmjs.org/browserslist cache-miss
1646 http fetch GET 200 https://registry.npmjs.org/browserslist 160ms (cache hit)
1647 silly packumentCache full:https://registry.npmjs.org/browserslist set size:502989 disposed:false
1648 silly placeDep ROOT baseline-browser-mapping@2.9.14 OK for: browserslist@4.28.1 want: ^2.9.0
1649 silly placeDep ROOT caniuse-lite@1.0.30001764 OK for: browserslist@4.28.1 want: ^1.0.30001759
1650 silly placeDep ROOT electron-to-chromium@1.5.267 OK for: browserslist@4.28.1 want: ^1.5.263
1651 silly placeDep ROOT node-releases@2.0.27 OK for: browserslist@4.28.1 want: ^2.0.27
1652 silly placeDep ROOT update-browserslist-db@1.2.3 OK for: browserslist@4.28.1 want: ^1.2.0
1653 silly fetch manifest escalade@^3.2.0
1654 silly packumentCache full:https://registry.npmjs.org/escalade cache-miss
1655 http fetch GET 200 https://registry.npmjs.org/escalade 179ms (cache miss)
1656 silly packumentCache full:https://registry.npmjs.org/escalade set size:undefined disposed:false
1657 silly placeDep ROOT esrecurse@4.3.0 OK for: eslint-scope@8.4.0 want: ^4.3.0
1658 silly placeDep ROOT acorn@8.15.0 OK for: espree@10.4.0 want: ^8.15.0
1659 silly placeDep ROOT acorn-jsx@5.3.2 OK for: espree@10.4.0 want: ^5.3.2
1660 silly placeDep ROOT @nodelib/fs.stat@2.0.5 OK for: fast-glob@3.3.1 want: ^2.0.2
1661 silly placeDep ROOT @nodelib/fs.walk@1.2.8 OK for: fast-glob@3.3.1 want: ^1.2.3
1662 silly placeDep node_modules/fast-glob glob-parent@5.1.2 OK for: fast-glob@3.3.1 want: ^5.1.2
1663 silly placeDep ROOT merge2@1.4.1 OK for: fast-glob@3.3.1 want: ^1.3.0
1664 silly placeDep ROOT micromatch@4.0.8 OK for: fast-glob@3.3.1 want: ^4.0.4
1665 silly fetch manifest fastq@^1.6.0
1666 silly packumentCache full:https://registry.npmjs.org/fastq cache-miss
1667 http fetch GET 200 https://registry.npmjs.org/fastq 136ms (cache miss)
1668 silly packumentCache full:https://registry.npmjs.org/fastq set size:undefined disposed:false
1669 silly fetch manifest @nodelib/fs.scandir@2.1.5
1670 silly packumentCache full:https://registry.npmjs.org/@nodelib%2ffs.scandir cache-miss
1671 http fetch GET 200 https://registry.npmjs.org/@nodelib%2ffs.scandir 120ms (cache miss)
1672 silly packumentCache full:https://registry.npmjs.org/@nodelib%2ffs.scandir set size:undefined disposed:false
1673 silly fetch manifest braces@^3.0.3
1674 silly packumentCache full:https://registry.npmjs.org/braces cache-miss
1675 http fetch GET 200 https://registry.npmjs.org/braces 132ms (cache miss)
1676 silly packumentCache full:https://registry.npmjs.org/braces set size:undefined disposed:false
1677 silly fetch manifest picomatch@^2.3.1
1678 silly packumentCache full:https://registry.npmjs.org/picomatch cache-miss
1679 http fetch GET 200 https://registry.npmjs.org/picomatch 71ms (cache hit)
1680 silly packumentCache full:https://registry.npmjs.org/picomatch set size:118818 disposed:false
1681 silly placeDep ROOT @nodelib/fs.scandir@2.1.5 OK for: @nodelib/fs.walk@1.2.8 want: 2.1.5
1682 silly placeDep ROOT fastq@1.20.1 OK for: @nodelib/fs.walk@1.2.8 want: ^1.6.0
1683 silly fetch manifest run-parallel@^1.1.9
1684 silly packumentCache full:https://registry.npmjs.org/run-parallel cache-miss
1685 http fetch GET 200 https://registry.npmjs.org/run-parallel 153ms (cache miss)
1686 silly packumentCache full:https://registry.npmjs.org/run-parallel set size:undefined disposed:false
1687 silly fetch manifest reusify@^1.0.4
1688 silly packumentCache full:https://registry.npmjs.org/reusify cache-miss
1689 http fetch GET 200 https://registry.npmjs.org/reusify 140ms (cache miss)
1690 silly packumentCache full:https://registry.npmjs.org/reusify set size:undefined disposed:false
1691 silly placeDep ROOT run-parallel@1.2.0 OK for: @nodelib/fs.scandir@2.1.5 want: ^1.1.9
1692 silly fetch manifest queue-microtask@^1.2.2
1693 silly packumentCache full:https://registry.npmjs.org/queue-microtask cache-miss
1694 http fetch GET 200 https://registry.npmjs.org/queue-microtask 168ms (cache miss)
1695 silly packumentCache full:https://registry.npmjs.org/queue-microtask set size:undefined disposed:false
1696 silly placeDep ROOT reusify@1.1.0 OK for: fastq@1.20.1 want: ^1.0.4
1697 silly placeDep ROOT flat-cache@4.0.1 OK for: file-entry-cache@8.0.0 want: ^4.0.0
1698 silly fetch manifest keyv@^4.5.4
1699 silly packumentCache full:https://registry.npmjs.org/keyv cache-miss
1700 http fetch GET 200 https://registry.npmjs.org/keyv 143ms (cache miss)
1701 silly packumentCache full:https://registry.npmjs.org/keyv set size:undefined disposed:false
1702 silly fetch manifest flatted@^3.2.9
1703 silly packumentCache full:https://registry.npmjs.org/flatted cache-miss
1704 http fetch GET 200 https://registry.npmjs.org/flatted 130ms (cache miss)
1705 silly packumentCache full:https://registry.npmjs.org/flatted set size:undefined disposed:false
1706 silly placeDep ROOT locate-path@6.0.0 OK for: find-up@5.0.0 want: ^6.0.0
1707 silly placeDep ROOT path-exists@4.0.0 OK for: find-up@5.0.0 want: ^4.0.0
1708 silly fetch manifest p-locate@^5.0.0
1709 silly packumentCache full:https://registry.npmjs.org/p-locate cache-miss
1710 http fetch GET 200 https://registry.npmjs.org/p-locate 191ms (cache miss)
1711 silly packumentCache full:https://registry.npmjs.org/p-locate set size:undefined disposed:false
1712 silly placeDep ROOT flatted@3.3.3 OK for: flat-cache@4.0.1 want: ^3.2.9
1713 silly placeDep ROOT keyv@4.5.4 OK for: flat-cache@4.0.1 want: ^4.5.4
1714 silly fetch manifest json-buffer@3.0.1
1715 silly packumentCache full:https://registry.npmjs.org/json-buffer cache-miss
1716 http fetch GET 200 https://registry.npmjs.org/json-buffer 166ms (cache miss)
1717 silly packumentCache full:https://registry.npmjs.org/json-buffer set size:undefined disposed:false
1718 silly placeDep ROOT functions-have-names@1.2.3 OK for: function.prototype.name@1.1.8 want: ^1.2.3
1719 silly placeDep ROOT dunder-proto@1.0.1 OK for: get-proto@1.0.1 want: ^1.0.1
1720 silly placeDep ROOT resolve-pkg-maps@1.0.0 OK for: get-tsconfig@4.13.0 want: ^1.0.0
1721 silly placeDep ROOT hermes-estree@0.25.1 OK for: hermes-parser@0.25.1 want: 0.25.1
1722 silly placeDep ROOT parent-module@1.0.1 OK for: import-fresh@3.3.1 want: ^1.0.0
1723 silly placeDep ROOT resolve-from@4.0.0 OK for: import-fresh@3.3.1 want: ^4.0.0
1724 silly fetch manifest callsites@^3.0.0
1725 silly packumentCache full:https://registry.npmjs.org/callsites cache-miss
1726 http fetch GET 200 https://registry.npmjs.org/callsites 174ms (cache miss)
1727 silly packumentCache full:https://registry.npmjs.org/callsites set size:undefined disposed:false
1728 silly placeDep ROOT side-channel@1.1.0 OK for: internal-slot@1.1.0 want: ^1.1.0
1729 silly fetch manifest side-channel-list@^1.0.0
1730 silly packumentCache full:https://registry.npmjs.org/side-channel-list cache-miss
1731 http fetch GET 200 https://registry.npmjs.org/side-channel-list 155ms (cache miss)
1732 silly packumentCache full:https://registry.npmjs.org/side-channel-list set size:undefined disposed:false
1733 silly fetch manifest side-channel-map@^1.0.1
1734 silly packumentCache full:https://registry.npmjs.org/side-channel-map cache-miss
1735 http fetch GET 200 https://registry.npmjs.org/side-channel-map 162ms (cache miss)
1736 silly packumentCache full:https://registry.npmjs.org/side-channel-map set size:undefined disposed:false
1737 silly fetch manifest side-channel-weakmap@^1.0.2
1738 silly packumentCache full:https://registry.npmjs.org/side-channel-weakmap cache-miss
1739 http fetch GET 200 https://registry.npmjs.org/side-channel-weakmap 128ms (cache miss)
1740 silly packumentCache full:https://registry.npmjs.org/side-channel-weakmap set size:undefined disposed:false
1741 silly placeDep node_modules/is-bun-module semver@7.7.3 OK for: is-bun-module@2.0.0 want: ^7.7.1
1742 silly placeDep ROOT is-extglob@2.1.1 OK for: is-glob@4.0.3 want: ^2.1.1
1743 silly placeDep ROOT set-function-name@2.0.2 OK for: iterator.prototype@1.1.5 want: ^2.0.2
1744 silly placeDep ROOT argparse@2.0.1 OK for: js-yaml@4.1.1 want: ^2.0.1
1745 silly placeDep ROOT json-buffer@3.0.1 OK for: keyv@4.5.4 want: 3.0.1
1746 silly placeDep ROOT language-subtag-registry@0.3.23 OK for: language-tags@1.0.9 want: ^0.3.20
1747 silly placeDep ROOT prelude-ls@1.2.1 OK for: levn@0.4.1 want: ^1.2.1
1748 silly placeDep ROOT type-check@0.4.0 OK for: levn@0.4.1 want: ~0.4.0
1749 silly placeDep ROOT p-locate@5.0.0 OK for: locate-path@6.0.0 want: ^5.0.0
1750 silly fetch manifest p-limit@^3.0.2
1751 silly packumentCache full:https://registry.npmjs.org/p-limit cache-miss
1752 http fetch GET 200 https://registry.npmjs.org/p-limit 163ms (cache miss)
1753 silly packumentCache full:https://registry.npmjs.org/p-limit set size:undefined disposed:false
1754 silly placeDep ROOT yallist@3.1.1 OK for: lru-cache@5.1.1 want: ^3.0.2
1755 silly placeDep ROOT braces@3.0.3 OK for: micromatch@4.0.8 want: ^3.0.3
1756 silly placeDep ROOT picomatch@2.3.1 OK for: micromatch@4.0.8 want: ^2.3.1
1757 silly fetch manifest fill-range@^7.1.1
1758 silly packumentCache full:https://registry.npmjs.org/fill-range cache-miss
1759 http fetch GET 200 https://registry.npmjs.org/fill-range 141ms (cache miss)
1760 silly packumentCache full:https://registry.npmjs.org/fill-range set size:undefined disposed:false
1761 silly placeDep ROOT fill-range@7.1.1 OK for: braces@3.0.3 want: ^7.1.1
1762 silly fetch manifest to-regex-range@^5.0.1
1763 silly packumentCache full:https://registry.npmjs.org/to-regex-range cache-miss
1764 http fetch GET 200 https://registry.npmjs.org/to-regex-range 161ms (cache miss)
1765 silly packumentCache full:https://registry.npmjs.org/to-regex-range set size:undefined disposed:false
1766 silly placeDep ROOT to-regex-range@5.0.1 OK for: fill-range@7.1.1 want: ^5.0.1
1767 silly fetch manifest is-number@^7.0.0
1768 silly packumentCache full:https://registry.npmjs.org/is-number cache-miss
1769 http fetch GET 200 https://registry.npmjs.org/is-number 202ms (cache miss)
1770 silly packumentCache full:https://registry.npmjs.org/is-number set size:undefined disposed:false
1771 silly placeDep ROOT brace-expansion@1.1.12 OK for: minimatch@3.1.2 want: ^1.1.7
1772 silly fetch manifest balanced-match@^1.0.0
1773 silly packumentCache full:https://registry.npmjs.org/balanced-match cache-miss
1774 http fetch GET 200 https://registry.npmjs.org/balanced-match 206ms (cache miss)
1775 silly packumentCache full:https://registry.npmjs.org/balanced-match set size:undefined disposed:false
1776 silly fetch manifest concat-map@0.0.1
1777 silly packumentCache full:https://registry.npmjs.org/concat-map cache-miss
1778 http fetch GET 200 https://registry.npmjs.org/concat-map 114ms (cache miss)
1779 silly packumentCache full:https://registry.npmjs.org/concat-map set size:undefined disposed:false
1780 silly placeDep ROOT balanced-match@1.0.2 OK for: brace-expansion@1.1.12 want: ^1.0.0
1781 silly placeDep ROOT concat-map@0.0.1 OK for: brace-expansion@1.1.12 want: 0.0.1
1782 silly fetch manifest react@^18.2.0 || 19.0.0-rc-de68d2f4-20241204 || ^19.0.0
1783 silly packumentCache full:https://registry.npmjs.org/react cache-miss
1784 http fetch GET 200 https://registry.npmjs.org/react 136ms (cache hit)
1785 silly packumentCache full:https://registry.npmjs.org/react set size:6386343 disposed:false
1786 silly placeDep ROOT @next/env@16.1.2 OK for: next@16.1.2 want: 16.1.2
1787 silly placeDep ROOT @next/swc-darwin-arm64@16.1.2 OK for: next@16.1.2 want: 16.1.2
1788 silly placeDep ROOT @next/swc-darwin-x64@16.1.2 OK for: next@16.1.2 want: 16.1.2
1789 silly placeDep ROOT @next/swc-linux-arm64-gnu@16.1.2 OK for: next@16.1.2 want: 16.1.2
1790 silly placeDep ROOT @next/swc-linux-arm64-musl@16.1.2 OK for: next@16.1.2 want: 16.1.2
1791 silly placeDep ROOT @next/swc-linux-x64-gnu@16.1.2 OK for: next@16.1.2 want: 16.1.2
1792 silly placeDep ROOT @next/swc-linux-x64-musl@16.1.2 OK for: next@16.1.2 want: 16.1.2
1793 silly placeDep ROOT @next/swc-win32-arm64-msvc@16.1.2 OK for: next@16.1.2 want: 16.1.2
1794 silly placeDep ROOT @next/swc-win32-x64-msvc@16.1.2 OK for: next@16.1.2 want: 16.1.2
1795 silly placeDep ROOT @swc/helpers@0.5.15 OK for: next@16.1.2 want: 0.5.15
1796 silly placeDep ROOT postcss@8.4.31 OK for: next@16.1.2 want: 8.4.31
1797 silly placeDep ROOT sharp@0.34.5 OK for: next@16.1.2 want: ^0.34.4
1798 silly placeDep ROOT styled-jsx@5.1.6 OK for: next@16.1.2 want: 5.1.6
1799 silly fetch manifest tslib@^2.8.0
1800 silly packumentCache full:https://registry.npmjs.org/tslib cache-miss
1801 http fetch GET 200 https://registry.npmjs.org/tslib 143ms (cache miss)
1802 silly packumentCache full:https://registry.npmjs.org/tslib set size:undefined disposed:false
1803 silly fetch manifest nanoid@^3.3.6
1804 silly packumentCache full:https://registry.npmjs.org/nanoid cache-miss
1805 http fetch GET 200 https://registry.npmjs.org/nanoid 252ms (cache miss)
1806 silly packumentCache full:https://registry.npmjs.org/nanoid set size:undefined disposed:false
1807 silly fetch manifest source-map-js@^1.0.2
1808 silly packumentCache full:https://registry.npmjs.org/source-map-js cache-miss
1809 http fetch GET 200 https://registry.npmjs.org/source-map-js 154ms (cache miss)
1810 silly packumentCache full:https://registry.npmjs.org/source-map-js set size:undefined disposed:false
1811 silly fetch manifest semver@^7.7.3
1812 silly packumentCache full:https://registry.npmjs.org/semver cache-hit
1813 silly fetch manifest @img/colour@^1.0.0
1814 silly packumentCache full:https://registry.npmjs.org/@img%2fcolour cache-miss
1815 http fetch GET 200 https://registry.npmjs.org/@img%2fcolour 258ms (cache miss)
1816 silly packumentCache full:https://registry.npmjs.org/@img%2fcolour set size:undefined disposed:false
1817 silly fetch manifest detect-libc@^2.1.2
1818 silly packumentCache full:https://registry.npmjs.org/detect-libc cache-miss
1819 http fetch GET 200 https://registry.npmjs.org/detect-libc 348ms (cache miss)
1820 silly packumentCache full:https://registry.npmjs.org/detect-libc set size:undefined disposed:false
1821 silly fetch manifest @img/sharp-wasm32@0.34.5
1822 silly packumentCache full:https://registry.npmjs.org/@img%2fsharp-wasm32 cache-miss
1823 http fetch GET 200 https://registry.npmjs.org/@img%2fsharp-wasm32 287ms (cache miss)
1824 silly packumentCache full:https://registry.npmjs.org/@img%2fsharp-wasm32 set size:undefined disposed:false
1825 silly fetch manifest @img/sharp-linux-arm@0.34.5
1826 silly packumentCache full:https://registry.npmjs.org/@img%2fsharp-linux-arm cache-miss
1827 http fetch GET 200 https://registry.npmjs.org/@img%2fsharp-linux-arm 282ms (cache miss)
1828 silly packumentCache full:https://registry.npmjs.org/@img%2fsharp-linux-arm set size:undefined disposed:false
1829 silly fetch manifest @img/sharp-linux-x64@0.34.5
1830 silly packumentCache full:https://registry.npmjs.org/@img%2fsharp-linux-x64 cache-miss
1831 http fetch GET 200 https://registry.npmjs.org/@img%2fsharp-linux-x64 216ms (cache miss)
1832 silly packumentCache full:https://registry.npmjs.org/@img%2fsharp-linux-x64 set size:undefined disposed:false
1833 silly fetch manifest @img/sharp-win32-x64@0.34.5
1834 silly packumentCache full:https://registry.npmjs.org/@img%2fsharp-win32-x64 cache-miss
1835 http fetch GET 200 https://registry.npmjs.org/@img%2fsharp-win32-x64 278ms (cache miss)
1836 silly packumentCache full:https://registry.npmjs.org/@img%2fsharp-win32-x64 set size:undefined disposed:false
1837 silly fetch manifest @img/sharp-darwin-x64@0.34.5
1838 silly packumentCache full:https://registry.npmjs.org/@img%2fsharp-darwin-x64 cache-miss
1839 http fetch GET 200 https://registry.npmjs.org/@img%2fsharp-darwin-x64 275ms (cache miss)
1840 silly packumentCache full:https://registry.npmjs.org/@img%2fsharp-darwin-x64 set size:undefined disposed:false
1841 silly fetch manifest @img/sharp-win32-ia32@0.34.5
1842 silly packumentCache full:https://registry.npmjs.org/@img%2fsharp-win32-ia32 cache-miss
1843 http fetch GET 200 https://registry.npmjs.org/@img%2fsharp-win32-ia32 196ms (cache miss)
1844 silly packumentCache full:https://registry.npmjs.org/@img%2fsharp-win32-ia32 set size:undefined disposed:false
1845 silly fetch manifest @img/sharp-linux-arm64@0.34.5
1846 silly packumentCache full:https://registry.npmjs.org/@img%2fsharp-linux-arm64 cache-miss
1847 http fetch GET 200 https://registry.npmjs.org/@img%2fsharp-linux-arm64 142ms (cache miss)
1848 silly packumentCache full:https://registry.npmjs.org/@img%2fsharp-linux-arm64 set size:undefined disposed:false
1849 silly fetch manifest @img/sharp-linux-ppc64@0.34.5
1850 silly packumentCache full:https://registry.npmjs.org/@img%2fsharp-linux-ppc64 cache-miss
1851 http fetch GET 200 https://registry.npmjs.org/@img%2fsharp-linux-ppc64 188ms (cache miss)
1852 silly packumentCache full:https://registry.npmjs.org/@img%2fsharp-linux-ppc64 set size:undefined disposed:false
1853 silly fetch manifest @img/sharp-linux-s390x@0.34.5
1854 silly packumentCache full:https://registry.npmjs.org/@img%2fsharp-linux-s390x cache-miss
1855 http fetch GET 200 https://registry.npmjs.org/@img%2fsharp-linux-s390x 186ms (cache miss)
1856 silly packumentCache full:https://registry.npmjs.org/@img%2fsharp-linux-s390x set size:undefined disposed:false
1857 silly fetch manifest @img/sharp-win32-arm64@0.34.5
1858 silly packumentCache full:https://registry.npmjs.org/@img%2fsharp-win32-arm64 cache-miss
1859 http fetch GET 200 https://registry.npmjs.org/@img%2fsharp-win32-arm64 133ms (cache miss)
1860 silly packumentCache full:https://registry.npmjs.org/@img%2fsharp-win32-arm64 set size:undefined disposed:false
1861 silly fetch manifest @img/sharp-darwin-arm64@0.34.5
1862 silly packumentCache full:https://registry.npmjs.org/@img%2fsharp-darwin-arm64 cache-miss
1863 http fetch GET 200 https://registry.npmjs.org/@img%2fsharp-darwin-arm64 146ms (cache miss)
1864 silly packumentCache full:https://registry.npmjs.org/@img%2fsharp-darwin-arm64 set size:undefined disposed:false
1865 silly fetch manifest @img/sharp-linux-riscv64@0.34.5
1866 silly packumentCache full:https://registry.npmjs.org/@img%2fsharp-linux-riscv64 cache-miss
1867 http fetch GET 200 https://registry.npmjs.org/@img%2fsharp-linux-riscv64 328ms (cache miss)
1868 silly packumentCache full:https://registry.npmjs.org/@img%2fsharp-linux-riscv64 set size:undefined disposed:false
1869 silly fetch manifest @img/sharp-linuxmusl-x64@0.34.5
1870 silly packumentCache full:https://registry.npmjs.org/@img%2fsharp-linuxmusl-x64 cache-miss
1871 http fetch GET 200 https://registry.npmjs.org/@img%2fsharp-linuxmusl-x64 137ms (cache miss)
1872 silly packumentCache full:https://registry.npmjs.org/@img%2fsharp-linuxmusl-x64 set size:undefined disposed:false
1873 silly fetch manifest @img/sharp-linuxmusl-arm64@0.34.5
1874 silly packumentCache full:https://registry.npmjs.org/@img%2fsharp-linuxmusl-arm64 cache-miss
1875 http fetch GET 200 https://registry.npmjs.org/@img%2fsharp-linuxmusl-arm64 141ms (cache miss)
1876 silly packumentCache full:https://registry.npmjs.org/@img%2fsharp-linuxmusl-arm64 set size:undefined disposed:false
1877 silly fetch manifest @img/sharp-libvips-linux-arm@1.2.4
1878 silly packumentCache full:https://registry.npmjs.org/@img%2fsharp-libvips-linux-arm cache-miss
1879 http fetch GET 200 https://registry.npmjs.org/@img%2fsharp-libvips-linux-arm 137ms (cache miss)
1880 silly packumentCache full:https://registry.npmjs.org/@img%2fsharp-libvips-linux-arm set size:undefined disposed:false
1881 silly fetch manifest @img/sharp-libvips-linux-x64@1.2.4
1882 silly packumentCache full:https://registry.npmjs.org/@img%2fsharp-libvips-linux-x64 cache-miss
1883 http fetch GET 200 https://registry.npmjs.org/@img%2fsharp-libvips-linux-x64 172ms (cache miss)
1884 silly packumentCache full:https://registry.npmjs.org/@img%2fsharp-libvips-linux-x64 set size:undefined disposed:false
1885 silly fetch manifest @img/sharp-libvips-darwin-x64@1.2.4
1886 silly packumentCache full:https://registry.npmjs.org/@img%2fsharp-libvips-darwin-x64 cache-miss
1887 http fetch GET 200 https://registry.npmjs.org/@img%2fsharp-libvips-darwin-x64 183ms (cache miss)
1888 silly packumentCache full:https://registry.npmjs.org/@img%2fsharp-libvips-darwin-x64 set size:undefined disposed:false
1889 silly fetch manifest @img/sharp-libvips-linux-arm64@1.2.4
1890 silly packumentCache full:https://registry.npmjs.org/@img%2fsharp-libvips-linux-arm64 cache-miss
1891 http fetch GET 200 https://registry.npmjs.org/@img%2fsharp-libvips-linux-arm64 323ms (cache miss)
1892 silly packumentCache full:https://registry.npmjs.org/@img%2fsharp-libvips-linux-arm64 set size:undefined disposed:false
1893 silly fetch manifest @img/sharp-libvips-linux-ppc64@1.2.4
1894 silly packumentCache full:https://registry.npmjs.org/@img%2fsharp-libvips-linux-ppc64 cache-miss
1895 http fetch GET 200 https://registry.npmjs.org/@img%2fsharp-libvips-linux-ppc64 295ms (cache miss)
1896 silly packumentCache full:https://registry.npmjs.org/@img%2fsharp-libvips-linux-ppc64 set size:undefined disposed:false
1897 silly fetch manifest @img/sharp-libvips-linux-s390x@1.2.4
1898 silly packumentCache full:https://registry.npmjs.org/@img%2fsharp-libvips-linux-s390x cache-miss
1899 http fetch GET 200 https://registry.npmjs.org/@img%2fsharp-libvips-linux-s390x 302ms (cache miss)
1900 silly packumentCache full:https://registry.npmjs.org/@img%2fsharp-libvips-linux-s390x set size:undefined disposed:false
1901 silly fetch manifest @img/sharp-libvips-darwin-arm64@1.2.4
1902 silly packumentCache full:https://registry.npmjs.org/@img%2fsharp-libvips-darwin-arm64 cache-miss
1903 http fetch GET 200 https://registry.npmjs.org/@img%2fsharp-libvips-darwin-arm64 192ms (cache miss)
1904 silly packumentCache full:https://registry.npmjs.org/@img%2fsharp-libvips-darwin-arm64 set size:undefined disposed:false
1905 silly fetch manifest @img/sharp-libvips-linux-riscv64@1.2.4
1906 silly packumentCache full:https://registry.npmjs.org/@img%2fsharp-libvips-linux-riscv64 cache-miss
1907 http fetch GET 200 https://registry.npmjs.org/@img%2fsharp-libvips-linux-riscv64 196ms (cache miss)
1908 silly packumentCache full:https://registry.npmjs.org/@img%2fsharp-libvips-linux-riscv64 set size:undefined disposed:false
1909 silly fetch manifest @img/sharp-libvips-linuxmusl-x64@1.2.4
1910 silly packumentCache full:https://registry.npmjs.org/@img%2fsharp-libvips-linuxmusl-x64 cache-miss
1911 http fetch GET 200 https://registry.npmjs.org/@img%2fsharp-libvips-linuxmusl-x64 196ms (cache miss)
1912 silly packumentCache full:https://registry.npmjs.org/@img%2fsharp-libvips-linuxmusl-x64 set size:undefined disposed:false
1913 silly fetch manifest @img/sharp-libvips-linuxmusl-arm64@1.2.4
1914 silly packumentCache full:https://registry.npmjs.org/@img%2fsharp-libvips-linuxmusl-arm64 cache-miss
1915 http fetch GET 200 https://registry.npmjs.org/@img%2fsharp-libvips-linuxmusl-arm64 175ms (cache miss)
1916 silly packumentCache full:https://registry.npmjs.org/@img%2fsharp-libvips-linuxmusl-arm64 set size:undefined disposed:false
1917 silly fetch manifest client-only@0.0.1
1918 silly packumentCache full:https://registry.npmjs.org/client-only cache-miss
1919 http fetch GET 200 https://registry.npmjs.org/client-only 127ms (cache miss)
1920 silly packumentCache full:https://registry.npmjs.org/client-only set size:undefined disposed:false
1921 silly placeDep ROOT tslib@2.8.1 OK for: @swc/helpers@0.5.15 want: ^2.8.0
1922 silly placeDep ROOT deep-is@0.1.4 OK for: optionator@0.9.4 want: ^0.1.3
1923 silly placeDep ROOT fast-levenshtein@2.0.6 OK for: optionator@0.9.4 want: ^2.0.6
1924 silly placeDep ROOT word-wrap@1.2.5 OK for: optionator@0.9.4 want: ^1.2.5
1925 silly placeDep ROOT p-limit@3.1.0 OK for: p-locate@5.0.0 want: ^3.0.2
1926 silly fetch manifest yocto-queue@^0.1.0
1927 silly packumentCache full:https://registry.npmjs.org/yocto-queue cache-miss
1928 http fetch GET 200 https://registry.npmjs.org/yocto-queue 131ms (cache miss)
1929 silly packumentCache full:https://registry.npmjs.org/yocto-queue set size:undefined disposed:false
1930 silly placeDep ROOT yocto-queue@0.1.0 OK for: p-limit@3.1.0 want: ^0.1.0
1931 silly placeDep ROOT callsites@3.1.0 OK for: parent-module@1.0.1 want: ^3.0.0
1932 silly placeDep ROOT nanoid@3.3.11 OK for: postcss@8.4.31 want: ^3.3.6
1933 silly placeDep ROOT source-map-js@1.2.1 OK for: postcss@8.4.31 want: ^1.0.2
1934 silly placeDep ROOT loose-envify@1.4.0 OK for: prop-types@15.8.1 want: ^1.4.0
1935 silly placeDep ROOT object-assign@4.1.1 OK for: prop-types@15.8.1 want: ^4.1.1
1936 silly placeDep ROOT react-is@16.13.1 OK for: prop-types@15.8.1 want: ^16.13.1
1937 silly placeDep ROOT scheduler@0.27.0 OK for: react-dom@19.2.3 want: ^0.27.0
1938 silly placeDep ROOT path-parse@1.0.7 OK for: resolve@1.22.11 want: ^1.0.7
1939 silly placeDep ROOT supports-preserve-symlinks-flag@1.0.0 OK for: resolve@1.22.11 want: ^1.0.0
1940 silly placeDep ROOT queue-microtask@1.2.3 OK for: run-parallel@1.2.0 want: ^1.2.2
1941 silly placeDep ROOT isarray@2.0.5 OK for: safe-array-concat@1.1.3 want: ^2.0.5
1942 silly placeDep ROOT @img/colour@1.0.0 OK for: sharp@0.34.5 want: ^1.0.0
1943 silly placeDep ROOT @img/sharp-darwin-arm64@0.34.5 OK for: sharp@0.34.5 want: 0.34.5
1944 silly placeDep ROOT @img/sharp-darwin-x64@0.34.5 OK for: sharp@0.34.5 want: 0.34.5
1945 silly placeDep ROOT @img/sharp-libvips-darwin-arm64@1.2.4 OK for: sharp@0.34.5 want: 1.2.4
1946 silly placeDep ROOT @img/sharp-libvips-darwin-x64@1.2.4 OK for: sharp@0.34.5 want: 1.2.4
1947 silly placeDep ROOT @img/sharp-libvips-linux-arm@1.2.4 OK for: sharp@0.34.5 want: 1.2.4
1948 silly placeDep ROOT @img/sharp-libvips-linux-arm64@1.2.4 OK for: sharp@0.34.5 want: 1.2.4
1949 silly placeDep ROOT @img/sharp-libvips-linux-ppc64@1.2.4 OK for: sharp@0.34.5 want: 1.2.4
1950 silly placeDep ROOT @img/sharp-libvips-linux-riscv64@1.2.4 OK for: sharp@0.34.5 want: 1.2.4
1951 silly placeDep ROOT @img/sharp-libvips-linux-s390x@1.2.4 OK for: sharp@0.34.5 want: 1.2.4
1952 silly placeDep ROOT @img/sharp-libvips-linux-x64@1.2.4 OK for: sharp@0.34.5 want: 1.2.4
1953 silly placeDep ROOT @img/sharp-libvips-linuxmusl-arm64@1.2.4 OK for: sharp@0.34.5 want: 1.2.4
1954 silly placeDep ROOT @img/sharp-libvips-linuxmusl-x64@1.2.4 OK for: sharp@0.34.5 want: 1.2.4
1955 silly placeDep ROOT @img/sharp-linux-arm@0.34.5 OK for: sharp@0.34.5 want: 0.34.5
1956 silly placeDep ROOT @img/sharp-linux-arm64@0.34.5 OK for: sharp@0.34.5 want: 0.34.5
1957 silly placeDep ROOT @img/sharp-linux-ppc64@0.34.5 OK for: sharp@0.34.5 want: 0.34.5
1958 silly placeDep ROOT @img/sharp-linux-riscv64@0.34.5 OK for: sharp@0.34.5 want: 0.34.5
1959 silly placeDep ROOT @img/sharp-linux-s390x@0.34.5 OK for: sharp@0.34.5 want: 0.34.5
1960 silly placeDep ROOT @img/sharp-linux-x64@0.34.5 OK for: sharp@0.34.5 want: 0.34.5
1961 silly placeDep ROOT @img/sharp-linuxmusl-arm64@0.34.5 OK for: sharp@0.34.5 want: 0.34.5
1962 silly placeDep ROOT @img/sharp-linuxmusl-x64@0.34.5 OK for: sharp@0.34.5 want: 0.34.5
1963 silly placeDep ROOT @img/sharp-wasm32@0.34.5 OK for: sharp@0.34.5 want: 0.34.5
1964 silly placeDep ROOT @img/sharp-win32-arm64@0.34.5 OK for: sharp@0.34.5 want: 0.34.5
1965 silly placeDep ROOT @img/sharp-win32-ia32@0.34.5 OK for: sharp@0.34.5 want: 0.34.5
1966 silly placeDep ROOT @img/sharp-win32-x64@0.34.5 OK for: sharp@0.34.5 want: 0.34.5
1967 silly placeDep ROOT detect-libc@2.1.2 OK for: sharp@0.34.5 want: ^2.1.2
1968 silly placeDep node_modules/sharp semver@7.7.3 OK for: sharp@0.34.5 want: ^7.7.3
1969 silly fetch manifest @emnapi/runtime@^1.7.0
1970 silly packumentCache full:https://registry.npmjs.org/@emnapi%2fruntime cache-miss
1971 http fetch GET 200 https://registry.npmjs.org/@emnapi%2fruntime 227ms (cache miss)
1972 silly packumentCache full:https://registry.npmjs.org/@emnapi%2fruntime set size:undefined disposed:false
1973 silly placeDep ROOT @emnapi/runtime@1.8.1 OK for: @img/sharp-wasm32@0.34.5 want: ^1.7.0
1974 silly placeDep ROOT shebang-regex@3.0.0 OK for: shebang-command@2.0.0 want: ^3.0.0
1975 silly placeDep ROOT side-channel-list@1.0.0 OK for: side-channel@1.1.0 want: ^1.0.0
1976 silly placeDep ROOT side-channel-map@1.0.1 OK for: side-channel@1.1.0 want: ^1.0.1
1977 silly placeDep ROOT side-channel-weakmap@1.0.2 OK for: side-channel@1.1.0 want: ^1.0.2
1978 silly placeDep ROOT client-only@0.0.1 OK for: styled-jsx@5.1.6 want: 0.0.1
1979 silly placeDep ROOT has-flag@4.0.0 OK for: supports-color@7.2.0 want: ^4.0.0
1980 silly placeDep node_modules/tinyglobby fdir@6.5.0 OK for: tinyglobby@0.2.15 want: ^6.5.0
1981 silly placeDep node_modules/tinyglobby picomatch@4.0.3 OK for: fdir@6.5.0 want: ^3 || ^4
1982 silly placeDep ROOT is-number@7.0.0 OK for: to-regex-range@5.0.1 want: ^7.0.0
1983 silly placeDep ROOT @types/json5@0.0.29 OK for: tsconfig-paths@3.15.0 want: ^0.0.29
1984 silly placeDep node_modules/tsconfig-paths json5@1.0.2 OK for: tsconfig-paths@3.15.0 want: ^1.0.2
1985 silly placeDep ROOT minimist@1.2.8 OK for: tsconfig-paths@3.15.0 want: ^1.2.6
1986 silly placeDep ROOT strip-bom@3.0.0 OK for: tsconfig-paths@3.15.0 want: ^3.0.0
1987 silly fetch manifest minimist@^1.2.0
1988 silly packumentCache full:https://registry.npmjs.org/minimist cache-miss
1989 http fetch GET 200 https://registry.npmjs.org/minimist 167ms (cache hit)
1990 silly packumentCache full:https://registry.npmjs.org/minimist set size:77082 disposed:false
1991 silly placeDep ROOT for-each@0.3.5 OK for: typed-array-byte-length@1.0.3 want: ^0.3.3
1992 silly placeDep ROOT reflect.getprototypeof@1.0.10 OK for: typed-array-byte-offset@1.0.4 want: ^1.0.9
1993 silly fetch manifest which-builtin-type@^1.2.1
1994 silly packumentCache full:https://registry.npmjs.org/which-builtin-type cache-miss
1995 http fetch GET 200 https://registry.npmjs.org/which-builtin-type 237ms (cache miss)
1996 silly packumentCache full:https://registry.npmjs.org/which-builtin-type set size:undefined disposed:false
1997 silly placeDep ROOT which-builtin-type@1.2.1 OK for: reflect.getprototypeof@1.0.10 want: ^1.2.1
1998 silly fetch manifest is-async-function@^2.0.0
1999 silly packumentCache full:https://registry.npmjs.org/is-async-function cache-miss
2000 http fetch GET 200 https://registry.npmjs.org/is-async-function 273ms (cache miss)
2001 silly packumentCache full:https://registry.npmjs.org/is-async-function set size:undefined disposed:false
2002 silly fetch manifest is-finalizationregistry@^1.1.0
2003 silly packumentCache full:https://registry.npmjs.org/is-finalizationregistry cache-miss
2004 http fetch GET 200 https://registry.npmjs.org/is-finalizationregistry 286ms (cache miss)
2005 silly packumentCache full:https://registry.npmjs.org/is-finalizationregistry set size:undefined disposed:false
2006 silly fetch manifest is-generator-function@^1.0.10
2007 silly packumentCache full:https://registry.npmjs.org/is-generator-function cache-miss
2008 http fetch GET 200 https://registry.npmjs.org/is-generator-function 262ms (cache miss)
2009 silly packumentCache full:https://registry.npmjs.org/is-generator-function set size:undefined disposed:false
2010 silly fetch manifest which-boxed-primitive@^1.1.0
2011 silly packumentCache full:https://registry.npmjs.org/which-boxed-primitive cache-miss
2012 http fetch GET 200 https://registry.npmjs.org/which-boxed-primitive 166ms (cache hit)
2013 silly packumentCache full:https://registry.npmjs.org/which-boxed-primitive set size:19407 disposed:false
2014 silly fetch manifest which-collection@^1.0.2
2015 silly packumentCache full:https://registry.npmjs.org/which-collection cache-miss
2016 http fetch GET 200 https://registry.npmjs.org/which-collection 179ms (cache miss)
2017 silly packumentCache full:https://registry.npmjs.org/which-collection set size:undefined disposed:false
2018 silly fetch manifest eslint@^8.57.0 || ^9.0.0
2019 silly packumentCache full:https://registry.npmjs.org/eslint cache-miss
2020 http fetch GET 200 https://registry.npmjs.org/eslint 126ms (cache hit)
2021 silly packumentCache full:https://registry.npmjs.org/eslint set size:1886875 disposed:false
2022 silly fetch manifest typescript@>=4.8.4 <6.0.0
2023 silly packumentCache full:https://registry.npmjs.org/typescript cache-miss
2024 http fetch GET 200 https://registry.npmjs.org/typescript 307ms (cache hit)
2025 silly packumentCache full:https://registry.npmjs.org/typescript set size:15133370 disposed:false
2026 silly placeDep ROOT @typescript-eslint/eslint-plugin@8.53.0 OK for: typescript-eslint@8.53.0 want: 8.53.0
2027 silly placeDep ROOT @typescript-eslint/parser@8.53.0 OK for: @typescript-eslint/eslint-plugin@8.53.0 want: ^8.53.0
2028 silly placeDep ROOT @typescript-eslint/typescript-estree@8.53.0 OK for: typescript-eslint@8.53.0 want: 8.53.0
2029 silly placeDep ROOT @typescript-eslint/utils@8.53.0 OK for: typescript-eslint@8.53.0 want: 8.53.0
2030 silly fetch manifest @typescript-eslint/scope-manager@8.53.0
2031 silly packumentCache full:https://registry.npmjs.org/@typescript-eslint%2fscope-manager cache-miss
