0 verbose cli /home/mathieu/.nvm/versions/node/v20.17.0/bin/node /home/mathieu/.nvm/versions/node/v20.17.0/bin/npm
1 info using npm@10.8.2
2 info using node@v20.17.0
3 silly config load:file:/home/mathieu/.nvm/versions/node/v20.17.0/lib/node_modules/npm/npmrc
4 info config found workspace root at /mnt/c/Users/matma/Documents/MyDigitalSchool/M1/OrigAMI/site
5 silly config load:file:/mnt/c/Users/matma/Documents/MyDigitalSchool/M1/OrigAMI/site/.npmrc
6 silly config load:file:/home/mathieu/.npmrc
7 silly config load:file:/home/mathieu/.nvm/versions/node/v20.17.0/etc/npmrc
8 verbose title npm install
9 verbose argv "install"
10 verbose logfile logs-max:10 dir:/mnt/c/Users/matma/Documents/MyDigitalSchool/M1/OrigAMI/site/.npm-cache/_logs/2026-01-16T13_10_54_776Z-
11 verbose logfile /mnt/c/Users/matma/Documents/MyDigitalSchool/M1/OrigAMI/site/.npm-cache/_logs/2026-01-16T13_10_54_776Z-debug-0.log
12 silly logfile start cleaning logs, removing 1 files
13 silly logfile done cleaning log files
14 silly packumentCache heap:2106327040 maxSize:526581760 maxEntrySize:263290880
15 warn workspaces api in filter set, but no workspace folder present
16 silly idealTree buildDeps
17 silly placeDep ROOT api@0.0.1 OK for:  want: file:/mnt/c/Users/matma/Documents/MyDigitalSchool/M1/OrigAMI/site/apps/api
18 silly fetch manifest @nestjs/common@^11.0.1
19 silly packumentCache full:https://registry.npmjs.org/@nestjs%2fcommon cache-miss
20 http fetch GET 200 https://registry.npmjs.org/@nestjs%2fcommon 231ms (cache hit)
21 silly packumentCache full:https://registry.npmjs.org/@nestjs%2fcommon set size:889421 disposed:false
22 silly fetch manifest class-transformer@>=0.4.1
23 silly packumentCache full:https://registry.npmjs.org/class-transformer cache-miss
24 http fetch GET 200 https://registry.npmjs.org/class-transformer 167ms (cache hit)
25 silly packumentCache full:https://registry.npmjs.org/class-transformer set size:106571 disposed:false
26 silly fetch manifest class-validator@>=0.13.2
27 silly packumentCache full:https://registry.npmjs.org/class-validator cache-miss
28 http fetch GET 200 https://registry.npmjs.org/class-validator 117ms (cache hit)
29 silly packumentCache full:https://registry.npmjs.org/class-validator set size:218336 disposed:false
30 silly fetch manifest reflect-metadata@^0.2.2
31 silly packumentCache full:https://registry.npmjs.org/reflect-metadata cache-miss
32 http fetch GET 200 https://registry.npmjs.org/reflect-metadata 109ms (cache hit)
33 silly packumentCache full:https://registry.npmjs.org/reflect-metadata set size:61305 disposed:false
34 silly fetch manifest rxjs@^7.8.1
35 silly packumentCache full:https://registry.npmjs.org/rxjs cache-miss
36 http fetch GET 200 https://registry.npmjs.org/rxjs 131ms (cache hit)
37 silly packumentCache full:https://registry.npmjs.org/rxjs set size:980097 disposed:false
38 silly fetch manifest @nestjs/core@^11.0.1
39 silly packumentCache full:https://registry.npmjs.org/@nestjs%2fcore cache-miss
40 http fetch GET 200 https://registry.npmjs.org/@nestjs%2fcore 137ms (cache hit)
41 silly packumentCache full:https://registry.npmjs.org/@nestjs%2fcore set size:1023591 disposed:false
42 silly fetch manifest @nestjs/microservices@^11.0.0
43 silly packumentCache full:https://registry.npmjs.org/@nestjs%2fmicroservices cache-miss
44 http fetch GET 200 https://registry.npmjs.org/@nestjs%2fmicroservices 124ms (cache hit)
45 silly packumentCache full:https://registry.npmjs.org/@nestjs%2fmicroservices set size:977088 disposed:false
46 silly fetch manifest @grpc/grpc-js@*
47 silly packumentCache full:https://registry.npmjs.org/@grpc%2fgrpc-js cache-miss
48 http fetch GET 200 https://registry.npmjs.org/@grpc%2fgrpc-js 103ms (cache hit)
49 silly packumentCache full:https://registry.npmjs.org/@grpc%2fgrpc-js set size:658277 disposed:false
50 silly fetch manifest @nestjs/websockets@^11.0.0
51 silly packumentCache full:https://registry.npmjs.org/@nestjs%2fwebsockets cache-miss
52 http fetch GET 200 https://registry.npmjs.org/@nestjs%2fwebsockets 119ms (cache hit)
53 silly packumentCache full:https://registry.npmjs.org/@nestjs%2fwebsockets set size:837430 disposed:false
54 silly fetch manifest @nestjs/platform-socket.io@^11.0.0
55 silly packumentCache full:https://registry.npmjs.org/@nestjs%2fplatform-socket.io cache-miss
56 http fetch GET 200 https://registry.npmjs.org/@nestjs%2fplatform-socket.io 121ms (cache hit)
57 silly packumentCache full:https://registry.npmjs.org/@nestjs%2fplatform-socket.io set size:696909 disposed:false
58 silly fetch manifest amqp-connection-manager@*
59 silly packumentCache full:https://registry.npmjs.org/amqp-connection-manager cache-miss
60 http fetch GET 200 https://registry.npmjs.org/amqp-connection-manager 108ms (cache hit)
61 silly packumentCache full:https://registry.npmjs.org/amqp-connection-manager set size:260264 disposed:false
62 silly fetch manifest amqplib@*
63 silly packumentCache full:https://registry.npmjs.org/amqplib cache-miss
64 http fetch GET 200 https://registry.npmjs.org/amqplib 107ms (cache hit)
65 silly packumentCache full:https://registry.npmjs.org/amqplib set size:81027 disposed:false
66 silly fetch manifest cache-manager@*
67 silly packumentCache full:https://registry.npmjs.org/cache-manager cache-miss
68 http fetch GET 200 https://registry.npmjs.org/cache-manager 132ms (cache hit)
69 silly packumentCache full:https://registry.npmjs.org/cache-manager set size:325685 disposed:false
70 silly fetch manifest ioredis@*
71 silly packumentCache full:https://registry.npmjs.org/ioredis cache-miss
72 http fetch GET 200 https://registry.npmjs.org/ioredis 350ms (cache hit)
73 silly packumentCache full:https://registry.npmjs.org/ioredis set size:831048 disposed:false
74 silly fetch manifest kafkajs@*
75 silly packumentCache full:https://registry.npmjs.org/kafkajs cache-miss
76 http fetch GET 200 https://registry.npmjs.org/kafkajs 358ms (cache hit)
77 silly packumentCache full:https://registry.npmjs.org/kafkajs set size:3133174 disposed:false
78 silly fetch manifest mqtt@*
79 silly packumentCache full:https://registry.npmjs.org/mqtt cache-miss
80 http fetch GET 200 https://registry.npmjs.org/mqtt 341ms (cache hit)
81 silly packumentCache full:https://registry.npmjs.org/mqtt set size:805874 disposed:false
82 silly fetch manifest nats@*
83 silly packumentCache full:https://registry.npmjs.org/nats cache-miss
84 http fetch GET 200 https://registry.npmjs.org/nats 304ms (cache hit)
85 silly packumentCache full:https://registry.npmjs.org/nats set size:773834 disposed:false
86 silly fetch manifest @nestjs/platform-express@^11.0.1
87 silly packumentCache full:https://registry.npmjs.org/@nestjs%2fplatform-express cache-miss
88 http fetch GET 200 https://registry.npmjs.org/@nestjs%2fplatform-express 353ms (cache hit)
89 silly packumentCache full:https://registry.npmjs.org/@nestjs%2fplatform-express set size:727719 disposed:false
90 silly fetch manifest @nestjs/cli@^11.0.0
91 silly packumentCache full:https://registry.npmjs.org/@nestjs%2fcli cache-miss
92 http fetch GET 200 https://registry.npmjs.org/@nestjs%2fcli 763ms (cache revalidated)
93 silly packumentCache full:https://registry.npmjs.org/@nestjs%2fcli set size:913872 disposed:false
94 silly fetch manifest @swc/cli@^0.1.62 || ^0.3.0 || ^0.4.0 || ^0.5.0 || ^0.6.0 || ^0.7.0
95 silly packumentCache full:https://registry.npmjs.org/@swc%2fcli cache-miss
96 http fetch GET 200 https://registry.npmjs.org/@swc%2fcli 550ms (cache revalidated)
97 silly packumentCache full:https://registry.npmjs.org/@swc%2fcli set size:239923 disposed:false
98 silly fetch manifest @swc/core@^1.2.66
99 silly packumentCache full:https://registry.npmjs.org/@swc%2fcore cache-miss
100 http fetch GET 200 https://registry.npmjs.org/@swc%2fcore 191ms (cache revalidated)
101 silly packumentCache full:https://registry.npmjs.org/@swc%2fcore set size:3897881 disposed:false
102 silly fetch manifest @swc/helpers@>=0.5.17
103 silly packumentCache full:https://registry.npmjs.org/@swc%2fhelpers cache-miss
104 http fetch GET 200 https://registry.npmjs.org/@swc%2fhelpers 167ms (cache revalidated)
105 silly packumentCache full:https://registry.npmjs.org/@swc%2fhelpers set size:655395 disposed:false
106 silly fetch manifest chokidar@^4.0.1
107 silly packumentCache full:https://registry.npmjs.org/chokidar cache-miss
108 http fetch GET 200 https://registry.npmjs.org/chokidar 170ms (cache revalidated)
109 silly packumentCache full:https://registry.npmjs.org/chokidar set size:255902 disposed:false
110 silly fetch manifest @nestjs/schematics@^11.0.0
111 silly packumentCache full:https://registry.npmjs.org/@nestjs%2fschematics cache-miss
112 http fetch GET 200 https://registry.npmjs.org/@nestjs%2fschematics 753ms (cache revalidated)
113 silly packumentCache full:https://registry.npmjs.org/@nestjs%2fschematics set size:506707 disposed:false
114 silly fetch manifest typescript@^5.7.3
115 silly packumentCache full:https://registry.npmjs.org/typescript cache-miss
116 http fetch GET 200 https://registry.npmjs.org/typescript 321ms (cache revalidated)
117 silly packumentCache full:https://registry.npmjs.org/typescript set size:15133370 disposed:false
118 silly fetch manifest @nestjs/testing@^11.0.1
119 silly packumentCache full:https://registry.npmjs.org/@nestjs%2ftesting cache-miss
120 http fetch GET 200 https://registry.npmjs.org/@nestjs%2ftesting 92ms (cache hit)
121 silly packumentCache full:https://registry.npmjs.org/@nestjs%2ftesting set size:827417 disposed:false
122 silly fetch manifest @types/express@^5.0.0
123 silly packumentCache full:https://registry.npmjs.org/@types%2fexpress cache-miss
124 http fetch GET 200 https://registry.npmjs.org/@types%2fexpress 101ms (cache hit)
125 silly packumentCache full:https://registry.npmjs.org/@types%2fexpress set size:111364 disposed:false
126 silly fetch manifest @types/jest@^30.0.0
127 silly packumentCache full:https://registry.npmjs.org/@types%2fjest cache-miss
128 http fetch GET 200 https://registry.npmjs.org/@types%2fjest 133ms (cache hit)
129 silly packumentCache full:https://registry.npmjs.org/@types%2fjest set size:712683 disposed:false
130 silly fetch manifest @types/node@^22.10.7
131 silly packumentCache full:https://registry.npmjs.org/@types%2fnode cache-miss
132 http fetch GET 200 https://registry.npmjs.org/@types%2fnode 225ms (cache hit)
133 silly packumentCache full:https://registry.npmjs.org/@types%2fnode set size:10797446 disposed:false
134 silly fetch manifest @types/supertest@^6.0.2
135 silly packumentCache full:https://registry.npmjs.org/@types%2fsupertest cache-miss
136 http fetch GET 200 https://registry.npmjs.org/@types%2fsupertest 157ms (cache hit)
137 silly packumentCache full:https://registry.npmjs.org/@types%2fsupertest set size:59347 disposed:false
138 silly fetch manifest eslint@^9.18.0
139 silly packumentCache full:https://registry.npmjs.org/eslint cache-miss
140 http fetch GET 200 https://registry.npmjs.org/eslint 310ms (cache hit)
141 silly packumentCache full:https://registry.npmjs.org/eslint set size:1886875 disposed:false
142 silly fetch manifest jiti@*
143 silly packumentCache full:https://registry.npmjs.org/jiti cache-miss
144 http fetch GET 200 https://registry.npmjs.org/jiti 405ms (cache hit)
145 silly packumentCache full:https://registry.npmjs.org/jiti set size:382310 disposed:false
146 silly fetch manifest eslint-config-prettier@^10.0.1
147 silly packumentCache full:https://registry.npmjs.org/eslint-config-prettier cache-miss
148 http fetch GET 200 https://registry.npmjs.org/eslint-config-prettier 296ms (cache hit)
149 silly packumentCache full:https://registry.npmjs.org/eslint-config-prettier set size:231551 disposed:false
150 silly fetch manifest eslint-plugin-prettier@^5.2.2
151 silly packumentCache full:https://registry.npmjs.org/eslint-plugin-prettier cache-miss
152 http fetch GET 200 https://registry.npmjs.org/eslint-plugin-prettier 502ms (cache hit)
153 silly packumentCache full:https://registry.npmjs.org/eslint-plugin-prettier set size:189674 disposed:false
154 silly fetch manifest @types/eslint@>=8.0.0
155 silly packumentCache full:https://registry.npmjs.org/@types%2feslint cache-miss
156 http fetch GET 200 https://registry.npmjs.org/@types%2feslint 321ms (cache hit)
157 silly packumentCache full:https://registry.npmjs.org/@types%2feslint set size:220085 disposed:false
158 silly fetch manifest prettier@^3.4.2
159 silly packumentCache full:https://registry.npmjs.org/prettier cache-miss
160 http fetch GET 200 https://registry.npmjs.org/prettier 351ms (cache hit)
161 silly packumentCache full:https://registry.npmjs.org/prettier set size:648077 disposed:false
162 silly fetch manifest globals@^16.0.0
163 silly packumentCache full:https://registry.npmjs.org/globals cache-miss
164 http fetch GET 200 https://registry.npmjs.org/globals 577ms (cache hit)
165 silly packumentCache full:https://registry.npmjs.org/globals set size:293859 disposed:false
166 silly fetch manifest jest@^30.0.0
167 silly packumentCache full:https://registry.npmjs.org/jest cache-miss
168 http fetch GET 200 https://registry.npmjs.org/jest 370ms (cache hit)
169 silly packumentCache full:https://registry.npmjs.org/jest set size:853656 disposed:false
170 silly fetch manifest node-notifier@^8.0.1 || ^9.0.0 || ^10.0.0
171 silly packumentCache full:https://registry.npmjs.org/node-notifier cache-miss
172 http fetch GET 200 https://registry.npmjs.org/node-notifier 122ms (cache hit)
173 silly packumentCache full:https://registry.npmjs.org/node-notifier set size:171533 disposed:false
174 silly fetch manifest source-map-support@^0.5.21
175 silly packumentCache full:https://registry.npmjs.org/source-map-support cache-miss
176 http fetch GET 200 https://registry.npmjs.org/source-map-support 100ms (cache hit)
177 silly packumentCache full:https://registry.npmjs.org/source-map-support set size:125488 disposed:false
178 silly fetch manifest supertest@^7.0.0
179 silly packumentCache full:https://registry.npmjs.org/supertest cache-miss
180 http fetch GET 200 https://registry.npmjs.org/supertest 98ms (cache hit)
181 silly packumentCache full:https://registry.npmjs.org/supertest set size:209934 disposed:false
182 silly fetch manifest ts-jest@^29.2.5
183 silly packumentCache full:https://registry.npmjs.org/ts-jest cache-miss
184 http fetch GET 200 https://registry.npmjs.org/ts-jest 103ms (cache hit)
185 silly packumentCache full:https://registry.npmjs.org/ts-jest set size:1044014 disposed:false
186 silly fetch manifest @babel/core@>=7.0.0-beta.0 <8
187 silly packumentCache full:https://registry.npmjs.org/@babel%2fcore cache-miss
188 http fetch GET 200 https://registry.npmjs.org/@babel%2fcore 122ms (cache hit)
189 silly packumentCache full:https://registry.npmjs.org/@babel%2fcore set size:745002 disposed:false
190 silly fetch manifest @jest/transform@^29.0.0 || ^30.0.0
191 silly packumentCache full:https://registry.npmjs.org/@jest%2ftransform cache-miss
192 http fetch GET 200 https://registry.npmjs.org/@jest%2ftransform 101ms (cache hit)
193 silly packumentCache full:https://registry.npmjs.org/@jest%2ftransform set size:461491 disposed:false
194 silly fetch manifest @jest/types@^29.0.0 || ^30.0.0
195 silly packumentCache full:https://registry.npmjs.org/@jest%2ftypes cache-miss
196 http fetch GET 200 https://registry.npmjs.org/@jest%2ftypes 80ms (cache hit)
197 silly packumentCache full:https://registry.npmjs.org/@jest%2ftypes set size:286895 disposed:false
198 silly fetch manifest babel-jest@^29.0.0 || ^30.0.0
199 silly packumentCache full:https://registry.npmjs.org/babel-jest cache-miss
200 http fetch GET 200 https://registry.npmjs.org/babel-jest 125ms (cache hit)
201 silly packumentCache full:https://registry.npmjs.org/babel-jest set size:684348 disposed:false
202 silly fetch manifest jest-util@^29.0.0 || ^30.0.0
203 silly packumentCache full:https://registry.npmjs.org/jest-util cache-miss
204 http fetch GET 200 https://registry.npmjs.org/jest-util 138ms (cache hit)
205 silly packumentCache full:https://registry.npmjs.org/jest-util set size:581984 disposed:false
206 silly fetch manifest ts-loader@^9.5.2
207 silly packumentCache full:https://registry.npmjs.org/ts-loader cache-miss
208 http fetch GET 200 https://registry.npmjs.org/ts-loader 113ms (cache hit)
209 silly packumentCache full:https://registry.npmjs.org/ts-loader set size:614863 disposed:false
210 silly fetch manifest webpack@^5.0.0
211 silly packumentCache full:https://registry.npmjs.org/webpack cache-miss
212 http fetch GET 200 https://registry.npmjs.org/webpack 248ms (cache revalidated)
213 silly packumentCache full:https://registry.npmjs.org/webpack set size:4926367 disposed:false
214 silly fetch manifest ts-node@^10.9.2
215 silly packumentCache full:https://registry.npmjs.org/ts-node cache-miss
216 http fetch GET 200 https://registry.npmjs.org/ts-node 146ms (cache hit)
217 silly packumentCache full:https://registry.npmjs.org/ts-node set size:574573 disposed:false
218 silly fetch manifest @swc/core@>=1.2.50
219 silly packumentCache full:https://registry.npmjs.org/@swc%2fcore cache-miss
220 http fetch GET 200 https://registry.npmjs.org/@swc%2fcore 177ms (cache hit)
221 silly packumentCache full:https://registry.npmjs.org/@swc%2fcore set size:3897881 disposed:false
222 silly fetch manifest @swc/wasm@>=1.2.50
223 silly packumentCache full:https://registry.npmjs.org/@swc%2fwasm cache-miss
224 http fetch GET 200 https://registry.npmjs.org/@swc%2fwasm 172ms (cache hit)
225 silly packumentCache full:https://registry.npmjs.org/@swc%2fwasm set size:1301319 disposed:false
226 silly fetch manifest tsconfig-paths@^4.2.0
227 silly packumentCache full:https://registry.npmjs.org/tsconfig-paths cache-miss
228 http fetch GET 200 https://registry.npmjs.org/tsconfig-paths 200ms (cache revalidated)
229 silly packumentCache full:https://registry.npmjs.org/tsconfig-paths set size:192565 disposed:false
230 silly placeDep ROOT @nestjs/cli@11.0.16 OK for: api@0.0.1 want: ^11.0.0
231 silly placeDep ROOT @nestjs/common@11.1.12 OK for: api@0.0.1 want: ^11.0.1
232 silly placeDep ROOT reflect-metadata@0.2.2 OK for: @nestjs/common@11.1.12 want: ^0.1.12 || ^0.2.0
233 silly placeDep ROOT rxjs@7.8.2 OK for: @nestjs/common@11.1.12 want: ^7.1.0
234 silly placeDep ROOT @nestjs/core@11.1.12 OK for: api@0.0.1 want: ^11.0.1
235 silly placeDep ROOT @nestjs/platform-express@11.1.12 OK for: api@0.0.1 want: ^11.0.1
236 silly placeDep ROOT @nestjs/schematics@11.0.9 OK for: api@0.0.1 want: ^11.0.0
237 silly placeDep ROOT typescript@5.9.3 REPLACE for: @nestjs/schematics@11.0.9 want: >=4.8.2
238 silly placeDep ROOT @nestjs/testing@11.1.12 OK for: api@0.0.1 want: ^11.0.1
239 silly placeDep ROOT @types/express@5.0.6 OK for: api@0.0.1 want: ^5.0.0
240 silly placeDep ROOT @types/jest@30.0.0 OK for: api@0.0.1 want: ^30.0.0
241 silly placeDep apps/api @types/node@22.19.7 OK for: api@0.0.1 want: ^22.10.7
242 silly placeDep ROOT @types/supertest@6.0.3 OK for: api@0.0.1 want: ^6.0.2
243 silly placeDep apps/api eslint@9.39.2 OK for: api@0.0.1 want: ^9.18.0
244 silly placeDep ROOT eslint-config-prettier@10.1.8 OK for: api@0.0.1 want: ^10.0.1
245 silly placeDep ROOT eslint@9.39.2 REPLACE for: eslint-config-prettier@10.1.8 want: >=7.0.0
246 silly placeDep ROOT eslint-plugin-prettier@5.5.5 OK for: api@0.0.1 want: ^5.2.2
247 silly placeDep ROOT prettier@3.8.0 OK for: eslint-plugin-prettier@5.5.5 want: >=3.0.0
248 silly placeDep apps/api globals@16.5.0 OK for: api@0.0.1 want: ^16.0.0
249 silly placeDep ROOT jest@30.2.0 OK for: api@0.0.1 want: ^30.0.0
250 silly placeDep ROOT source-map-support@0.5.21 OK for: api@0.0.1 want: ^0.5.21
251 silly placeDep ROOT supertest@7.2.2 OK for: api@0.0.1 want: ^7.0.0
252 silly placeDep ROOT ts-jest@29.4.6 OK for: api@0.0.1 want: ^29.2.5
253 silly placeDep ROOT ts-loader@9.5.4 OK for: api@0.0.1 want: ^9.5.2
254 silly placeDep ROOT webpack@5.104.1 OK for: ts-loader@9.5.4 want: ^5.0.0
255 silly placeDep ROOT ts-node@10.9.2 OK for: api@0.0.1 want: ^10.9.2
256 silly placeDep apps/api tsconfig-paths@4.2.0 OK for: api@0.0.1 want: ^4.2.0
257 silly fetch manifest @angular-devkit/core@19.2.19
258 silly packumentCache full:https://registry.npmjs.org/@angular-devkit%2fcore cache-miss
259 http fetch GET 200 https://registry.npmjs.org/@angular-devkit%2fcore 274ms (cache revalidated)
260 silly packumentCache full:https://registry.npmjs.org/@angular-devkit%2fcore set size:2240704 disposed:false
261 silly fetch manifest @angular-devkit/schematics@19.2.19
262 silly packumentCache full:https://registry.npmjs.org/@angular-devkit%2fschematics cache-miss
263 http fetch GET 200 https://registry.npmjs.org/@angular-devkit%2fschematics 251ms (cache revalidated)
264 silly packumentCache full:https://registry.npmjs.org/@angular-devkit%2fschematics set size:2218802 disposed:false
265 silly fetch manifest @angular-devkit/schematics-cli@19.2.19
266 silly packumentCache full:https://registry.npmjs.org/@angular-devkit%2fschematics-cli cache-miss
267 http fetch GET 200 https://registry.npmjs.org/@angular-devkit%2fschematics-cli 209ms (cache revalidated)
268 silly packumentCache full:https://registry.npmjs.org/@angular-devkit%2fschematics-cli set size:2244725 disposed:false
269 silly fetch manifest @inquirer/prompts@7.10.1
270 silly packumentCache full:https://registry.npmjs.org/@inquirer%2fprompts cache-miss
271 http fetch GET 200 https://registry.npmjs.org/@inquirer%2fprompts 212ms (cache revalidated)
272 silly packumentCache full:https://registry.npmjs.org/@inquirer%2fprompts set size:300040 disposed:false
273 silly fetch manifest @nestjs/schematics@^11.0.1
274 silly packumentCache full:https://registry.npmjs.org/@nestjs%2fschematics cache-hit
275 silly fetch manifest ansis@4.2.0
276 silly packumentCache full:https://registry.npmjs.org/ansis cache-miss
277 http fetch GET 200 https://registry.npmjs.org/ansis 163ms (cache revalidated)
278 silly packumentCache full:https://registry.npmjs.org/ansis set size:213062 disposed:false
279 silly fetch manifest chokidar@4.0.3
280 silly packumentCache full:https://registry.npmjs.org/chokidar cache-hit
281 silly fetch manifest cli-table3@0.6.5
282 silly packumentCache full:https://registry.npmjs.org/cli-table3 cache-miss
283 http fetch GET 200 https://registry.npmjs.org/cli-table3 147ms (cache revalidated)
284 silly packumentCache full:https://registry.npmjs.org/cli-table3 set size:40139 disposed:false
285 silly fetch manifest commander@4.1.1
286 silly packumentCache full:https://registry.npmjs.org/commander cache-miss
287 http fetch GET 200 https://registry.npmjs.org/commander 152ms (cache revalidated)
288 silly packumentCache full:https://registry.npmjs.org/commander set size:345426 disposed:false
289 silly fetch manifest fork-ts-checker-webpack-plugin@9.1.0
290 silly packumentCache full:https://registry.npmjs.org/fork-ts-checker-webpack-plugin cache-miss
291 http fetch GET 200 https://registry.npmjs.org/fork-ts-checker-webpack-plugin 191ms (cache revalidated)
292 silly packumentCache full:https://registry.npmjs.org/fork-ts-checker-webpack-plugin set size:1092702 disposed:false
293 silly fetch manifest glob@13.0.0
294 silly packumentCache full:https://registry.npmjs.org/glob cache-miss
295 http fetch GET 200 https://registry.npmjs.org/glob 254ms (cache revalidated)
296 silly packumentCache full:https://registry.npmjs.org/glob set size:415427 disposed:false
297 silly fetch manifest node-emoji@1.11.0
298 silly packumentCache full:https://registry.npmjs.org/node-emoji cache-miss
299 http fetch GET 200 https://registry.npmjs.org/node-emoji 161ms (cache revalidated)
300 silly packumentCache full:https://registry.npmjs.org/node-emoji set size:88366 disposed:false
301 silly fetch manifest ora@5.4.1
302 silly packumentCache full:https://registry.npmjs.org/ora cache-miss
303 http fetch GET 200 https://registry.npmjs.org/ora 248ms (cache revalidated)
304 silly packumentCache full:https://registry.npmjs.org/ora set size:134628 disposed:false
305 silly fetch manifest tsconfig-paths@4.2.0
306 silly packumentCache full:https://registry.npmjs.org/tsconfig-paths cache-hit
307 silly fetch manifest tsconfig-paths-webpack-plugin@4.2.0
308 silly packumentCache full:https://registry.npmjs.org/tsconfig-paths-webpack-plugin cache-miss
309 http fetch GET 200 https://registry.npmjs.org/tsconfig-paths-webpack-plugin 609ms (cache revalidated)
310 silly packumentCache full:https://registry.npmjs.org/tsconfig-paths-webpack-plugin set size:117412 disposed:false
311 silly fetch manifest typescript@5.9.3
312 silly packumentCache full:https://registry.npmjs.org/typescript cache-miss
313 http fetch GET 200 https://registry.npmjs.org/typescript 698ms (cache hit)
314 silly packumentCache full:https://registry.npmjs.org/typescript set size:15133370 disposed:false
315 silly fetch manifest webpack@5.104.1
316 silly packumentCache full:https://registry.npmjs.org/webpack cache-miss
317 http fetch GET 200 https://registry.npmjs.org/webpack 556ms (cache hit)
318 silly packumentCache full:https://registry.npmjs.org/webpack set size:4926367 disposed:false
319 silly fetch manifest webpack-node-externals@3.0.0
320 silly packumentCache full:https://registry.npmjs.org/webpack-node-externals cache-miss
321 http fetch GET 200 https://registry.npmjs.org/webpack-node-externals 351ms (cache revalidated)
322 silly packumentCache full:https://registry.npmjs.org/webpack-node-externals set size:62285 disposed:false
323 silly fetch manifest file-type@21.3.0
324 silly packumentCache full:https://registry.npmjs.org/file-type cache-miss
325 http fetch GET 200 https://registry.npmjs.org/file-type 231ms (cache hit)
326 silly packumentCache full:https://registry.npmjs.org/file-type set size:536399 disposed:false
327 silly fetch manifest iterare@1.2.1
328 silly packumentCache full:https://registry.npmjs.org/iterare cache-miss
329 http fetch GET 200 https://registry.npmjs.org/iterare 145ms (cache hit)
330 silly packumentCache full:https://registry.npmjs.org/iterare set size:49515 disposed:false
331 silly fetch manifest load-esm@1.0.3
332 silly packumentCache full:https://registry.npmjs.org/load-esm cache-miss
333 http fetch GET 200 https://registry.npmjs.org/load-esm 84ms (cache hit)
334 silly packumentCache full:https://registry.npmjs.org/load-esm set size:16667 disposed:false
335 silly fetch manifest uid@2.0.2
336 silly packumentCache full:https://registry.npmjs.org/uid cache-miss
337 http fetch GET 200 https://registry.npmjs.org/uid 86ms (cache hit)
338 silly packumentCache full:https://registry.npmjs.org/uid set size:24065 disposed:false
339 silly fetch manifest @nuxt/opencollective@0.4.1
340 silly packumentCache full:https://registry.npmjs.org/@nuxt%2fopencollective cache-miss
341 http fetch GET 200 https://registry.npmjs.org/@nuxt%2fopencollective 99ms (cache hit)
342 silly packumentCache full:https://registry.npmjs.org/@nuxt%2fopencollective set size:35284 disposed:false
343 silly fetch manifest fast-safe-stringify@2.1.1
344 silly packumentCache full:https://registry.npmjs.org/fast-safe-stringify cache-miss
345 http fetch GET 200 https://registry.npmjs.org/fast-safe-stringify 104ms (cache hit)
346 silly packumentCache full:https://registry.npmjs.org/fast-safe-stringify set size:76810 disposed:false
347 silly fetch manifest path-to-regexp@8.3.0
348 silly packumentCache full:https://registry.npmjs.org/path-to-regexp cache-miss
349 http fetch GET 200 https://registry.npmjs.org/path-to-regexp 135ms (cache hit)
350 silly packumentCache full:https://registry.npmjs.org/path-to-regexp set size:207142 disposed:false
351 silly fetch manifest cors@2.8.5
352 silly packumentCache full:https://registry.npmjs.org/cors cache-miss
353 http fetch GET 200 https://registry.npmjs.org/cors 152ms (cache hit)
354 silly packumentCache full:https://registry.npmjs.org/cors set size:73833 disposed:false
355 silly fetch manifest express@5.2.1
356 silly packumentCache full:https://registry.npmjs.org/express cache-miss
357 http fetch GET 200 https://registry.npmjs.org/express 125ms (cache hit)
358 silly packumentCache full:https://registry.npmjs.org/express set size:801203 disposed:false
359 silly fetch manifest multer@2.0.2
360 silly packumentCache full:https://registry.npmjs.org/multer cache-miss
361 http fetch GET 200 https://registry.npmjs.org/multer 87ms (cache hit)
362 silly packumentCache full:https://registry.npmjs.org/multer set size:145789 disposed:false
363 silly fetch manifest @angular-devkit/core@19.2.17
364 silly packumentCache full:https://registry.npmjs.org/@angular-devkit%2fcore cache-miss
365 http fetch GET 200 https://registry.npmjs.org/@angular-devkit%2fcore 122ms (cache hit)
366 silly packumentCache full:https://registry.npmjs.org/@angular-devkit%2fcore set size:2240704 disposed:false
367 silly fetch manifest @angular-devkit/schematics@19.2.17
368 silly packumentCache full:https://registry.npmjs.org/@angular-devkit%2fschematics cache-miss
369 http fetch GET 200 https://registry.npmjs.org/@angular-devkit%2fschematics 127ms (cache hit)
370 silly packumentCache full:https://registry.npmjs.org/@angular-devkit%2fschematics set size:2218802 disposed:false
371 silly fetch manifest comment-json@4.4.1
372 silly packumentCache full:https://registry.npmjs.org/comment-json cache-miss
373 http fetch GET 200 https://registry.npmjs.org/comment-json 104ms (cache hit)
374 silly packumentCache full:https://registry.npmjs.org/comment-json set size:174095 disposed:false
375 silly fetch manifest jsonc-parser@3.3.1
376 silly packumentCache full:https://registry.npmjs.org/jsonc-parser cache-miss
377 http fetch GET 200 https://registry.npmjs.org/jsonc-parser 150ms (cache revalidated)
378 silly packumentCache full:https://registry.npmjs.org/jsonc-parser set size:122648 disposed:false
379 silly fetch manifest pluralize@8.0.0
380 silly packumentCache full:https://registry.npmjs.org/pluralize cache-miss
381 http fetch GET 200 https://registry.npmjs.org/pluralize 98ms (cache hit)
382 silly packumentCache full:https://registry.npmjs.org/pluralize set size:55503 disposed:false
383 silly fetch manifest @types/body-parser@*
384 silly packumentCache full:https://registry.npmjs.org/@types%2fbody-parser cache-miss
385 http fetch GET 200 https://registry.npmjs.org/@types%2fbody-parser 98ms (cache hit)
386 silly packumentCache full:https://registry.npmjs.org/@types%2fbody-parser set size:59466 disposed:false
387 silly fetch manifest @types/serve-static@^2
388 silly packumentCache full:https://registry.npmjs.org/@types%2fserve-static cache-miss
389 http fetch GET 200 https://registry.npmjs.org/@types%2fserve-static 154ms (cache hit)
390 silly packumentCache full:https://registry.npmjs.org/@types%2fserve-static set size:70859 disposed:false
391 silly fetch manifest @types/express-serve-static-core@^5.0.0
392 silly packumentCache full:https://registry.npmjs.org/@types%2fexpress-serve-static-core cache-miss
393 http fetch GET 200 https://registry.npmjs.org/@types%2fexpress-serve-static-core 102ms (cache hit)
394 silly packumentCache full:https://registry.npmjs.org/@types%2fexpress-serve-static-core set size:264345 disposed:false
395 silly fetch manifest expect@^30.0.0
396 silly packumentCache full:https://registry.npmjs.org/expect cache-miss
397 http fetch GET 200 https://registry.npmjs.org/expect 130ms (cache hit)
398 silly packumentCache full:https://registry.npmjs.org/expect set size:642033 disposed:false
399 silly fetch manifest pretty-format@^30.0.0
400 silly packumentCache full:https://registry.npmjs.org/pretty-format cache-miss
401 http fetch GET 200 https://registry.npmjs.org/pretty-format 173ms (cache hit)
402 silly packumentCache full:https://registry.npmjs.org/pretty-format set size:591748 disposed:false
403 silly fetch manifest @types/methods@^1.1.4
404 silly packumentCache full:https://registry.npmjs.org/@types%2fmethods cache-miss
405 http fetch GET 200 https://registry.npmjs.org/@types%2fmethods 188ms (cache hit)
406 silly packumentCache full:https://registry.npmjs.org/@types%2fmethods set size:9720 disposed:false
407 silly fetch manifest @types/superagent@^8.1.0
408 silly packumentCache full:https://registry.npmjs.org/@types%2fsuperagent cache-miss
409 http fetch GET 200 https://registry.npmjs.org/@types%2fsuperagent 84ms (cache hit)
410 silly packumentCache full:https://registry.npmjs.org/@types%2fsuperagent set size:173250 disposed:false
411 silly fetch manifest prettier-linter-helpers@^1.0.1
412 silly packumentCache full:https://registry.npmjs.org/prettier-linter-helpers cache-miss
413 http fetch GET 200 https://registry.npmjs.org/prettier-linter-helpers 85ms (cache hit)
414 silly packumentCache full:https://registry.npmjs.org/prettier-linter-helpers set size:11087 disposed:false
415 silly fetch manifest synckit@^0.11.12
416 silly packumentCache full:https://registry.npmjs.org/synckit cache-miss
417 http fetch GET 200 https://registry.npmjs.org/synckit 83ms (cache hit)
418 silly packumentCache full:https://registry.npmjs.org/synckit set size:159512 disposed:false
419 silly fetch manifest @jest/core@30.2.0
420 silly packumentCache full:https://registry.npmjs.org/@jest%2fcore cache-miss
421 http fetch GET 200 https://registry.npmjs.org/@jest%2fcore 106ms (cache hit)
422 silly packumentCache full:https://registry.npmjs.org/@jest%2fcore set size:621106 disposed:false
423 silly fetch manifest @jest/types@30.2.0
424 silly packumentCache full:https://registry.npmjs.org/@jest%2ftypes cache-hit
425 silly fetch manifest import-local@^3.2.0
426 silly packumentCache full:https://registry.npmjs.org/import-local cache-miss
427 http fetch GET 200 https://registry.npmjs.org/import-local 365ms (cache miss)
428 silly packumentCache full:https://registry.npmjs.org/import-local set size:undefined disposed:false
429 silly fetch manifest jest-cli@30.2.0
430 silly packumentCache full:https://registry.npmjs.org/jest-cli cache-miss
431 http fetch GET 200 https://registry.npmjs.org/jest-cli 342ms (cache miss)
432 silly packumentCache full:https://registry.npmjs.org/jest-cli set size:undefined disposed:false
433 silly fetch manifest buffer-from@^1.0.0
434 silly packumentCache full:https://registry.npmjs.org/buffer-from cache-miss
435 http fetch GET 200 https://registry.npmjs.org/buffer-from 119ms (cache hit)
436 silly packumentCache full:https://registry.npmjs.org/buffer-from set size:15463 disposed:false
437 silly fetch manifest source-map@^0.6.0
438 silly packumentCache full:https://registry.npmjs.org/source-map cache-miss
439 http fetch GET 200 https://registry.npmjs.org/source-map 179ms (cache revalidated)
440 silly packumentCache full:https://registry.npmjs.org/source-map set size:226141 disposed:false
441 silly fetch manifest methods@^1.1.2
442 silly packumentCache full:https://registry.npmjs.org/methods cache-miss
443 http fetch GET 200 https://registry.npmjs.org/methods 135ms (cache miss)
444 silly packumentCache full:https://registry.npmjs.org/methods set size:undefined disposed:false
445 silly fetch manifest superagent@^10.3.0
446 silly packumentCache full:https://registry.npmjs.org/superagent cache-miss
447 http fetch GET 200 https://registry.npmjs.org/superagent 172ms (cache miss)
448 silly packumentCache full:https://registry.npmjs.org/superagent set size:undefined disposed:false
449 silly fetch manifest cookie-signature@^1.2.2
450 silly packumentCache full:https://registry.npmjs.org/cookie-signature cache-miss
451 http fetch GET 200 https://registry.npmjs.org/cookie-signature 145ms (cache miss)
452 silly packumentCache full:https://registry.npmjs.org/cookie-signature set size:undefined disposed:false
453 silly fetch manifest bs-logger@^0.2.6
454 silly packumentCache full:https://registry.npmjs.org/bs-logger cache-miss
455 http fetch GET 200 https://registry.npmjs.org/bs-logger 137ms (cache miss)
456 silly packumentCache full:https://registry.npmjs.org/bs-logger set size:undefined disposed:false
457 silly fetch manifest handlebars@^4.7.8
458 silly packumentCache full:https://registry.npmjs.org/handlebars cache-miss
459 http fetch GET 200 https://registry.npmjs.org/handlebars 196ms (cache miss)
460 silly packumentCache full:https://registry.npmjs.org/handlebars set size:undefined disposed:false
461 silly fetch manifest lodash.memoize@^4.1.2
462 silly packumentCache full:https://registry.npmjs.org/lodash.memoize cache-miss
463 http fetch GET 200 https://registry.npmjs.org/lodash.memoize 182ms (cache miss)
464 silly packumentCache full:https://registry.npmjs.org/lodash.memoize set size:undefined disposed:false
465 silly fetch manifest make-error@^1.3.6
466 silly packumentCache full:https://registry.npmjs.org/make-error cache-miss
467 http fetch GET 200 https://registry.npmjs.org/make-error 439ms (cache miss)
468 silly packumentCache full:https://registry.npmjs.org/make-error set size:undefined disposed:false
469 silly fetch manifest semver@^7.7.3
470 silly packumentCache full:https://registry.npmjs.org/semver cache-miss
471 http fetch GET 200 https://registry.npmjs.org/semver 317ms (cache hit)
472 silly packumentCache full:https://registry.npmjs.org/semver set size:226907 disposed:false
473 silly fetch manifest type-fest@^4.41.0
474 silly packumentCache full:https://registry.npmjs.org/type-fest cache-miss
475 http fetch GET 200 https://registry.npmjs.org/type-fest 664ms (cache miss)
476 silly packumentCache full:https://registry.npmjs.org/type-fest set size:undefined disposed:false
477 silly fetch manifest yargs-parser@^21.1.1
478 silly packumentCache full:https://registry.npmjs.org/yargs-parser cache-miss
479 http fetch GET 200 https://registry.npmjs.org/yargs-parser 319ms (cache revalidated)
480 silly packumentCache full:https://registry.npmjs.org/yargs-parser set size:238630 disposed:false
481 silly fetch manifest enhanced-resolve@^5.0.0
482 silly packumentCache full:https://registry.npmjs.org/enhanced-resolve cache-miss
483 http fetch GET 200 https://registry.npmjs.org/enhanced-resolve 234ms (cache hit)
484 silly packumentCache full:https://registry.npmjs.org/enhanced-resolve set size:343981 disposed:false
485 silly fetch manifest semver@^7.3.4
486 silly packumentCache full:https://registry.npmjs.org/semver cache-hit
487 silly fetch manifest source-map@^0.7.4
488 silly packumentCache full:https://registry.npmjs.org/source-map cache-hit
489 silly fetch manifest @types/eslint-scope@^3.7.7
490 silly packumentCache full:https://registry.npmjs.org/@types%2feslint-scope cache-miss
491 http fetch GET 200 https://registry.npmjs.org/@types%2feslint-scope 257ms (cache revalidated)
492 silly packumentCache full:https://registry.npmjs.org/@types%2feslint-scope set size:22342 disposed:false
493 silly fetch manifest @webassemblyjs/ast@^1.14.1
494 silly packumentCache full:https://registry.npmjs.org/@webassemblyjs%2fast cache-miss
495 http fetch GET 200 https://registry.npmjs.org/@webassemblyjs%2fast 87ms (cache hit)
496 silly packumentCache full:https://registry.npmjs.org/@webassemblyjs%2fast set size:198816 disposed:false
497 silly fetch manifest @webassemblyjs/wasm-edit@^1.14.1
498 silly packumentCache full:https://registry.npmjs.org/@webassemblyjs%2fwasm-edit cache-miss
499 http fetch GET 200 https://registry.npmjs.org/@webassemblyjs%2fwasm-edit 102ms (cache hit)
500 silly packumentCache full:https://registry.npmjs.org/@webassemblyjs%2fwasm-edit set size:202718 disposed:false
501 silly fetch manifest @webassemblyjs/wasm-parser@^1.14.1
502 silly packumentCache full:https://registry.npmjs.org/@webassemblyjs%2fwasm-parser cache-miss
503 http fetch GET 200 https://registry.npmjs.org/@webassemblyjs%2fwasm-parser 177ms (cache hit)
504 silly packumentCache full:https://registry.npmjs.org/@webassemblyjs%2fwasm-parser set size:214115 disposed:false
505 silly fetch manifest acorn-import-phases@^1.0.3
506 silly packumentCache full:https://registry.npmjs.org/acorn-import-phases cache-miss
507 http fetch GET 200 https://registry.npmjs.org/acorn-import-phases 107ms (cache hit)
508 silly packumentCache full:https://registry.npmjs.org/acorn-import-phases set size:11206 disposed:false
509 silly fetch manifest chrome-trace-event@^1.0.2
510 silly packumentCache full:https://registry.npmjs.org/chrome-trace-event cache-miss
511 http fetch GET 200 https://registry.npmjs.org/chrome-trace-event 89ms (cache hit)
512 silly packumentCache full:https://registry.npmjs.org/chrome-trace-event set size:20859 disposed:false
513 silly fetch manifest enhanced-resolve@^5.17.4
514 silly packumentCache full:https://registry.npmjs.org/enhanced-resolve cache-hit
515 silly fetch manifest es-module-lexer@^2.0.0
516 silly packumentCache full:https://registry.npmjs.org/es-module-lexer cache-miss
517 http fetch GET 200 https://registry.npmjs.org/es-module-lexer 141ms (cache hit)
518 silly packumentCache full:https://registry.npmjs.org/es-module-lexer set size:203341 disposed:false
519 silly fetch manifest eslint-scope@5.1.1
520 silly packumentCache full:https://registry.npmjs.org/eslint-scope cache-miss
521 http fetch GET 200 https://registry.npmjs.org/eslint-scope 88ms (cache hit)
522 silly packumentCache full:https://registry.npmjs.org/eslint-scope set size:90946 disposed:false
523 silly fetch manifest events@^3.2.0
524 silly packumentCache full:https://registry.npmjs.org/events cache-miss
525 http fetch GET 200 https://registry.npmjs.org/events 131ms (cache hit)
526 silly packumentCache full:https://registry.npmjs.org/events set size:35240 disposed:false
527 silly fetch manifest glob-to-regexp@^0.4.1
528 silly packumentCache full:https://registry.npmjs.org/glob-to-regexp cache-miss
529 http fetch GET 200 https://registry.npmjs.org/glob-to-regexp 134ms (cache hit)
530 silly packumentCache full:https://registry.npmjs.org/glob-to-regexp set size:15844 disposed:false
531 silly fetch manifest graceful-fs@^4.2.11
532 silly packumentCache full:https://registry.npmjs.org/graceful-fs cache-miss
533 http fetch GET 200 https://registry.npmjs.org/graceful-fs 124ms (cache hit)
534 silly packumentCache full:https://registry.npmjs.org/graceful-fs set size:124285 disposed:false
535 silly fetch manifest json-parse-even-better-errors@^2.3.1
536 silly packumentCache full:https://registry.npmjs.org/json-parse-even-better-errors cache-miss
537 http fetch GET 200 https://registry.npmjs.org/json-parse-even-better-errors 94ms (cache hit)
538 silly packumentCache full:https://registry.npmjs.org/json-parse-even-better-errors set size:34572 disposed:false
539 silly fetch manifest loader-runner@^4.3.1
540 silly packumentCache full:https://registry.npmjs.org/loader-runner cache-miss
541 http fetch GET 200 https://registry.npmjs.org/loader-runner 98ms (cache hit)
542 silly packumentCache full:https://registry.npmjs.org/loader-runner set size:38562 disposed:false
543 silly fetch manifest mime-types@^2.1.27
544 silly packumentCache full:https://registry.npmjs.org/mime-types cache-miss
545 http fetch GET 200 https://registry.npmjs.org/mime-types 112ms (cache hit)
546 silly packumentCache full:https://registry.npmjs.org/mime-types set size:139110 disposed:false
547 silly fetch manifest neo-async@^2.6.2
548 silly packumentCache full:https://registry.npmjs.org/neo-async cache-miss
549 http fetch GET 200 https://registry.npmjs.org/neo-async 150ms (cache hit)
550 silly packumentCache full:https://registry.npmjs.org/neo-async set size:155670 disposed:false
551 silly fetch manifest schema-utils@^4.3.3
552 silly packumentCache full:https://registry.npmjs.org/schema-utils cache-miss
553 http fetch GET 200 https://registry.npmjs.org/schema-utils 164ms (cache revalidated)
554 silly packumentCache full:https://registry.npmjs.org/schema-utils set size:166364 disposed:false
555 silly fetch manifest tapable@^2.3.0
556 silly packumentCache full:https://registry.npmjs.org/tapable cache-miss
557 http fetch GET 200 https://registry.npmjs.org/tapable 245ms (cache revalidated)
558 silly packumentCache full:https://registry.npmjs.org/tapable set size:110219 disposed:false
559 silly fetch manifest terser-webpack-plugin@^5.3.16
560 silly packumentCache full:https://registry.npmjs.org/terser-webpack-plugin cache-miss
561 http fetch GET 200 https://registry.npmjs.org/terser-webpack-plugin 143ms (cache hit)
562 silly packumentCache full:https://registry.npmjs.org/terser-webpack-plugin set size:386484 disposed:false
563 silly fetch manifest watchpack@^2.4.4
564 silly packumentCache full:https://registry.npmjs.org/watchpack cache-miss
565 http fetch GET 200 https://registry.npmjs.org/watchpack 118ms (cache hit)
566 silly packumentCache full:https://registry.npmjs.org/watchpack set size:144389 disposed:false
567 silly fetch manifest webpack-sources@^3.3.3
568 silly packumentCache full:https://registry.npmjs.org/webpack-sources cache-miss
569 http fetch GET 200 https://registry.npmjs.org/webpack-sources 96ms (cache hit)
570 silly packumentCache full:https://registry.npmjs.org/webpack-sources set size:165698 disposed:false
571 silly fetch manifest yn@3.1.1
572 silly packumentCache full:https://registry.npmjs.org/yn cache-miss
573 http fetch GET 200 https://registry.npmjs.org/yn 217ms (cache miss)
574 silly packumentCache full:https://registry.npmjs.org/yn set size:undefined disposed:false
575 silly fetch manifest arg@^4.1.0
576 silly packumentCache full:https://registry.npmjs.org/arg cache-miss
577 http fetch GET 200 https://registry.npmjs.org/arg 160ms (cache miss)
578 silly packumentCache full:https://registry.npmjs.org/arg set size:undefined disposed:false
579 silly fetch manifest diff@^4.0.1
580 silly packumentCache full:https://registry.npmjs.org/diff cache-miss
581 http fetch GET 200 https://registry.npmjs.org/diff 131ms (cache miss)
582 silly packumentCache full:https://registry.npmjs.org/diff set size:undefined disposed:false
583 silly fetch manifest acorn-walk@^8.1.1
584 silly packumentCache full:https://registry.npmjs.org/acorn-walk cache-miss
585 http fetch GET 200 https://registry.npmjs.org/acorn-walk 132ms (cache miss)
586 silly packumentCache full:https://registry.npmjs.org/acorn-walk set size:undefined disposed:false
587 silly fetch manifest make-error@^1.1.1
588 silly packumentCache full:https://registry.npmjs.org/make-error cache-miss
589 http fetch GET 200 https://registry.npmjs.org/make-error 82ms (cache hit)
590 silly packumentCache full:https://registry.npmjs.org/make-error set size:45218 disposed:false
591 silly fetch manifest create-require@^1.1.0
592 silly packumentCache full:https://registry.npmjs.org/create-require cache-miss
593 http fetch GET 200 https://registry.npmjs.org/create-require 138ms (cache miss)
594 silly packumentCache full:https://registry.npmjs.org/create-require set size:undefined disposed:false
595 silly fetch manifest @tsconfig/node10@^1.0.7
596 silly packumentCache full:https://registry.npmjs.org/@tsconfig%2fnode10 cache-miss
597 http fetch GET 200 https://registry.npmjs.org/@tsconfig%2fnode10 141ms (cache miss)
598 silly packumentCache full:https://registry.npmjs.org/@tsconfig%2fnode10 set size:undefined disposed:false
599 silly fetch manifest @tsconfig/node12@^1.0.7
600 silly packumentCache full:https://registry.npmjs.org/@tsconfig%2fnode12 cache-miss
601 http fetch GET 200 https://registry.npmjs.org/@tsconfig%2fnode12 184ms (cache miss)
602 silly packumentCache full:https://registry.npmjs.org/@tsconfig%2fnode12 set size:undefined disposed:false
603 silly fetch manifest @tsconfig/node14@^1.0.0
604 silly packumentCache full:https://registry.npmjs.org/@tsconfig%2fnode14 cache-miss
605 http fetch GET 200 https://registry.npmjs.org/@tsconfig%2fnode14 172ms (cache miss)
606 silly packumentCache full:https://registry.npmjs.org/@tsconfig%2fnode14 set size:undefined disposed:false
607 silly fetch manifest @tsconfig/node16@^1.0.2
608 silly packumentCache full:https://registry.npmjs.org/@tsconfig%2fnode16 cache-miss
609 http fetch GET 200 https://registry.npmjs.org/@tsconfig%2fnode16 225ms (cache miss)
610 silly packumentCache full:https://registry.npmjs.org/@tsconfig%2fnode16 set size:undefined disposed:false
611 silly fetch manifest v8-compile-cache-lib@^3.0.1
612 silly packumentCache full:https://registry.npmjs.org/v8-compile-cache-lib cache-miss
613 http fetch GET 200 https://registry.npmjs.org/v8-compile-cache-lib 247ms (cache miss)
614 silly packumentCache full:https://registry.npmjs.org/v8-compile-cache-lib set size:undefined disposed:false
615 silly fetch manifest @cspotcode/source-map-support@^0.8.0
616 silly packumentCache full:https://registry.npmjs.org/@cspotcode%2fsource-map-support cache-miss
617 http fetch GET 200 https://registry.npmjs.org/@cspotcode%2fsource-map-support 408ms (cache miss)
618 silly packumentCache full:https://registry.npmjs.org/@cspotcode%2fsource-map-support set size:undefined disposed:false
619 silly fetch manifest @types/node@>=18
620 silly packumentCache full:https://registry.npmjs.org/@types%2fnode cache-miss
621 http fetch GET 200 https://registry.npmjs.org/@types%2fnode 423ms (cache revalidated)
622 silly packumentCache full:https://registry.npmjs.org/@types%2fnode set size:10797446 disposed:false
623 silly placeDep ROOT @angular-devkit/core@19.2.19 OK for: @nestjs/cli@11.0.16 want: 19.2.19
624 silly placeDep ROOT @angular-devkit/schematics@19.2.19 OK for: @nestjs/cli@11.0.16 want: 19.2.19
625 silly placeDep ROOT @angular-devkit/schematics-cli@19.2.19 OK for: @nestjs/cli@11.0.16 want: 19.2.19
626 silly placeDep ROOT @inquirer/prompts@7.10.1 OK for: @nestjs/cli@11.0.16 want: 7.10.1
627 silly placeDep ROOT ansis@4.2.0 OK for: @nestjs/cli@11.0.16 want: 4.2.0
628 silly placeDep ROOT chokidar@4.0.3 OK for: @nestjs/cli@11.0.16 want: 4.0.3
629 silly placeDep ROOT cli-table3@0.6.5 OK for: @nestjs/cli@11.0.16 want: 0.6.5
630 silly placeDep ROOT commander@4.1.1 OK for: @nestjs/cli@11.0.16 want: 4.1.1
631 silly placeDep ROOT fork-ts-checker-webpack-plugin@9.1.0 OK for: @nestjs/cli@11.0.16 want: 9.1.0
632 silly placeDep ROOT glob@13.0.0 OK for: @nestjs/cli@11.0.16 want: 13.0.0
633 silly placeDep ROOT node-emoji@1.11.0 OK for: @nestjs/cli@11.0.16 want: 1.11.0
634 silly placeDep ROOT ora@5.4.1 OK for: @nestjs/cli@11.0.16 want: 5.4.1
635 silly placeDep node_modules/@nestjs/cli tsconfig-paths@4.2.0 OK for: @nestjs/cli@11.0.16 want: 4.2.0
636 silly placeDep ROOT tsconfig-paths-webpack-plugin@4.2.0 OK for: @nestjs/cli@11.0.16 want: 4.2.0
637 silly placeDep ROOT webpack-node-externals@3.0.0 OK for: @nestjs/cli@11.0.16 want: 3.0.0
638 silly fetch manifest ajv@8.17.1
639 silly packumentCache full:https://registry.npmjs.org/ajv cache-miss
640 http fetch GET 200 https://registry.npmjs.org/ajv 203ms (cache revalidated)
641 silly packumentCache full:https://registry.npmjs.org/ajv set size:1126055 disposed:false
642 silly fetch manifest rxjs@7.8.1
643 silly packumentCache full:https://registry.npmjs.org/rxjs cache-hit
644 silly fetch manifest picomatch@4.0.2
645 silly packumentCache full:https://registry.npmjs.org/picomatch cache-miss
646 http fetch GET 200 https://registry.npmjs.org/picomatch 151ms (cache revalidated)
647 silly packumentCache full:https://registry.npmjs.org/picomatch set size:118818 disposed:false
648 silly fetch manifest source-map@0.7.4
649 silly packumentCache full:https://registry.npmjs.org/source-map cache-hit
650 silly fetch manifest ajv-formats@3.0.1
651 silly packumentCache full:https://registry.npmjs.org/ajv-formats cache-miss
652 http fetch GET 200 https://registry.npmjs.org/ajv-formats 156ms (cache revalidated)
653 silly packumentCache full:https://registry.npmjs.org/ajv-formats set size:141264 disposed:false
654 silly fetch manifest magic-string@0.30.17
655 silly packumentCache full:https://registry.npmjs.org/magic-string cache-miss
656 http fetch GET 200 https://registry.npmjs.org/magic-string 230ms (cache revalidated)
657 silly packumentCache full:https://registry.npmjs.org/magic-string set size:331817 disposed:false
658 silly fetch manifest ansi-colors@4.1.3
659 silly packumentCache full:https://registry.npmjs.org/ansi-colors cache-miss
660 http fetch GET 200 https://registry.npmjs.org/ansi-colors 165ms (cache revalidated)
661 silly packumentCache full:https://registry.npmjs.org/ansi-colors set size:110876 disposed:false
662 silly fetch manifest yargs-parser@21.1.1
663 silly packumentCache full:https://registry.npmjs.org/yargs-parser cache-hit
664 silly fetch manifest @inquirer/prompts@7.3.2
665 silly packumentCache full:https://registry.npmjs.org/@inquirer%2fprompts cache-hit
666 silly fetch manifest symbol-observable@4.0.0
667 silly packumentCache full:https://registry.npmjs.org/symbol-observable cache-miss
668 http fetch GET 200 https://registry.npmjs.org/symbol-observable 218ms (cache revalidated)
669 silly packumentCache full:https://registry.npmjs.org/symbol-observable set size:44379 disposed:false
670 silly fetch manifest @inquirer/input@^4.3.1
671 silly packumentCache full:https://registry.npmjs.org/@inquirer%2finput cache-miss
672 http fetch GET 200 https://registry.npmjs.org/@inquirer%2finput 249ms (cache revalidated)
673 silly packumentCache full:https://registry.npmjs.org/@inquirer%2finput set size:289994 disposed:false
674 silly fetch manifest @inquirer/editor@^4.2.23
675 silly packumentCache full:https://registry.npmjs.org/@inquirer%2feditor cache-miss
676 http fetch GET 200 https://registry.npmjs.org/@inquirer%2feditor 1008ms (cache revalidated)
677 silly packumentCache full:https://registry.npmjs.org/@inquirer%2feditor set size:292907 disposed:false
678 silly fetch manifest @inquirer/expand@^4.0.23
679 silly packumentCache full:https://registry.npmjs.org/@inquirer%2fexpand cache-miss
680 http fetch GET 200 https://registry.npmjs.org/@inquirer%2fexpand 408ms (cache revalidated)
681 silly packumentCache full:https://registry.npmjs.org/@inquirer%2fexpand set size:292632 disposed:false
682 silly fetch manifest @inquirer/number@^3.0.23
683 silly packumentCache full:https://registry.npmjs.org/@inquirer%2fnumber cache-miss
684 http fetch GET 200 https://registry.npmjs.org/@inquirer%2fnumber 473ms (cache revalidated)
685 silly packumentCache full:https://registry.npmjs.org/@inquirer%2fnumber set size:115566 disposed:false
686 silly fetch manifest @inquirer/search@^3.2.2
687 silly packumentCache full:https://registry.npmjs.org/@inquirer%2fsearch cache-miss
688 http fetch GET 200 https://registry.npmjs.org/@inquirer%2fsearch 230ms (cache revalidated)
689 silly packumentCache full:https://registry.npmjs.org/@inquirer%2fsearch set size:115655 disposed:false
690 silly fetch manifest @inquirer/select@^4.4.2
691 silly packumentCache full:https://registry.npmjs.org/@inquirer%2fselect cache-miss
692 http fetch GET 200 https://registry.npmjs.org/@inquirer%2fselect 223ms (cache revalidated)
693 silly packumentCache full:https://registry.npmjs.org/@inquirer%2fselect set size:307392 disposed:false
694 silly fetch manifest @inquirer/confirm@^5.1.21
695 silly packumentCache full:https://registry.npmjs.org/@inquirer%2fconfirm cache-miss
696 http fetch GET 200 https://registry.npmjs.org/@inquirer%2fconfirm 433ms (cache revalidated)
697 silly packumentCache full:https://registry.npmjs.org/@inquirer%2fconfirm set size:293808 disposed:false
698 silly fetch manifest @inquirer/rawlist@^4.1.11
699 silly packumentCache full:https://registry.npmjs.org/@inquirer%2frawlist cache-miss
700 http fetch GET 200 https://registry.npmjs.org/@inquirer%2frawlist 607ms (cache revalidated)
701 silly packumentCache full:https://registry.npmjs.org/@inquirer%2frawlist set size:261582 disposed:false
702 silly fetch manifest @inquirer/checkbox@^4.3.2
703 silly packumentCache full:https://registry.npmjs.org/@inquirer%2fcheckbox cache-miss
704 http fetch GET 200 https://registry.npmjs.org/@inquirer%2fcheckbox 401ms (cache revalidated)
705 silly packumentCache full:https://registry.npmjs.org/@inquirer%2fcheckbox set size:318534 disposed:false
706 silly fetch manifest @inquirer/password@^4.0.23
707 silly packumentCache full:https://registry.npmjs.org/@inquirer%2fpassword cache-miss
708 http fetch GET 200 https://registry.npmjs.org/@inquirer%2fpassword 234ms (cache revalidated)
709 silly packumentCache full:https://registry.npmjs.org/@inquirer%2fpassword set size:291455 disposed:false
710 silly fetch manifest readdirp@^4.0.1
711 silly packumentCache full:https://registry.npmjs.org/readdirp cache-miss
712 http fetch GET 200 https://registry.npmjs.org/readdirp 215ms (cache revalidated)
713 silly packumentCache full:https://registry.npmjs.org/readdirp set size:107589 disposed:false
714 silly fetch manifest string-width@^4.2.0
715 silly packumentCache full:https://registry.npmjs.org/string-width cache-miss
716 http fetch GET 200 https://registry.npmjs.org/string-width 212ms (cache revalidated)
717 silly packumentCache full:https://registry.npmjs.org/string-width set size:64158 disposed:false
718 silly fetch manifest @colors/colors@1.5.0
719 silly packumentCache full:https://registry.npmjs.org/@colors%2fcolors cache-miss
720 http fetch GET 200 https://registry.npmjs.org/@colors%2fcolors 183ms (cache revalidated)
721 silly packumentCache full:https://registry.npmjs.org/@colors%2fcolors set size:12042 disposed:false
722 silly fetch manifest cosmiconfig@^8.2.0
723 silly packumentCache full:https://registry.npmjs.org/cosmiconfig cache-miss
724 http fetch GET 200 https://registry.npmjs.org/cosmiconfig 222ms (cache revalidated)
725 silly packumentCache full:https://registry.npmjs.org/cosmiconfig set size:275399 disposed:false
726 silly fetch manifest deepmerge@^4.2.2
727 silly packumentCache full:https://registry.npmjs.org/deepmerge cache-miss
728 http fetch GET 200 https://registry.npmjs.org/deepmerge 278ms (cache revalidated)
729 silly packumentCache full:https://registry.npmjs.org/deepmerge set size:101897 disposed:false
730 silly fetch manifest fs-extra@^10.0.0
731 silly packumentCache full:https://registry.npmjs.org/fs-extra cache-miss
732 http fetch GET 200 https://registry.npmjs.org/fs-extra 185ms (cache revalidated)
733 silly packumentCache full:https://registry.npmjs.org/fs-extra set size:230266 disposed:false
734 silly fetch manifest memfs@^3.4.1
735 silly packumentCache full:https://registry.npmjs.org/memfs cache-miss
736 http fetch GET 200 https://registry.npmjs.org/memfs 155ms (cache revalidated)
737 silly packumentCache full:https://registry.npmjs.org/memfs set size:779582 disposed:false
738 silly fetch manifest node-abort-controller@^3.0.1
739 silly packumentCache full:https://registry.npmjs.org/node-abort-controller cache-miss
740 http fetch GET 200 https://registry.npmjs.org/node-abort-controller 149ms (cache revalidated)
741 silly packumentCache full:https://registry.npmjs.org/node-abort-controller set size:38850 disposed:false
742 silly fetch manifest schema-utils@^3.1.1
743 silly packumentCache full:https://registry.npmjs.org/schema-utils cache-hit
744 silly fetch manifest semver@^7.3.5
745 silly packumentCache full:https://registry.npmjs.org/semver cache-hit
746 silly fetch manifest tapable@^2.2.1
747 silly packumentCache full:https://registry.npmjs.org/tapable cache-hit
748 silly fetch manifest minipass@^7.1.2
749 silly packumentCache full:https://registry.npmjs.org/minipass cache-miss
750 http fetch GET 200 https://registry.npmjs.org/minipass 159ms (cache revalidated)
751 silly packumentCache full:https://registry.npmjs.org/minipass set size:490195 disposed:false
752 silly fetch manifest minimatch@^10.1.1
753 silly packumentCache full:https://registry.npmjs.org/minimatch cache-miss
754 http fetch GET 200 https://registry.npmjs.org/minimatch 152ms (cache revalidated)
755 silly packumentCache full:https://registry.npmjs.org/minimatch set size:303959 disposed:false
756 silly fetch manifest path-scurry@^2.0.0
757 silly packumentCache full:https://registry.npmjs.org/path-scurry cache-miss
758 http fetch GET 200 https://registry.npmjs.org/path-scurry 138ms (cache revalidated)
759 silly packumentCache full:https://registry.npmjs.org/path-scurry set size:115160 disposed:false
760 silly fetch manifest lodash@^4.17.21
761 silly packumentCache full:https://registry.npmjs.org/lodash cache-miss
762 http fetch GET 200 https://registry.npmjs.org/lodash 141ms (cache revalidated)
763 silly packumentCache full:https://registry.npmjs.org/lodash set size:242504 disposed:false
764 silly fetch manifest bl@^4.1.0
765 silly packumentCache full:https://registry.npmjs.org/bl cache-miss
766 http fetch GET 200 https://registry.npmjs.org/bl 222ms (cache revalidated)
767 silly packumentCache full:https://registry.npmjs.org/bl set size:188910 disposed:false
768 silly fetch manifest wcwidth@^1.0.1
769 silly packumentCache full:https://registry.npmjs.org/wcwidth cache-miss
770 http fetch GET 200 https://registry.npmjs.org/wcwidth 209ms (cache revalidated)
771 silly packumentCache full:https://registry.npmjs.org/wcwidth set size:5904 disposed:false
772 silly fetch manifest cli-cursor@^3.1.0
773 silly packumentCache full:https://registry.npmjs.org/cli-cursor cache-miss
774 http fetch GET 200 https://registry.npmjs.org/cli-cursor 208ms (cache revalidated)
775 silly packumentCache full:https://registry.npmjs.org/cli-cursor set size:18913 disposed:false
776 silly fetch manifest strip-ansi@^6.0.0
777 silly packumentCache full:https://registry.npmjs.org/strip-ansi cache-miss
778 http fetch GET 200 https://registry.npmjs.org/strip-ansi 217ms (cache revalidated)
779 silly packumentCache full:https://registry.npmjs.org/strip-ansi set size:41855 disposed:false
780 silly fetch manifest log-symbols@^4.1.0
781 silly packumentCache full:https://registry.npmjs.org/log-symbols cache-miss
782 http fetch GET 200 https://registry.npmjs.org/log-symbols 167ms (cache revalidated)
783 silly packumentCache full:https://registry.npmjs.org/log-symbols set size:31977 disposed:false
784 silly fetch manifest cli-spinners@^2.5.0
785 silly packumentCache full:https://registry.npmjs.org/cli-spinners cache-miss
786 http fetch GET 200 https://registry.npmjs.org/cli-spinners 179ms (cache revalidated)
787 silly packumentCache full:https://registry.npmjs.org/cli-spinners set size:67473 disposed:false
788 silly fetch manifest is-interactive@^1.0.0
789 silly packumentCache full:https://registry.npmjs.org/is-interactive cache-miss
790 http fetch GET 200 https://registry.npmjs.org/is-interactive 246ms (cache revalidated)
791 silly packumentCache full:https://registry.npmjs.org/is-interactive set size:10692 disposed:false
792 silly fetch manifest is-unicode-supported@^0.1.0
793 silly packumentCache full:https://registry.npmjs.org/is-unicode-supported cache-miss
794 http fetch GET 200 https://registry.npmjs.org/is-unicode-supported 403ms (cache revalidated)
795 silly packumentCache full:https://registry.npmjs.org/is-unicode-supported set size:19461 disposed:false
796 silly fetch manifest tsconfig-paths@^4.1.2
797 silly packumentCache full:https://registry.npmjs.org/tsconfig-paths cache-hit
798 silly fetch manifest enhanced-resolve@^5.7.0
799 silly packumentCache full:https://registry.npmjs.org/enhanced-resolve cache-hit
800 silly placeDep node_modules/@angular-devkit/core ajv@8.17.1 OK for: @angular-devkit/core@19.2.19 want: 8.17.1
801 silly placeDep ROOT ajv-formats@3.0.1 OK for: @angular-devkit/core@19.2.19 want: 3.0.1
802 silly placeDep ROOT jsonc-parser@3.3.1 OK for: @angular-devkit/core@19.2.19 want: 3.3.1
803 silly placeDep node_modules/@angular-devkit/core picomatch@4.0.2 OK for: @angular-devkit/core@19.2.19 want: 4.0.2
804 silly placeDep node_modules/@angular-devkit/core rxjs@7.8.1 OK for: @angular-devkit/core@19.2.19 want: 7.8.1
805 silly placeDep ROOT source-map@0.7.4 OK for: @angular-devkit/core@19.2.19 want: 0.7.4
806 silly fetch manifest fast-uri@^3.0.1
807 silly packumentCache full:https://registry.npmjs.org/fast-uri cache-miss
808 http fetch GET 200 https://registry.npmjs.org/fast-uri 285ms (cache revalidated)
809 silly packumentCache full:https://registry.npmjs.org/fast-uri set size:61472 disposed:false
810 silly fetch manifest require-from-string@^2.0.2
811 silly packumentCache full:https://registry.npmjs.org/require-from-string cache-miss
812 http fetch GET 200 https://registry.npmjs.org/require-from-string 148ms (cache revalidated)
813 silly packumentCache full:https://registry.npmjs.org/require-from-string set size:15128 disposed:false
814 silly fetch manifest json-schema-traverse@^1.0.0
815 silly packumentCache full:https://registry.npmjs.org/json-schema-traverse cache-miss
816 http fetch GET 200 https://registry.npmjs.org/json-schema-traverse 256ms (cache revalidated)
817 silly packumentCache full:https://registry.npmjs.org/json-schema-traverse set size:23537 disposed:false
818 silly fetch manifest ajv@^8.0.0
819 silly packumentCache full:https://registry.npmjs.org/ajv cache-miss
820 http fetch GET 200 https://registry.npmjs.org/ajv 107ms (cache hit)
821 silly packumentCache full:https://registry.npmjs.org/ajv set size:1126055 disposed:false
822 silly placeDep ROOT magic-string@0.30.17 OK for: @angular-devkit/schematics@19.2.19 want: 0.30.17
823 silly placeDep node_modules/@angular-devkit/schematics rxjs@7.8.1 OK for: @angular-devkit/schematics@19.2.19 want: 7.8.1
824 silly placeDep node_modules/@angular-devkit/schematics-cli @inquirer/prompts@7.3.2 OK for: @angular-devkit/schematics-cli@19.2.19 want: 7.3.2
825 silly placeDep ROOT ansi-colors@4.1.3 OK for: @angular-devkit/schematics-cli@19.2.19 want: 4.1.3
826 silly placeDep ROOT symbol-observable@4.0.0 OK for: @angular-devkit/schematics-cli@19.2.19 want: 4.0.0
827 silly placeDep ROOT yargs-parser@21.1.1 OK for: @angular-devkit/schematics-cli@19.2.19 want: 21.1.1
828 silly fetch manifest @inquirer/input@^4.1.6
829 silly packumentCache full:https://registry.npmjs.org/@inquirer%2finput cache-hit
830 silly fetch manifest @inquirer/editor@^4.2.7
831 silly packumentCache full:https://registry.npmjs.org/@inquirer%2feditor cache-hit
832 silly fetch manifest @inquirer/expand@^4.0.9
833 silly packumentCache full:https://registry.npmjs.org/@inquirer%2fexpand cache-hit
834 silly fetch manifest @inquirer/number@^3.0.9
835 silly packumentCache full:https://registry.npmjs.org/@inquirer%2fnumber cache-hit
836 silly fetch manifest @inquirer/search@^3.0.9
837 silly packumentCache full:https://registry.npmjs.org/@inquirer%2fsearch cache-hit
838 silly fetch manifest @inquirer/select@^4.0.9
839 silly packumentCache full:https://registry.npmjs.org/@inquirer%2fselect cache-hit
840 silly fetch manifest @inquirer/confirm@^5.1.6
841 silly packumentCache full:https://registry.npmjs.org/@inquirer%2fconfirm cache-hit
842 silly fetch manifest @inquirer/rawlist@^4.0.9
843 silly packumentCache full:https://registry.npmjs.org/@inquirer%2frawlist cache-hit
844 silly fetch manifest @inquirer/checkbox@^4.1.2
845 silly packumentCache full:https://registry.npmjs.org/@inquirer%2fcheckbox cache-hit
846 silly fetch manifest @inquirer/password@^4.0.9
847 silly packumentCache full:https://registry.npmjs.org/@inquirer%2fpassword cache-hit
848 silly placeDep ROOT @inquirer/checkbox@4.3.2 OK for: @inquirer/prompts@7.10.1 want: ^4.3.2
849 silly placeDep ROOT @inquirer/confirm@5.1.21 OK for: @inquirer/prompts@7.10.1 want: ^5.1.21
850 silly placeDep ROOT @inquirer/editor@4.2.23 OK for: @inquirer/prompts@7.10.1 want: ^4.2.23
851 silly placeDep ROOT @inquirer/expand@4.0.23 OK for: @inquirer/prompts@7.10.1 want: ^4.0.23
852 silly placeDep ROOT @inquirer/input@4.3.1 OK for: @inquirer/prompts@7.10.1 want: ^4.3.1
853 silly placeDep ROOT @inquirer/number@3.0.23 OK for: @inquirer/prompts@7.10.1 want: ^3.0.23
854 silly placeDep ROOT @inquirer/password@4.0.23 OK for: @inquirer/prompts@7.10.1 want: ^4.0.23
855 silly placeDep ROOT @inquirer/rawlist@4.1.11 OK for: @inquirer/prompts@7.10.1 want: ^4.1.11
856 silly placeDep ROOT @inquirer/search@3.2.2 OK for: @inquirer/prompts@7.10.1 want: ^3.2.2
857 silly placeDep ROOT @inquirer/select@4.4.2 OK for: @inquirer/prompts@7.10.1 want: ^4.4.2
858 silly fetch manifest @inquirer/ansi@^1.0.2
859 silly packumentCache full:https://registry.npmjs.org/@inquirer%2fansi cache-miss
860 http fetch GET 200 https://registry.npmjs.org/@inquirer%2fansi 177ms (cache revalidated)
861 silly packumentCache full:https://registry.npmjs.org/@inquirer%2fansi set size:19800 disposed:false
862 silly fetch manifest @inquirer/core@^10.3.2
863 silly packumentCache full:https://registry.npmjs.org/@inquirer%2fcore cache-miss
864 http fetch GET 200 https://registry.npmjs.org/@inquirer%2fcore 760ms (cache revalidated)
865 silly packumentCache full:https://registry.npmjs.org/@inquirer%2fcore set size:324204 disposed:false
866 silly fetch manifest @inquirer/type@^3.0.10
867 silly packumentCache full:https://registry.npmjs.org/@inquirer%2ftype cache-miss
868 http fetch GET 200 https://registry.npmjs.org/@inquirer%2ftype 1215ms (cache revalidated)
869 silly packumentCache full:https://registry.npmjs.org/@inquirer%2ftype set size:110497 disposed:false
870 silly fetch manifest yoctocolors-cjs@^2.1.3
871 silly packumentCache full:https://registry.npmjs.org/yoctocolors-cjs cache-miss
872 http fetch GET 200 https://registry.npmjs.org/yoctocolors-cjs 191ms (cache revalidated)
873 silly packumentCache full:https://registry.npmjs.org/yoctocolors-cjs set size:12865 disposed:false
874 silly fetch manifest @inquirer/figures@^1.0.15
875 silly packumentCache full:https://registry.npmjs.org/@inquirer%2ffigures cache-miss
876 http fetch GET 200 https://registry.npmjs.org/@inquirer%2ffigures 418ms (cache revalidated)
877 silly packumentCache full:https://registry.npmjs.org/@inquirer%2ffigures set size:48062 disposed:false
878 silly fetch manifest @inquirer/external-editor@^1.0.3
879 silly packumentCache full:https://registry.npmjs.org/@inquirer%2fexternal-editor cache-miss
880 http fetch GET 200 https://registry.npmjs.org/@inquirer%2fexternal-editor 941ms (cache revalidated)
881 silly packumentCache full:https://registry.npmjs.org/@inquirer%2fexternal-editor set size:27856 disposed:false
882 silly placeDep ROOT @inquirer/ansi@1.0.2 OK for: @inquirer/checkbox@4.3.2 want: ^1.0.2
883 silly placeDep ROOT @inquirer/core@10.3.2 OK for: @inquirer/checkbox@4.3.2 want: ^10.3.2
884 silly placeDep ROOT @inquirer/figures@1.0.15 OK for: @inquirer/checkbox@4.3.2 want: ^1.0.15
885 silly placeDep ROOT @inquirer/type@3.0.10 OK for: @inquirer/checkbox@4.3.2 want: ^3.0.10
886 silly placeDep ROOT yoctocolors-cjs@2.1.3 OK for: @inquirer/checkbox@4.3.2 want: ^2.1.3
887 silly fetch manifest cli-width@^4.1.0
888 silly packumentCache full:https://registry.npmjs.org/cli-width cache-miss
889 http fetch GET 200 https://registry.npmjs.org/cli-width 185ms (cache revalidated)
890 silly packumentCache full:https://registry.npmjs.org/cli-width set size:24976 disposed:false
891 silly fetch manifest wrap-ansi@^6.2.0
892 silly packumentCache full:https://registry.npmjs.org/wrap-ansi cache-miss
893 http fetch GET 200 https://registry.npmjs.org/wrap-ansi 231ms (cache revalidated)
894 silly packumentCache full:https://registry.npmjs.org/wrap-ansi set size:51195 disposed:false
895 silly fetch manifest mute-stream@^2.0.0
896 silly packumentCache full:https://registry.npmjs.org/mute-stream cache-miss
897 http fetch GET 200 https://registry.npmjs.org/mute-stream 185ms (cache revalidated)
898 silly packumentCache full:https://registry.npmjs.org/mute-stream set size:21918 disposed:false
899 silly fetch manifest signal-exit@^4.1.0
900 silly packumentCache full:https://registry.npmjs.org/signal-exit cache-miss
901 http fetch GET 200 https://registry.npmjs.org/signal-exit 172ms (cache revalidated)
902 silly packumentCache full:https://registry.npmjs.org/signal-exit set size:53489 disposed:false
903 silly placeDep ROOT cli-width@4.1.0 OK for: @inquirer/core@10.3.2 want: ^4.1.0
904 silly placeDep ROOT mute-stream@2.0.0 OK for: @inquirer/core@10.3.2 want: ^2.0.0
905 silly placeDep ROOT signal-exit@4.1.0 OK for: @inquirer/core@10.3.2 want: ^4.1.0
906 silly placeDep ROOT wrap-ansi@6.2.0 OK for: @inquirer/core@10.3.2 want: ^6.2.0
907 silly fetch manifest string-width@^4.1.0
908 silly packumentCache full:https://registry.npmjs.org/string-width cache-hit
909 silly placeDep ROOT @inquirer/external-editor@1.0.3 OK for: @inquirer/editor@4.2.23 want: ^1.0.3
910 silly fetch manifest chardet@^2.1.1
911 silly packumentCache full:https://registry.npmjs.org/chardet cache-miss
912 http fetch GET 200 https://registry.npmjs.org/chardet 164ms (cache revalidated)
913 silly packumentCache full:https://registry.npmjs.org/chardet set size:70553 disposed:false
914 silly fetch manifest iconv-lite@^0.7.0
915 silly packumentCache full:https://registry.npmjs.org/iconv-lite cache-miss
916 http fetch GET 200 https://registry.npmjs.org/iconv-lite 173ms (cache revalidated)
917 silly packumentCache full:https://registry.npmjs.org/iconv-lite set size:120557 disposed:false
918 silly placeDep ROOT chardet@2.1.1 OK for: @inquirer/external-editor@1.0.3 want: ^2.1.1
919 silly placeDep ROOT iconv-lite@0.7.2 OK for: @inquirer/external-editor@1.0.3 want: ^0.7.0
920 silly fetch manifest safer-buffer@>= 2.1.2 < 3.0.0
921 silly packumentCache full:https://registry.npmjs.org/safer-buffer cache-miss
922 http fetch GET 200 https://registry.npmjs.org/safer-buffer 234ms (cache revalidated)
923 silly packumentCache full:https://registry.npmjs.org/safer-buffer set size:18521 disposed:false
924 silly placeDep ROOT file-type@21.3.0 OK for: @nestjs/common@11.1.12 want: 21.3.0
925 silly placeDep ROOT iterare@1.2.1 OK for: @nestjs/common@11.1.12 want: 1.2.1
926 silly placeDep ROOT load-esm@1.0.3 OK for: @nestjs/common@11.1.12 want: 1.0.3
927 silly placeDep ROOT uid@2.0.2 OK for: @nestjs/common@11.1.12 want: 2.0.2
928 silly fetch manifest @tokenizer/inflate@^0.4.1
929 silly packumentCache full:https://registry.npmjs.org/@tokenizer%2finflate cache-miss
930 http fetch GET 200 https://registry.npmjs.org/@tokenizer%2finflate 281ms (cache miss)
931 silly packumentCache full:https://registry.npmjs.org/@tokenizer%2finflate set size:undefined disposed:false
932 silly fetch manifest strtok3@^10.3.4
933 silly packumentCache full:https://registry.npmjs.org/strtok3 cache-miss
934 http fetch GET 200 https://registry.npmjs.org/strtok3 229ms (cache miss)
935 silly packumentCache full:https://registry.npmjs.org/strtok3 set size:undefined disposed:false
936 silly fetch manifest token-types@^6.1.1
937 silly packumentCache full:https://registry.npmjs.org/token-types cache-miss
938 http fetch GET 200 https://registry.npmjs.org/token-types 206ms (cache miss)
939 silly packumentCache full:https://registry.npmjs.org/token-types set size:undefined disposed:false
940 silly fetch manifest uint8array-extras@^1.4.0
941 silly packumentCache full:https://registry.npmjs.org/uint8array-extras cache-miss
942 http fetch GET 200 https://registry.npmjs.org/uint8array-extras 187ms (cache miss)
943 silly packumentCache full:https://registry.npmjs.org/uint8array-extras set size:undefined disposed:false
944 silly fetch manifest @lukeed/csprng@^1.0.0
945 silly packumentCache full:https://registry.npmjs.org/@lukeed%2fcsprng cache-miss
946 http fetch GET 200 https://registry.npmjs.org/@lukeed%2fcsprng 251ms (cache miss)
947 silly packumentCache full:https://registry.npmjs.org/@lukeed%2fcsprng set size:undefined disposed:false
948 silly placeDep ROOT @nuxt/opencollective@0.4.1 OK for: @nestjs/core@11.1.12 want: 0.4.1
949 silly placeDep ROOT fast-safe-stringify@2.1.1 OK for: @nestjs/core@11.1.12 want: 2.1.1
950 silly placeDep ROOT path-to-regexp@8.3.0 OK for: @nestjs/core@11.1.12 want: 8.3.0
951 silly fetch manifest consola@^3.2.3
952 silly packumentCache full:https://registry.npmjs.org/consola cache-miss
953 http fetch GET 200 https://registry.npmjs.org/consola 209ms (cache miss)
954 silly packumentCache full:https://registry.npmjs.org/consola set size:undefined disposed:false
955 silly placeDep ROOT cors@2.8.5 OK for: @nestjs/platform-express@11.1.12 want: 2.8.5
956 silly placeDep ROOT express@5.2.1 OK for: @nestjs/platform-express@11.1.12 want: 5.2.1
957 silly placeDep ROOT multer@2.0.2 OK for: @nestjs/platform-express@11.1.12 want: 2.0.2
958 silly fetch manifest vary@^1
959 silly packumentCache full:https://registry.npmjs.org/vary cache-miss
960 http fetch GET 200 https://registry.npmjs.org/vary 154ms (cache miss)
961 silly packumentCache full:https://registry.npmjs.org/vary set size:undefined disposed:false
962 silly fetch manifest qs@^6.14.0
963 silly packumentCache full:https://registry.npmjs.org/qs cache-miss
964 http fetch GET 200 https://registry.npmjs.org/qs 333ms (cache miss)
965 silly packumentCache full:https://registry.npmjs.org/qs set size:undefined disposed:false
966 silly fetch manifest depd@^2.0.0
967 silly packumentCache full:https://registry.npmjs.org/depd cache-miss
968 http fetch GET 200 https://registry.npmjs.org/depd 166ms (cache miss)
969 silly packumentCache full:https://registry.npmjs.org/depd set size:undefined disposed:false
970 silly fetch manifest etag@^1.8.1
971 silly packumentCache full:https://registry.npmjs.org/etag cache-miss
972 http fetch GET 200 https://registry.npmjs.org/etag 142ms (cache miss)
973 silly packumentCache full:https://registry.npmjs.org/etag set size:undefined disposed:false
974 silly fetch manifest once@^1.4.0
975 silly packumentCache full:https://registry.npmjs.org/once cache-miss
976 http fetch GET 200 https://registry.npmjs.org/once 153ms (cache miss)
977 silly packumentCache full:https://registry.npmjs.org/once set size:undefined disposed:false
978 silly fetch manifest send@^1.1.0
979 silly packumentCache full:https://registry.npmjs.org/send cache-miss
980 http fetch GET 200 https://registry.npmjs.org/send 218ms (cache miss)
981 silly packumentCache full:https://registry.npmjs.org/send set size:undefined disposed:false
982 silly fetch manifest vary@^1.1.2
983 silly packumentCache full:https://registry.npmjs.org/vary cache-miss
984 http fetch GET 200 https://registry.npmjs.org/vary 161ms (cache hit)
985 silly packumentCache full:https://registry.npmjs.org/vary set size:16018 disposed:false
986 silly fetch manifest fresh@^2.0.0
987 silly packumentCache full:https://registry.npmjs.org/fresh cache-miss
988 http fetch GET 200 https://registry.npmjs.org/fresh 321ms (cache miss)
989 silly packumentCache full:https://registry.npmjs.org/fresh set size:undefined disposed:false
990 silly fetch manifest cookie@^0.7.1
991 silly packumentCache full:https://registry.npmjs.org/cookie cache-miss
992 http fetch GET 200 https://registry.npmjs.org/cookie 216ms (cache miss)
993 silly packumentCache full:https://registry.npmjs.org/cookie set size:undefined disposed:false
994 silly fetch manifest router@^2.2.0
995 silly packumentCache full:https://registry.npmjs.org/router cache-miss
996 http fetch GET 200 https://registry.npmjs.org/router 203ms (cache miss)
997 silly packumentCache full:https://registry.npmjs.org/router set size:undefined disposed:false
998 silly fetch manifest accepts@^2.0.0
999 silly packumentCache full:https://registry.npmjs.org/accepts cache-miss
1000 http fetch GET 200 https://registry.npmjs.org/accepts 238ms (cache miss)
1001 silly packumentCache full:https://registry.npmjs.org/accepts set size:undefined disposed:false
1002 silly fetch manifest type-is@^2.0.1
1003 silly packumentCache full:https://registry.npmjs.org/type-is cache-miss
1004 http fetch GET 200 https://registry.npmjs.org/type-is 376ms (cache miss)
1005 silly packumentCache full:https://registry.npmjs.org/type-is set size:undefined disposed:false
1006 silly fetch manifest parseurl@^1.3.3
1007 silly packumentCache full:https://registry.npmjs.org/parseurl cache-miss
1008 http fetch GET 200 https://registry.npmjs.org/parseurl 361ms (cache miss)
1009 silly packumentCache full:https://registry.npmjs.org/parseurl set size:undefined disposed:false
1010 silly fetch manifest statuses@^2.0.1
1011 silly packumentCache full:https://registry.npmjs.org/statuses cache-miss
1012 http fetch GET 200 https://registry.npmjs.org/statuses 685ms (cache miss)
1013 silly packumentCache full:https://registry.npmjs.org/statuses set size:undefined disposed:false
1014 silly fetch manifest encodeurl@^2.0.0
1015 silly packumentCache full:https://registry.npmjs.org/encodeurl cache-miss
1016 http fetch GET 200 https://registry.npmjs.org/encodeurl 252ms (cache miss)
1017 silly packumentCache full:https://registry.npmjs.org/encodeurl set size:undefined disposed:false
1018 silly fetch manifest mime-types@^3.0.0
1019 silly packumentCache full:https://registry.npmjs.org/mime-types cache-hit
1020 silly fetch manifest proxy-addr@^2.0.7
1021 silly packumentCache full:https://registry.npmjs.org/proxy-addr cache-miss
1022 http fetch GET 200 https://registry.npmjs.org/proxy-addr 234ms (cache miss)
1023 silly packumentCache full:https://registry.npmjs.org/proxy-addr set size:undefined disposed:false
1024 silly fetch manifest body-parser@^2.2.1
1025 silly packumentCache full:https://registry.npmjs.org/body-parser cache-miss
1026 http fetch GET 200 https://registry.npmjs.org/body-parser 142ms (cache miss)
1027 silly packumentCache full:https://registry.npmjs.org/body-parser set size:undefined disposed:false
1028 silly fetch manifest escape-html@^1.0.3
1029 silly packumentCache full:https://registry.npmjs.org/escape-html cache-miss
1030 http fetch GET 200 https://registry.npmjs.org/escape-html 185ms (cache miss)
1031 silly packumentCache full:https://registry.npmjs.org/escape-html set size:undefined disposed:false
1032 silly fetch manifest http-errors@^2.0.0
1033 silly packumentCache full:https://registry.npmjs.org/http-errors cache-miss
1034 http fetch GET 200 https://registry.npmjs.org/http-errors 170ms (cache miss)
1035 silly packumentCache full:https://registry.npmjs.org/http-errors set size:undefined disposed:false
1036 silly fetch manifest on-finished@^2.4.1
1037 silly packumentCache full:https://registry.npmjs.org/on-finished cache-miss
1038 http fetch GET 200 https://registry.npmjs.org/on-finished 152ms (cache miss)
1039 silly packumentCache full:https://registry.npmjs.org/on-finished set size:undefined disposed:false
1040 silly fetch manifest content-type@^1.0.5
1041 silly packumentCache full:https://registry.npmjs.org/content-type cache-miss
1042 http fetch GET 200 https://registry.npmjs.org/content-type 138ms (cache miss)
1043 silly packumentCache full:https://registry.npmjs.org/content-type set size:undefined disposed:false
1044 silly fetch manifest finalhandler@^2.1.0
1045 silly packumentCache full:https://registry.npmjs.org/finalhandler cache-miss
1046 http fetch GET 200 https://registry.npmjs.org/finalhandler 169ms (cache miss)
1047 silly packumentCache full:https://registry.npmjs.org/finalhandler set size:undefined disposed:false
1048 silly fetch manifest range-parser@^1.2.1
1049 silly packumentCache full:https://registry.npmjs.org/range-parser cache-miss
1050 http fetch GET 200 https://registry.npmjs.org/range-parser 181ms (cache miss)
1051 silly packumentCache full:https://registry.npmjs.org/range-parser set size:undefined disposed:false
1052 silly fetch manifest serve-static@^2.2.0
1053 silly packumentCache full:https://registry.npmjs.org/serve-static cache-miss
1054 http fetch GET 200 https://registry.npmjs.org/serve-static 196ms (cache miss)
1055 silly packumentCache full:https://registry.npmjs.org/serve-static set size:undefined disposed:false
1056 silly fetch manifest cookie-signature@^1.2.1
1057 silly packumentCache full:https://registry.npmjs.org/cookie-signature cache-miss
1058 http fetch GET 200 https://registry.npmjs.org/cookie-signature 160ms (cache hit)
1059 silly packumentCache full:https://registry.npmjs.org/cookie-signature set size:21777 disposed:false
1060 silly fetch manifest merge-descriptors@^2.0.0
1061 silly packumentCache full:https://registry.npmjs.org/merge-descriptors cache-miss
1062 http fetch GET 200 https://registry.npmjs.org/merge-descriptors 237ms (cache miss)
1063 silly packumentCache full:https://registry.npmjs.org/merge-descriptors set size:undefined disposed:false
1064 silly fetch manifest content-disposition@^1.0.0
1065 silly packumentCache full:https://registry.npmjs.org/content-disposition cache-miss
1066 http fetch GET 200 https://registry.npmjs.org/content-disposition 394ms (cache miss)
1067 silly packumentCache full:https://registry.npmjs.org/content-disposition set size:undefined disposed:false
1068 silly fetch manifest append-field@^1.0.0
1069 silly packumentCache full:https://registry.npmjs.org/append-field cache-miss
1070 http fetch GET 200 https://registry.npmjs.org/append-field 232ms (cache miss)
1071 silly packumentCache full:https://registry.npmjs.org/append-field set size:undefined disposed:false
1072 silly fetch manifest busboy@^1.6.0
1073 silly packumentCache full:https://registry.npmjs.org/busboy cache-miss
1074 http fetch GET 200 https://registry.npmjs.org/busboy 203ms (cache miss)
1075 silly packumentCache full:https://registry.npmjs.org/busboy set size:undefined disposed:false
1076 silly fetch manifest concat-stream@^2.0.0
1077 silly packumentCache full:https://registry.npmjs.org/concat-stream cache-miss
1078 http fetch GET 200 https://registry.npmjs.org/concat-stream 223ms (cache miss)
1079 silly packumentCache full:https://registry.npmjs.org/concat-stream set size:undefined disposed:false
1080 silly fetch manifest mkdirp@^0.5.6
1081 silly packumentCache full:https://registry.npmjs.org/mkdirp cache-miss
1082 http fetch GET 200 https://registry.npmjs.org/mkdirp 124ms (cache miss)
1083 silly packumentCache full:https://registry.npmjs.org/mkdirp set size:undefined disposed:false
1084 silly fetch manifest type-is@^1.6.18
1085 silly packumentCache full:https://registry.npmjs.org/type-is cache-miss
1086 http fetch GET 200 https://registry.npmjs.org/type-is 139ms (cache hit)
1087 silly packumentCache full:https://registry.npmjs.org/type-is set size:86196 disposed:false
1088 silly fetch manifest xtend@^4.0.2
1089 silly packumentCache full:https://registry.npmjs.org/xtend cache-miss
1090 http fetch GET 200 https://registry.npmjs.org/xtend 177ms (cache miss)
1091 silly packumentCache full:https://registry.npmjs.org/xtend set size:undefined disposed:false
1092 silly fetch manifest chokidar@^4.0.0
1093 silly packumentCache full:https://registry.npmjs.org/chokidar cache-hit
1094 silly placeDep node_modules/@nestjs/schematics @angular-devkit/core@19.2.17 OK for: @nestjs/schematics@11.0.9 want: 19.2.17
1095 silly placeDep node_modules/@nestjs/schematics @angular-devkit/schematics@19.2.17 OK for: @nestjs/schematics@11.0.9 want: 19.2.17
1096 silly placeDep ROOT comment-json@4.4.1 OK for: @nestjs/schematics@11.0.9 want: 4.4.1
1097 silly placeDep ROOT pluralize@8.0.0 OK for: @nestjs/schematics@11.0.9 want: 8.0.0
1098 silly fetch manifest esprima@^4.0.1
1099 silly packumentCache full:https://registry.npmjs.org/esprima cache-miss
1100 http fetch GET 200 https://registry.npmjs.org/esprima 187ms (cache revalidated)
1101 silly packumentCache full:https://registry.npmjs.org/esprima set size:118410 disposed:false
1102 silly fetch manifest core-util-is@^1.0.3
1103 silly packumentCache full:https://registry.npmjs.org/core-util-is cache-miss
1104 http fetch GET 200 https://registry.npmjs.org/core-util-is 208ms (cache revalidated)
1105 silly packumentCache full:https://registry.npmjs.org/core-util-is set size:7163 disposed:false
1106 silly fetch manifest array-timsort@^1.0.3
1107 silly packumentCache full:https://registry.npmjs.org/array-timsort cache-miss
1108 http fetch GET 200 https://registry.npmjs.org/array-timsort 228ms (cache revalidated)
1109 silly packumentCache full:https://registry.npmjs.org/array-timsort set size:21524 disposed:false
1110 silly placeDep ROOT consola@3.4.2 OK for: @nuxt/opencollective@0.4.1 want: ^3.2.3
1111 silly placeDep ROOT @types/body-parser@1.19.6 OK for: @types/express@5.0.6 want: *
1112 silly placeDep ROOT @types/express-serve-static-core@5.1.1 OK for: @types/express@5.0.6 want: ^5.0.0
1113 silly placeDep ROOT @types/serve-static@2.2.0 OK for: @types/express@5.0.6 want: ^2
1114 silly fetch manifest @types/connect@*
1115 silly packumentCache full:https://registry.npmjs.org/@types%2fconnect cache-miss
1116 http fetch GET 200 https://registry.npmjs.org/@types%2fconnect 184ms (cache miss)
1117 silly packumentCache full:https://registry.npmjs.org/@types%2fconnect set size:undefined disposed:false
1118 silly fetch manifest @types/qs@*
1119 silly packumentCache full:https://registry.npmjs.org/@types%2fqs cache-miss
1120 http fetch GET 200 https://registry.npmjs.org/@types%2fqs 213ms (cache miss)
1121 silly packumentCache full:https://registry.npmjs.org/@types%2fqs set size:undefined disposed:false
1122 silly fetch manifest @types/send@*
1123 silly packumentCache full:https://registry.npmjs.org/@types%2fsend cache-miss
1124 http fetch GET 200 https://registry.npmjs.org/@types%2fsend 191ms (cache miss)
1125 silly packumentCache full:https://registry.npmjs.org/@types%2fsend set size:undefined disposed:false
1126 silly fetch manifest @types/range-parser@*
1127 silly packumentCache full:https://registry.npmjs.org/@types%2frange-parser cache-miss
1128 http fetch GET 200 https://registry.npmjs.org/@types%2frange-parser 212ms (cache miss)
1129 silly packumentCache full:https://registry.npmjs.org/@types%2frange-parser set size:undefined disposed:false
1130 silly fetch manifest @types/http-errors@*
1131 silly packumentCache full:https://registry.npmjs.org/@types%2fhttp-errors cache-miss
1132 http fetch GET 200 https://registry.npmjs.org/@types%2fhttp-errors 196ms (cache miss)
1133 silly packumentCache full:https://registry.npmjs.org/@types%2fhttp-errors set size:undefined disposed:false
1134 silly placeDep ROOT @types/connect@3.4.38 OK for: @types/body-parser@1.19.6 want: *
1135 silly placeDep ROOT @types/qs@6.14.0 OK for: @types/express-serve-static-core@5.1.1 want: *
1136 silly placeDep ROOT @types/range-parser@1.2.7 OK for: @types/express-serve-static-core@5.1.1 want: *
1137 silly placeDep ROOT @types/send@1.2.1 OK for: @types/express-serve-static-core@5.1.1 want: *
1138 silly placeDep ROOT expect@30.2.0 OK for: @types/jest@30.0.0 want: ^30.0.0
1139 silly placeDep ROOT pretty-format@30.2.0 OK for: @types/jest@30.0.0 want: ^30.0.0
1140 silly fetch manifest @jest/expect-utils@30.2.0
1141 silly packumentCache full:https://registry.npmjs.org/@jest%2fexpect-utils cache-miss
1142 http fetch GET 200 https://registry.npmjs.org/@jest%2fexpect-utils 200ms (cache miss)
1143 silly packumentCache full:https://registry.npmjs.org/@jest%2fexpect-utils set size:undefined disposed:false
1144 silly fetch manifest @jest/get-type@30.1.0
1145 silly packumentCache full:https://registry.npmjs.org/@jest%2fget-type cache-miss
1146 http fetch GET 200 https://registry.npmjs.org/@jest%2fget-type 204ms (cache miss)
1147 silly packumentCache full:https://registry.npmjs.org/@jest%2fget-type set size:undefined disposed:false
1148 silly fetch manifest jest-matcher-utils@30.2.0
1149 silly packumentCache full:https://registry.npmjs.org/jest-matcher-utils cache-miss
1150 http fetch GET 200 https://registry.npmjs.org/jest-matcher-utils 270ms (cache miss)
1151 silly packumentCache full:https://registry.npmjs.org/jest-matcher-utils set size:undefined disposed:false
1152 silly fetch manifest jest-message-util@30.2.0
1153 silly packumentCache full:https://registry.npmjs.org/jest-message-util cache-miss
1154 http fetch GET 200 https://registry.npmjs.org/jest-message-util 187ms (cache miss)
1155 silly packumentCache full:https://registry.npmjs.org/jest-message-util set size:undefined disposed:false
1156 silly fetch manifest jest-mock@30.2.0
1157 silly packumentCache full:https://registry.npmjs.org/jest-mock cache-miss
1158 http fetch GET 200 https://registry.npmjs.org/jest-mock 158ms (cache miss)
1159 silly packumentCache full:https://registry.npmjs.org/jest-mock set size:undefined disposed:false
1160 silly fetch manifest jest-util@30.2.0
1161 silly packumentCache full:https://registry.npmjs.org/jest-util cache-hit
1162 silly fetch manifest @jest/schemas@30.0.5
1163 silly packumentCache full:https://registry.npmjs.org/@jest%2fschemas cache-miss
1164 http fetch GET 200 https://registry.npmjs.org/@jest%2fschemas 257ms (cache miss)
1165 silly packumentCache full:https://registry.npmjs.org/@jest%2fschemas set size:undefined disposed:false
1166 silly fetch manifest ansi-styles@^5.2.0
1167 silly packumentCache full:https://registry.npmjs.org/ansi-styles cache-miss
1168 http fetch GET 200 https://registry.npmjs.org/ansi-styles 150ms (cache revalidated)
1169 silly packumentCache full:https://registry.npmjs.org/ansi-styles set size:63233 disposed:false
1170 silly fetch manifest react-is@^18.3.1
1171 silly packumentCache full:https://registry.npmjs.org/react-is cache-miss
1172 http fetch GET 200 https://registry.npmjs.org/react-is 219ms (cache revalidated)
1173 silly packumentCache full:https://registry.npmjs.org/react-is set size:5174932 disposed:false
1174 silly placeDep ROOT @types/http-errors@2.0.5 OK for: @types/serve-static@2.2.0 want: *
1175 silly placeDep ROOT @types/methods@1.1.4 OK for: @types/supertest@6.0.3 want: ^1.1.4
1176 silly placeDep ROOT @types/superagent@8.1.9 OK for: @types/supertest@6.0.3 want: ^8.1.0
1177 silly fetch manifest form-data@^4.0.0
1178 silly packumentCache full:https://registry.npmjs.org/form-data cache-miss
1179 http fetch GET 200 https://registry.npmjs.org/form-data 181ms (cache miss)
1180 silly packumentCache full:https://registry.npmjs.org/form-data set size:undefined disposed:false
1181 silly fetch manifest @types/cookiejar@^2.1.5
1182 silly packumentCache full:https://registry.npmjs.org/@types%2fcookiejar cache-miss
1183 http fetch GET 200 https://registry.npmjs.org/@types%2fcookiejar 191ms (cache miss)
1184 silly packumentCache full:https://registry.npmjs.org/@types%2fcookiejar set size:undefined disposed:false
1185 silly placeDep ROOT @types/cookiejar@2.1.5 OK for: @types/superagent@8.1.9 want: ^2.1.5
1186 silly placeDep ROOT form-data@4.0.5 OK for: @types/superagent@8.1.9 want: ^4.0.0
1187 silly fetch manifest asynckit@^0.4.0
1188 silly packumentCache full:https://registry.npmjs.org/asynckit cache-miss
1189 http fetch GET 200 https://registry.npmjs.org/asynckit 133ms (cache miss)
1190 silly packumentCache full:https://registry.npmjs.org/asynckit set size:undefined disposed:false
1191 silly fetch manifest combined-stream@^1.0.8
1192 silly packumentCache full:https://registry.npmjs.org/combined-stream cache-miss
1193 http fetch GET 200 https://registry.npmjs.org/combined-stream 148ms (cache miss)
1194 silly packumentCache full:https://registry.npmjs.org/combined-stream set size:undefined disposed:false
1195 silly fetch manifest mime-types@^2.1.12
1196 silly packumentCache full:https://registry.npmjs.org/mime-types cache-hit
1197 silly placeDep node_modules/ajv-formats ajv@8.17.1 OK for: ajv-formats@3.0.1 want: ^8.0.0
1198 silly placeDep ROOT readdirp@4.1.2 OK for: chokidar@4.0.3 want: ^4.0.1
1199 silly placeDep ROOT @colors/colors@1.5.0 OK for: cli-table3@0.6.5 want: 1.5.0
1200 silly placeDep ROOT string-width@4.2.3 OK for: cli-table3@0.6.5 want: ^4.2.0
1201 silly fetch manifest strip-ansi@^6.0.1
1202 silly packumentCache full:https://registry.npmjs.org/strip-ansi cache-hit
1203 silly fetch manifest emoji-regex@^8.0.0
1204 silly packumentCache full:https://registry.npmjs.org/emoji-regex cache-miss
1205 http fetch GET 200 https://registry.npmjs.org/emoji-regex 180ms (cache revalidated)
1206 silly packumentCache full:https://registry.npmjs.org/emoji-regex set size:89088 disposed:false
1207 silly fetch manifest is-fullwidth-code-point@^3.0.0
1208 silly packumentCache full:https://registry.npmjs.org/is-fullwidth-code-point cache-miss
1209 http fetch GET 200 https://registry.npmjs.org/is-fullwidth-code-point 207ms (cache revalidated)
1210 silly packumentCache full:https://registry.npmjs.org/is-fullwidth-code-point set size:14578 disposed:false
1211 silly placeDep ROOT array-timsort@1.0.3 OK for: comment-json@4.4.1 want: ^1.0.3
1212 silly placeDep ROOT core-util-is@1.0.3 OK for: comment-json@4.4.1 want: ^1.0.3
1213 silly placeDep ROOT esprima@4.0.1 OK for: comment-json@4.4.1 want: ^4.0.1
1214 silly placeDep ROOT vary@1.1.2 OK for: cors@2.8.5 want: ^1
1215 silly placeDep ROOT prettier-linter-helpers@1.0.1 OK for: eslint-plugin-prettier@5.5.5 want: ^1.0.1
1216 silly placeDep ROOT synckit@0.11.12 OK for: eslint-plugin-prettier@5.5.5 want: ^0.11.12
1217 silly fetch manifest fast-diff@^1.1.2
1218 silly packumentCache full:https://registry.npmjs.org/fast-diff cache-miss
1219 http fetch GET 200 https://registry.npmjs.org/fast-diff 188ms (cache miss)
1220 silly packumentCache full:https://registry.npmjs.org/fast-diff set size:undefined disposed:false
1221 silly fetch manifest @pkgr/core@^0.2.9
1222 silly packumentCache full:https://registry.npmjs.org/@pkgr%2fcore cache-miss
1223 http fetch GET 200 https://registry.npmjs.org/@pkgr%2fcore 168ms (cache miss)
1224 silly packumentCache full:https://registry.npmjs.org/@pkgr%2fcore set size:undefined disposed:false
1225 silly placeDep ROOT @jest/expect-utils@30.2.0 OK for: expect@30.2.0 want: 30.2.0
1226 silly placeDep ROOT @jest/get-type@30.1.0 OK for: expect@30.2.0 want: 30.1.0
1227 silly placeDep ROOT jest-matcher-utils@30.2.0 OK for: expect@30.2.0 want: 30.2.0
1228 silly placeDep ROOT jest-message-util@30.2.0 OK for: expect@30.2.0 want: 30.2.0
1229 silly placeDep ROOT jest-mock@30.2.0 OK for: expect@30.2.0 want: 30.2.0
1230 silly placeDep ROOT jest-util@30.2.0 OK for: expect@30.2.0 want: 30.2.0
1231 silly fetch manifest jest-diff@30.2.0
1232 silly packumentCache full:https://registry.npmjs.org/jest-diff cache-miss
1233 http fetch GET 200 https://registry.npmjs.org/jest-diff 234ms (cache miss)
1234 silly packumentCache full:https://registry.npmjs.org/jest-diff set size:undefined disposed:false
1235 silly fetch manifest @types/stack-utils@^2.0.3
1236 silly packumentCache full:https://registry.npmjs.org/@types%2fstack-utils cache-miss
1237 http fetch GET 200 https://registry.npmjs.org/@types%2fstack-utils 256ms (cache miss)
1238 silly packumentCache full:https://registry.npmjs.org/@types%2fstack-utils set size:undefined disposed:false
1239 silly fetch manifest slash@^3.0.0
1240 silly packumentCache full:https://registry.npmjs.org/slash cache-miss
1241 http fetch GET 200 https://registry.npmjs.org/slash 134ms (cache miss)
1242 silly packumentCache full:https://registry.npmjs.org/slash set size:undefined disposed:false
1243 silly fetch manifest stack-utils@^2.0.6
1244 silly packumentCache full:https://registry.npmjs.org/stack-utils cache-miss
1245 http fetch GET 200 https://registry.npmjs.org/stack-utils 314ms (cache miss)
1246 silly packumentCache full:https://registry.npmjs.org/stack-utils set size:undefined disposed:false
1247 silly fetch manifest ci-info@^4.2.0
1248 silly packumentCache full:https://registry.npmjs.org/ci-info cache-miss
1249 http fetch GET 200 https://registry.npmjs.org/ci-info 341ms (cache miss)
1250 silly packumentCache full:https://registry.npmjs.org/ci-info set size:undefined disposed:false
1251 silly fetch manifest picomatch@^4.0.2
1252 silly packumentCache full:https://registry.npmjs.org/picomatch cache-hit
1253 silly placeDep ROOT accepts@2.0.0 OK for: express@5.2.1 want: ^2.0.0
1254 silly placeDep ROOT body-parser@2.2.2 OK for: express@5.2.1 want: ^2.2.1
1255 silly placeDep ROOT content-disposition@1.0.1 OK for: express@5.2.1 want: ^1.0.0
1256 silly placeDep ROOT content-type@1.0.5 OK for: express@5.2.1 want: ^1.0.5
1257 silly placeDep ROOT cookie@0.7.2 OK for: express@5.2.1 want: ^0.7.1
1258 silly placeDep ROOT cookie-signature@1.2.2 OK for: express@5.2.1 want: ^1.2.1
1259 silly placeDep ROOT depd@2.0.0 OK for: express@5.2.1 want: ^2.0.0
1260 silly placeDep ROOT encodeurl@2.0.0 OK for: express@5.2.1 want: ^2.0.0
1261 silly placeDep ROOT escape-html@1.0.3 OK for: express@5.2.1 want: ^1.0.3
1262 silly placeDep ROOT etag@1.8.1 OK for: express@5.2.1 want: ^1.8.1
1263 silly placeDep ROOT finalhandler@2.1.1 OK for: express@5.2.1 want: ^2.1.0
1264 silly placeDep ROOT fresh@2.0.0 OK for: express@5.2.1 want: ^2.0.0
1265 silly placeDep ROOT http-errors@2.0.1 OK for: express@5.2.1 want: ^2.0.0
1266 silly placeDep ROOT merge-descriptors@2.0.0 OK for: express@5.2.1 want: ^2.0.0
1267 silly placeDep ROOT mime-types@3.0.2 OK for: express@5.2.1 want: ^3.0.0
1268 silly placeDep ROOT on-finished@2.4.1 OK for: express@5.2.1 want: ^2.4.1
1269 silly placeDep ROOT once@1.4.0 OK for: express@5.2.1 want: ^1.4.0
1270 silly placeDep ROOT parseurl@1.3.3 OK for: express@5.2.1 want: ^1.3.3
1271 silly placeDep ROOT proxy-addr@2.0.7 OK for: express@5.2.1 want: ^2.0.7
1272 silly placeDep ROOT qs@6.14.1 OK for: express@5.2.1 want: ^6.14.0
1273 silly placeDep ROOT range-parser@1.2.1 OK for: express@5.2.1 want: ^1.2.1
1274 silly placeDep ROOT router@2.2.0 OK for: express@5.2.1 want: ^2.2.0
1275 silly placeDep ROOT send@1.2.1 OK for: express@5.2.1 want: ^1.1.0
1276 silly placeDep ROOT serve-static@2.2.1 OK for: express@5.2.1 want: ^2.2.0
1277 silly placeDep ROOT statuses@2.0.2 OK for: express@5.2.1 want: ^2.0.1
1278 silly placeDep ROOT type-is@2.0.1 OK for: express@5.2.1 want: ^2.0.1
1279 silly fetch manifest negotiator@^1.0.0
1280 silly packumentCache full:https://registry.npmjs.org/negotiator cache-miss
1281 http fetch GET 200 https://registry.npmjs.org/negotiator 203ms (cache miss)
1282 silly packumentCache full:https://registry.npmjs.org/negotiator set size:undefined disposed:false
1283 silly fetch manifest bytes@^3.1.2
1284 silly packumentCache full:https://registry.npmjs.org/bytes cache-miss
1285 http fetch GET 200 https://registry.npmjs.org/bytes 180ms (cache miss)
1286 silly packumentCache full:https://registry.npmjs.org/bytes set size:undefined disposed:false
1287 silly fetch manifest qs@^6.14.1
1288 silly packumentCache full:https://registry.npmjs.org/qs cache-miss
1289 http fetch GET 200 https://registry.npmjs.org/qs 71ms (cache hit)
1290 silly packumentCache full:https://registry.npmjs.org/qs set size:268000 disposed:false
1291 silly fetch manifest raw-body@^3.0.1
1292 silly packumentCache full:https://registry.npmjs.org/raw-body cache-miss
1293 http fetch GET 200 https://registry.npmjs.org/raw-body 168ms (cache miss)
1294 silly packumentCache full:https://registry.npmjs.org/raw-body set size:undefined disposed:false
1295 silly fetch manifest inherits@~2.0.4
1296 silly packumentCache full:https://registry.npmjs.org/inherits cache-miss
1297 http fetch GET 200 https://registry.npmjs.org/inherits 137ms (cache revalidated)
1298 silly packumentCache full:https://registry.npmjs.org/inherits set size:12925 disposed:false
1299 silly fetch manifest setprototypeof@~1.2.0
1300 silly packumentCache full:https://registry.npmjs.org/setprototypeof cache-miss
1301 http fetch GET 200 https://registry.npmjs.org/setprototypeof 189ms (cache miss)
1302 silly packumentCache full:https://registry.npmjs.org/setprototypeof set size:undefined disposed:false
1303 silly fetch manifest statuses@~2.0.2
1304 silly packumentCache full:https://registry.npmjs.org/statuses cache-miss
1305 http fetch GET 200 https://registry.npmjs.org/statuses 222ms (cache hit)
1306 silly packumentCache full:https://registry.npmjs.org/statuses set size:37117 disposed:false
1307 silly fetch manifest toidentifier@~1.0.1
1308 silly packumentCache full:https://registry.npmjs.org/toidentifier cache-miss
1309 http fetch GET 200 https://registry.npmjs.org/toidentifier 183ms (cache miss)
1310 silly packumentCache full:https://registry.npmjs.org/toidentifier set size:undefined disposed:false
1311 silly fetch manifest mime-db@^1.54.0
1312 silly packumentCache full:https://registry.npmjs.org/mime-db cache-miss
1313 http fetch GET 200 https://registry.npmjs.org/mime-db 151ms (cache revalidated)
1314 silly packumentCache full:https://registry.npmjs.org/mime-db set size:164953 disposed:false
1315 silly fetch manifest ee-first@1.1.1
1316 silly packumentCache full:https://registry.npmjs.org/ee-first cache-miss
1317 http fetch GET 200 https://registry.npmjs.org/ee-first 159ms (cache miss)
1318 silly packumentCache full:https://registry.npmjs.org/ee-first set size:undefined disposed:false
1319 silly fetch manifest wrappy@1
1320 silly packumentCache full:https://registry.npmjs.org/wrappy cache-miss
1321 http fetch GET 200 https://registry.npmjs.org/wrappy 163ms (cache miss)
1322 silly packumentCache full:https://registry.npmjs.org/wrappy set size:undefined disposed:false
1323 silly fetch manifest forwarded@0.2.0
1324 silly packumentCache full:https://registry.npmjs.org/forwarded cache-miss
1325 http fetch GET 200 https://registry.npmjs.org/forwarded 165ms (cache miss)
1326 silly packumentCache full:https://registry.npmjs.org/forwarded set size:undefined disposed:false
1327 silly fetch manifest ipaddr.js@1.9.1
1328 silly packumentCache full:https://registry.npmjs.org/ipaddr.js cache-miss
1329 http fetch GET 200 https://registry.npmjs.org/ipaddr.js 127ms (cache miss)
1330 silly packumentCache full:https://registry.npmjs.org/ipaddr.js set size:undefined disposed:false
1331 silly fetch manifest is-promise@^4.0.0
1332 silly packumentCache full:https://registry.npmjs.org/is-promise cache-miss
1333 http fetch GET 200 https://registry.npmjs.org/is-promise 125ms (cache miss)
1334 silly packumentCache full:https://registry.npmjs.org/is-promise set size:undefined disposed:false
1335 silly fetch manifest statuses@^2.0.2
1336 silly packumentCache full:https://registry.npmjs.org/statuses cache-hit
1337 silly fetch manifest media-typer@^1.1.0
1338 silly packumentCache full:https://registry.npmjs.org/media-typer cache-miss
1339 http fetch GET 200 https://registry.npmjs.org/media-typer 160ms (cache miss)
1340 silly packumentCache full:https://registry.npmjs.org/media-typer set size:undefined disposed:false
1341 silly placeDep ROOT negotiator@1.0.0 OK for: accepts@2.0.0 want: ^1.0.0
1342 silly placeDep ROOT bytes@3.1.2 OK for: body-parser@2.2.2 want: ^3.1.2
1343 silly placeDep ROOT raw-body@3.0.2 OK for: body-parser@2.2.2 want: ^3.0.1
1344 silly fetch manifest unpipe@~1.0.0
1345 silly packumentCache full:https://registry.npmjs.org/unpipe cache-miss
1346 http fetch GET 200 https://registry.npmjs.org/unpipe 160ms (cache miss)
1347 silly packumentCache full:https://registry.npmjs.org/unpipe set size:undefined disposed:false
1348 silly placeDep ROOT @tokenizer/inflate@0.4.1 OK for: file-type@21.3.0 want: ^0.4.1
1349 silly placeDep ROOT strtok3@10.3.4 OK for: file-type@21.3.0 want: ^10.3.4
1350 silly placeDep ROOT token-types@6.1.2 OK for: file-type@21.3.0 want: ^6.1.1
1351 silly placeDep ROOT uint8array-extras@1.5.0 OK for: file-type@21.3.0 want: ^1.4.0
1352 silly fetch manifest @tokenizer/token@^0.3.0
1353 silly packumentCache full:https://registry.npmjs.org/@tokenizer%2ftoken cache-miss
1354 http fetch GET 200 https://registry.npmjs.org/@tokenizer%2ftoken 143ms (cache miss)
1355 silly packumentCache full:https://registry.npmjs.org/@tokenizer%2ftoken set size:undefined disposed:false
1356 silly fetch manifest @borewit/text-codec@^0.2.1
1357 silly packumentCache full:https://registry.npmjs.org/@borewit%2ftext-codec cache-miss
1358 http fetch GET 200 https://registry.npmjs.org/@borewit%2ftext-codec 199ms (cache miss)
1359 silly packumentCache full:https://registry.npmjs.org/@borewit%2ftext-codec set size:undefined disposed:false
1360 silly fetch manifest ieee754@^1.2.1
1361 silly packumentCache full:https://registry.npmjs.org/ieee754 cache-miss
1362 http fetch GET 200 https://registry.npmjs.org/ieee754 205ms (cache revalidated)
1363 silly packumentCache full:https://registry.npmjs.org/ieee754 set size:34910 disposed:false
1364 silly fetch manifest typescript@>3.6.0
1365 silly packumentCache full:https://registry.npmjs.org/typescript cache-miss
1366 http fetch GET 200 https://registry.npmjs.org/typescript 396ms (cache hit)
1367 silly packumentCache full:https://registry.npmjs.org/typescript set size:15133370 disposed:false
1368 silly placeDep ROOT cosmiconfig@8.3.6 OK for: fork-ts-checker-webpack-plugin@9.1.0 want: ^8.2.0
1369 silly placeDep ROOT deepmerge@4.3.1 OK for: fork-ts-checker-webpack-plugin@9.1.0 want: ^4.2.2
1370 silly placeDep ROOT fs-extra@10.1.0 OK for: fork-ts-checker-webpack-plugin@9.1.0 want: ^10.0.0
1371 silly placeDep ROOT memfs@3.5.3 OK for: fork-ts-checker-webpack-plugin@9.1.0 want: ^3.4.1
1372 silly placeDep ROOT node-abort-controller@3.1.1 OK for: fork-ts-checker-webpack-plugin@9.1.0 want: ^3.0.1
1373 silly placeDep ROOT schema-utils@3.3.0 OK for: fork-ts-checker-webpack-plugin@9.1.0 want: ^3.1.1
1374 silly placeDep node_modules/fork-ts-checker-webpack-plugin semver@7.7.3 OK for: fork-ts-checker-webpack-plugin@9.1.0 want: ^7.3.5
1375 silly placeDep ROOT tapable@2.3.0 OK for: fork-ts-checker-webpack-plugin@9.1.0 want: ^2.2.1
1376 silly fetch manifest parse-json@^5.2.0
1377 silly packumentCache full:https://registry.npmjs.org/parse-json cache-miss
1378 http fetch GET 200 https://registry.npmjs.org/parse-json 183ms (cache revalidated)
1379 silly packumentCache full:https://registry.npmjs.org/parse-json set size:48198 disposed:false
1380 silly fetch manifest path-type@^4.0.0
1381 silly packumentCache full:https://registry.npmjs.org/path-type cache-miss
1382 http fetch GET 200 https://registry.npmjs.org/path-type 186ms (cache revalidated)
1383 silly packumentCache full:https://registry.npmjs.org/path-type set size:15341 disposed:false
1384 silly fetch manifest jsonfile@^6.0.1
1385 silly packumentCache full:https://registry.npmjs.org/jsonfile cache-miss
1386 http fetch GET 200 https://registry.npmjs.org/jsonfile 155ms (cache revalidated)
1387 silly packumentCache full:https://registry.npmjs.org/jsonfile set size:51505 disposed:false
1388 silly fetch manifest graceful-fs@^4.2.0
1389 silly packumentCache full:https://registry.npmjs.org/graceful-fs cache-hit
1390 silly fetch manifest universalify@^2.0.0
1391 silly packumentCache full:https://registry.npmjs.org/universalify cache-miss
1392 http fetch GET 200 https://registry.npmjs.org/universalify 166ms (cache revalidated)
1393 silly packumentCache full:https://registry.npmjs.org/universalify set size:19431 disposed:false
1394 silly fetch manifest fs-monkey@^1.0.4
1395 silly packumentCache full:https://registry.npmjs.org/fs-monkey cache-miss
1396 http fetch GET 200 https://registry.npmjs.org/fs-monkey 161ms (cache revalidated)
1397 silly packumentCache full:https://registry.npmjs.org/fs-monkey set size:50154 disposed:false
1398 silly fetch manifest ajv-keywords@^3.5.2
1399 silly packumentCache full:https://registry.npmjs.org/ajv-keywords cache-miss
1400 http fetch GET 200 https://registry.npmjs.org/ajv-keywords 256ms (cache revalidated)
1401 silly packumentCache full:https://registry.npmjs.org/ajv-keywords set size:310004 disposed:false
1402 silly placeDep ROOT parse-json@5.2.0 OK for: cosmiconfig@8.3.6 want: ^5.2.0
1403 silly placeDep ROOT path-type@4.0.0 OK for: cosmiconfig@8.3.6 want: ^4.0.0
1404 silly fetch manifest error-ex@^1.3.1
1405 silly packumentCache full:https://registry.npmjs.org/error-ex cache-miss
1406 http fetch GET 200 https://registry.npmjs.org/error-ex 185ms (cache revalidated)
1407 silly packumentCache full:https://registry.npmjs.org/error-ex set size:31684 disposed:false
1408 silly fetch manifest lines-and-columns@^1.1.6
1409 silly packumentCache full:https://registry.npmjs.org/lines-and-columns cache-miss
1410 http fetch GET 200 https://registry.npmjs.org/lines-and-columns 201ms (cache revalidated)
1411 silly packumentCache full:https://registry.npmjs.org/lines-and-columns set size:73796 disposed:false
1412 silly fetch manifest json-parse-even-better-errors@^2.3.0
1413 silly packumentCache full:https://registry.npmjs.org/json-parse-even-better-errors cache-hit
1414 silly placeDep ROOT asynckit@0.4.0 OK for: form-data@4.0.5 want: ^0.4.0
1415 silly placeDep ROOT combined-stream@1.0.8 OK for: form-data@4.0.5 want: ^1.0.8
1416 silly placeDep node_modules/form-data mime-types@2.1.35 OK for: form-data@4.0.5 want: ^2.1.12
1417 silly fetch manifest delayed-stream@~1.0.0
1418 silly packumentCache full:https://registry.npmjs.org/delayed-stream cache-miss
1419 http fetch GET 200 https://registry.npmjs.org/delayed-stream 179ms (cache miss)
1420 silly packumentCache full:https://registry.npmjs.org/delayed-stream set size:undefined disposed:false
1421 silly fetch manifest mime-db@1.52.0
1422 silly packumentCache full:https://registry.npmjs.org/mime-db cache-hit
1423 silly placeDep ROOT delayed-stream@1.0.0 OK for: combined-stream@1.0.8 want: ~1.0.0
1424 silly placeDep ROOT graceful-fs@4.2.11 OK for: fs-extra@10.1.0 want: ^4.2.0
1425 silly placeDep ROOT jsonfile@6.2.0 OK for: fs-extra@10.1.0 want: ^6.0.1
1426 silly placeDep ROOT universalify@2.0.1 OK for: fs-extra@10.1.0 want: ^2.0.0
1427 silly placeDep node_modules/glob minimatch@10.1.1 OK for: glob@13.0.0 want: ^10.1.1
1428 silly placeDep ROOT minipass@7.1.2 OK for: glob@13.0.0 want: ^7.1.2
1429 silly placeDep ROOT path-scurry@2.0.1 OK for: glob@13.0.0 want: ^2.0.0
1430 silly fetch manifest @isaacs/brace-expansion@^5.0.0
1431 silly packumentCache full:https://registry.npmjs.org/@isaacs%2fbrace-expansion cache-miss
1432 http fetch GET 200 https://registry.npmjs.org/@isaacs%2fbrace-expansion 223ms (cache revalidated)
1433 silly packumentCache full:https://registry.npmjs.org/@isaacs%2fbrace-expansion set size:4999 disposed:false
1434 silly fetch manifest lru-cache@^11.0.0
1435 silly packumentCache full:https://registry.npmjs.org/lru-cache cache-miss
1436 http fetch GET 200 https://registry.npmjs.org/lru-cache 169ms (cache revalidated)
1437 silly packumentCache full:https://registry.npmjs.org/lru-cache set size:406394 disposed:false
1438 silly placeDep ROOT inherits@2.0.4 OK for: http-errors@2.0.1 want: ~2.0.4
1439 silly placeDep ROOT setprototypeof@1.2.0 OK for: http-errors@2.0.1 want: ~1.2.0
1440 silly placeDep ROOT toidentifier@1.0.1 OK for: http-errors@2.0.1 want: ~1.0.1
1441 silly placeDep ROOT safer-buffer@2.1.2 OK for: iconv-lite@0.7.2 want: >= 2.1.2 < 3.0.0
1442 silly placeDep ROOT @jest/core@30.2.0 OK for: jest@30.2.0 want: 30.2.0
1443 silly placeDep ROOT @jest/types@30.2.0 OK for: jest@30.2.0 want: 30.2.0
1444 silly placeDep ROOT import-local@3.2.0 OK for: jest@30.2.0 want: ^3.2.0
1445 silly placeDep ROOT jest-cli@30.2.0 OK for: jest@30.2.0 want: 30.2.0
1446 silly fetch manifest @jest/console@30.2.0
1447 silly packumentCache full:https://registry.npmjs.org/@jest%2fconsole cache-miss
1448 http fetch GET 200 https://registry.npmjs.org/@jest%2fconsole 169ms (cache miss)
1449 silly packumentCache full:https://registry.npmjs.org/@jest%2fconsole set size:undefined disposed:false
1450 silly fetch manifest @jest/pattern@30.0.1
1451 silly packumentCache full:https://registry.npmjs.org/@jest%2fpattern cache-miss
1452 http fetch GET 200 https://registry.npmjs.org/@jest%2fpattern 191ms (cache miss)
1453 silly packumentCache full:https://registry.npmjs.org/@jest%2fpattern set size:undefined disposed:false
1454 silly fetch manifest @jest/reporters@30.2.0
1455 silly packumentCache full:https://registry.npmjs.org/@jest%2freporters cache-miss
1456 http fetch GET 200 https://registry.npmjs.org/@jest%2freporters 244ms (cache miss)
1457 silly packumentCache full:https://registry.npmjs.org/@jest%2freporters set size:undefined disposed:false
1458 silly fetch manifest @jest/test-result@30.2.0
1459 silly packumentCache full:https://registry.npmjs.org/@jest%2ftest-result cache-miss
1460 http fetch GET 200 https://registry.npmjs.org/@jest%2ftest-result 275ms (cache miss)
1461 silly packumentCache full:https://registry.npmjs.org/@jest%2ftest-result set size:undefined disposed:false
1462 silly fetch manifest @jest/transform@30.2.0
1463 silly packumentCache full:https://registry.npmjs.org/@jest%2ftransform cache-hit
1464 silly fetch manifest ansi-escapes@^4.3.2
1465 silly packumentCache full:https://registry.npmjs.org/ansi-escapes cache-miss
1466 http fetch GET 200 https://registry.npmjs.org/ansi-escapes 185ms (cache miss)
1467 silly packumentCache full:https://registry.npmjs.org/ansi-escapes set size:undefined disposed:false
1468 silly fetch manifest exit-x@^0.2.2
1469 silly packumentCache full:https://registry.npmjs.org/exit-x cache-miss
1470 http fetch GET 200 https://registry.npmjs.org/exit-x 181ms (cache miss)
1471 silly packumentCache full:https://registry.npmjs.org/exit-x set size:undefined disposed:false
1472 silly fetch manifest jest-changed-files@30.2.0
1473 silly packumentCache full:https://registry.npmjs.org/jest-changed-files cache-miss
1474 http fetch GET 200 https://registry.npmjs.org/jest-changed-files 204ms (cache miss)
1475 silly packumentCache full:https://registry.npmjs.org/jest-changed-files set size:undefined disposed:false
1476 silly fetch manifest jest-config@30.2.0
1477 silly packumentCache full:https://registry.npmjs.org/jest-config cache-miss
1478 http fetch GET 200 https://registry.npmjs.org/jest-config 280ms (cache miss)
1479 silly packumentCache full:https://registry.npmjs.org/jest-config set size:undefined disposed:false
1480 silly fetch manifest jest-haste-map@30.2.0
1481 silly packumentCache full:https://registry.npmjs.org/jest-haste-map cache-miss
1482 http fetch GET 200 https://registry.npmjs.org/jest-haste-map 264ms (cache miss)
1483 silly packumentCache full:https://registry.npmjs.org/jest-haste-map set size:undefined disposed:false
1484 silly fetch manifest jest-regex-util@30.0.1
1485 silly packumentCache full:https://registry.npmjs.org/jest-regex-util cache-miss
1486 http fetch GET 200 https://registry.npmjs.org/jest-regex-util 193ms (cache miss)
1487 silly packumentCache full:https://registry.npmjs.org/jest-regex-util set size:undefined disposed:false
1488 silly fetch manifest jest-resolve@30.2.0
1489 silly packumentCache full:https://registry.npmjs.org/jest-resolve cache-miss
1490 http fetch GET 200 https://registry.npmjs.org/jest-resolve 184ms (cache miss)
1491 silly packumentCache full:https://registry.npmjs.org/jest-resolve set size:undefined disposed:false
1492 silly fetch manifest jest-resolve-dependencies@30.2.0
1493 silly packumentCache full:https://registry.npmjs.org/jest-resolve-dependencies cache-miss
1494 http fetch GET 200 https://registry.npmjs.org/jest-resolve-dependencies 249ms (cache miss)
1495 silly packumentCache full:https://registry.npmjs.org/jest-resolve-dependencies set size:undefined disposed:false
1496 silly fetch manifest jest-runner@30.2.0
1497 silly packumentCache full:https://registry.npmjs.org/jest-runner cache-miss
1498 http fetch GET 200 https://registry.npmjs.org/jest-runner 255ms (cache miss)
1499 silly packumentCache full:https://registry.npmjs.org/jest-runner set size:undefined disposed:false
1500 silly fetch manifest jest-runtime@30.2.0
1501 silly packumentCache full:https://registry.npmjs.org/jest-runtime cache-miss
1502 http fetch GET 200 https://registry.npmjs.org/jest-runtime 343ms (cache miss)
1503 silly packumentCache full:https://registry.npmjs.org/jest-runtime set size:undefined disposed:false
1504 silly fetch manifest jest-snapshot@30.2.0
1505 silly packumentCache full:https://registry.npmjs.org/jest-snapshot cache-miss
1506 http fetch GET 200 https://registry.npmjs.org/jest-snapshot 259ms (cache miss)
1507 silly packumentCache full:https://registry.npmjs.org/jest-snapshot set size:undefined disposed:false
1508 silly fetch manifest jest-validate@30.2.0
1509 silly packumentCache full:https://registry.npmjs.org/jest-validate cache-miss
1510 http fetch GET 200 https://registry.npmjs.org/jest-validate 257ms (cache miss)
1511 silly packumentCache full:https://registry.npmjs.org/jest-validate set size:undefined disposed:false
1512 silly fetch manifest jest-watcher@30.2.0
1513 silly packumentCache full:https://registry.npmjs.org/jest-watcher cache-miss
1514 http fetch GET 200 https://registry.npmjs.org/jest-watcher 238ms (cache miss)
1515 silly packumentCache full:https://registry.npmjs.org/jest-watcher set size:undefined disposed:false
1516 silly fetch manifest @types/istanbul-lib-coverage@^2.0.6
1517 silly packumentCache full:https://registry.npmjs.org/@types%2fistanbul-lib-coverage cache-miss
1518 http fetch GET 200 https://registry.npmjs.org/@types%2fistanbul-lib-coverage 163ms (cache miss)
1519 silly packumentCache full:https://registry.npmjs.org/@types%2fistanbul-lib-coverage set size:undefined disposed:false
1520 silly fetch manifest @types/istanbul-reports@^3.0.4
1521 silly packumentCache full:https://registry.npmjs.org/@types%2fistanbul-reports cache-miss
1522 http fetch GET 200 https://registry.npmjs.org/@types%2fistanbul-reports 160ms (cache miss)
1523 silly packumentCache full:https://registry.npmjs.org/@types%2fistanbul-reports set size:undefined disposed:false
1524 silly fetch manifest @types/yargs@^17.0.33
1525 silly packumentCache full:https://registry.npmjs.org/@types%2fyargs cache-miss
1526 http fetch GET 200 https://registry.npmjs.org/@types%2fyargs 221ms (cache miss)
1527 silly packumentCache full:https://registry.npmjs.org/@types%2fyargs set size:undefined disposed:false
1528 silly fetch manifest pkg-dir@^4.2.0
1529 silly packumentCache full:https://registry.npmjs.org/pkg-dir cache-miss
1530 http fetch GET 200 https://registry.npmjs.org/pkg-dir 224ms (cache miss)
1531 silly packumentCache full:https://registry.npmjs.org/pkg-dir set size:undefined disposed:false
1532 silly fetch manifest resolve-cwd@^3.0.0
1533 silly packumentCache full:https://registry.npmjs.org/resolve-cwd cache-miss
1534 http fetch GET 200 https://registry.npmjs.org/resolve-cwd 157ms (cache miss)
1535 silly packumentCache full:https://registry.npmjs.org/resolve-cwd set size:undefined disposed:false
1536 silly fetch manifest yargs@^17.7.2
1537 silly packumentCache full:https://registry.npmjs.org/yargs cache-miss
1538 http fetch GET 200 https://registry.npmjs.org/yargs 263ms (cache miss)
1539 silly packumentCache full:https://registry.npmjs.org/yargs set size:undefined disposed:false
1540 silly fetch manifest @types/node@*
1541 silly packumentCache full:https://registry.npmjs.org/@types%2fnode cache-miss
1542 http fetch GET 200 https://registry.npmjs.org/@types%2fnode 245ms (cache hit)
1543 silly packumentCache full:https://registry.npmjs.org/@types%2fnode set size:10797446 disposed:false
1544 silly fetch manifest esbuild-register@>=3.4.0
1545 silly packumentCache full:https://registry.npmjs.org/esbuild-register cache-miss
1546 http fetch GET 200 https://registry.npmjs.org/esbuild-register 182ms (cache miss)
1547 silly packumentCache full:https://registry.npmjs.org/esbuild-register set size:undefined disposed:false
1548 silly fetch manifest esbuild@>=0.12 <1
1549 silly packumentCache full:https://registry.npmjs.org/esbuild cache-miss
1550 http fetch GET 200 https://registry.npmjs.org/esbuild 290ms (cache miss)
1551 silly packumentCache full:https://registry.npmjs.org/esbuild set size:undefined disposed:false
1552 silly fetch manifest ts-node@>=9.0.0
1553 silly packumentCache full:https://registry.npmjs.org/ts-node cache-hit
1554 silly fetch manifest typescript@>=2.7
1555 silly packumentCache full:https://registry.npmjs.org/typescript cache-miss
1556 http fetch GET 200 https://registry.npmjs.org/typescript 299ms (cache hit)
1557 silly packumentCache full:https://registry.npmjs.org/typescript set size:15133370 disposed:false
1558 silly placeDep ROOT @jest/console@30.2.0 OK for: @jest/core@30.2.0 want: 30.2.0
1559 silly placeDep ROOT @jest/pattern@30.0.1 OK for: @jest/core@30.2.0 want: 30.0.1
1560 silly placeDep ROOT @jest/reporters@30.2.0 OK for: @jest/core@30.2.0 want: 30.2.0
1561 silly placeDep ROOT @jest/test-result@30.2.0 OK for: @jest/core@30.2.0 want: 30.2.0
1562 silly placeDep ROOT @jest/transform@30.2.0 OK for: @jest/core@30.2.0 want: 30.2.0
1563 silly placeDep ROOT ansi-escapes@4.3.2 OK for: @jest/core@30.2.0 want: ^4.3.2
1564 silly placeDep ROOT ci-info@4.3.1 OK for: @jest/core@30.2.0 want: ^4.2.0
1565 silly placeDep ROOT exit-x@0.2.2 OK for: @jest/core@30.2.0 want: ^0.2.2
1566 silly placeDep ROOT jest-changed-files@30.2.0 OK for: @jest/core@30.2.0 want: 30.2.0
1567 silly placeDep ROOT jest-config@30.2.0 OK for: @jest/core@30.2.0 want: 30.2.0
1568 silly placeDep ROOT jest-haste-map@30.2.0 OK for: @jest/core@30.2.0 want: 30.2.0
1569 silly placeDep ROOT jest-regex-util@30.0.1 OK for: @jest/core@30.2.0 want: 30.0.1
1570 silly placeDep ROOT jest-resolve@30.2.0 OK for: @jest/core@30.2.0 want: 30.2.0
1571 silly placeDep ROOT jest-resolve-dependencies@30.2.0 OK for: @jest/core@30.2.0 want: 30.2.0
1572 silly placeDep ROOT jest-runner@30.2.0 OK for: @jest/core@30.2.0 want: 30.2.0
1573 silly placeDep ROOT jest-runtime@30.2.0 OK for: @jest/core@30.2.0 want: 30.2.0
1574 silly placeDep ROOT jest-snapshot@30.2.0 OK for: @jest/core@30.2.0 want: 30.2.0
1575 silly placeDep ROOT jest-validate@30.2.0 OK for: @jest/core@30.2.0 want: 30.2.0
1576 silly placeDep ROOT jest-watcher@30.2.0 OK for: @jest/core@30.2.0 want: 30.2.0
1577 silly placeDep ROOT slash@3.0.0 OK for: @jest/core@30.2.0 want: ^3.0.0
1578 silly fetch manifest @bcoe/v8-coverage@^0.2.3
1579 silly packumentCache full:https://registry.npmjs.org/@bcoe%2fv8-coverage cache-miss
1580 http fetch GET 200 https://registry.npmjs.org/@bcoe%2fv8-coverage 233ms (cache miss)
1581 silly packumentCache full:https://registry.npmjs.org/@bcoe%2fv8-coverage set size:undefined disposed:false
1582 silly fetch manifest collect-v8-coverage@^1.0.2
1583 silly packumentCache full:https://registry.npmjs.org/collect-v8-coverage cache-miss
1584 http fetch GET 200 https://registry.npmjs.org/collect-v8-coverage 246ms (cache miss)
1585 silly packumentCache full:https://registry.npmjs.org/collect-v8-coverage set size:undefined disposed:false
1586 silly fetch manifest glob@^10.3.10
1587 silly packumentCache full:https://registry.npmjs.org/glob cache-hit
1588 silly fetch manifest istanbul-lib-coverage@^3.0.0
1589 silly packumentCache full:https://registry.npmjs.org/istanbul-lib-coverage cache-miss
1590 http fetch GET 200 https://registry.npmjs.org/istanbul-lib-coverage 152ms (cache miss)
1591 silly packumentCache full:https://registry.npmjs.org/istanbul-lib-coverage set size:undefined disposed:false
1592 silly fetch manifest istanbul-lib-instrument@^6.0.0
1593 silly packumentCache full:https://registry.npmjs.org/istanbul-lib-instrument cache-miss
1594 http fetch GET 200 https://registry.npmjs.org/istanbul-lib-instrument 269ms (cache miss)
1595 silly packumentCache full:https://registry.npmjs.org/istanbul-lib-instrument set size:undefined disposed:false
1596 silly fetch manifest istanbul-lib-report@^3.0.0
1597 silly packumentCache full:https://registry.npmjs.org/istanbul-lib-report cache-miss
1598 http fetch GET 200 https://registry.npmjs.org/istanbul-lib-report 198ms (cache miss)
1599 silly packumentCache full:https://registry.npmjs.org/istanbul-lib-report set size:undefined disposed:false
1600 silly fetch manifest istanbul-lib-source-maps@^5.0.0
1601 silly packumentCache full:https://registry.npmjs.org/istanbul-lib-source-maps cache-miss
1602 http fetch GET 200 https://registry.npmjs.org/istanbul-lib-source-maps 141ms (cache miss)
1603 silly packumentCache full:https://registry.npmjs.org/istanbul-lib-source-maps set size:undefined disposed:false
1604 silly fetch manifest istanbul-reports@^3.1.3
1605 silly packumentCache full:https://registry.npmjs.org/istanbul-reports cache-miss
1606 http fetch GET 200 https://registry.npmjs.org/istanbul-reports 182ms (cache miss)
1607 silly packumentCache full:https://registry.npmjs.org/istanbul-reports set size:undefined disposed:false
1608 silly fetch manifest jest-worker@30.2.0
1609 silly packumentCache full:https://registry.npmjs.org/jest-worker cache-miss
1610 http fetch GET 200 https://registry.npmjs.org/jest-worker 177ms (cache revalidated)
1611 silly packumentCache full:https://registry.npmjs.org/jest-worker set size:460562 disposed:false
1612 silly fetch manifest string-length@^4.0.2
1613 silly packumentCache full:https://registry.npmjs.org/string-length cache-miss
1614 http fetch GET 200 https://registry.npmjs.org/string-length 164ms (cache miss)
1615 silly packumentCache full:https://registry.npmjs.org/string-length set size:undefined disposed:false
1616 silly fetch manifest v8-to-istanbul@^9.0.1
1617 silly packumentCache full:https://registry.npmjs.org/v8-to-istanbul cache-miss
1618 http fetch GET 200 https://registry.npmjs.org/v8-to-istanbul 192ms (cache miss)
1619 silly packumentCache full:https://registry.npmjs.org/v8-to-istanbul set size:undefined disposed:false
1620 silly fetch manifest babel-plugin-istanbul@^7.0.1
1621 silly packumentCache full:https://registry.npmjs.org/babel-plugin-istanbul cache-miss
1622 http fetch GET 200 https://registry.npmjs.org/babel-plugin-istanbul 163ms (cache miss)
1623 silly packumentCache full:https://registry.npmjs.org/babel-plugin-istanbul set size:undefined disposed:false
1624 silly fetch manifest pirates@^4.0.7
1625 silly packumentCache full:https://registry.npmjs.org/pirates cache-miss
1626 http fetch GET 200 https://registry.npmjs.org/pirates 147ms (cache miss)
1627 silly packumentCache full:https://registry.npmjs.org/pirates set size:undefined disposed:false
1628 silly fetch manifest write-file-atomic@^5.0.1
1629 silly packumentCache full:https://registry.npmjs.org/write-file-atomic cache-miss
1630 http fetch GET 200 https://registry.npmjs.org/write-file-atomic 182ms (cache miss)
1631 silly packumentCache full:https://registry.npmjs.org/write-file-atomic set size:undefined disposed:false
1632 silly fetch manifest type-fest@^0.21.3
1633 silly packumentCache full:https://registry.npmjs.org/type-fest cache-miss
1634 http fetch GET 200 https://registry.npmjs.org/type-fest 100ms (cache hit)
1635 silly packumentCache full:https://registry.npmjs.org/type-fest set size:547166 disposed:false
1636 silly fetch manifest execa@^5.1.1
1637 silly packumentCache full:https://registry.npmjs.org/execa cache-miss
1638 http fetch GET 200 https://registry.npmjs.org/execa 360ms (cache miss)
1639 silly packumentCache full:https://registry.npmjs.org/execa set size:undefined disposed:false
1640 silly fetch manifest @jest/test-sequencer@30.2.0
1641 silly packumentCache full:https://registry.npmjs.org/@jest%2ftest-sequencer cache-miss
1642 http fetch GET 200 https://registry.npmjs.org/@jest%2ftest-sequencer 467ms (cache miss)
1643 silly packumentCache full:https://registry.npmjs.org/@jest%2ftest-sequencer set size:undefined disposed:false
1644 silly fetch manifest babel-jest@30.2.0
1645 silly packumentCache full:https://registry.npmjs.org/babel-jest cache-hit
1646 silly fetch manifest jest-circus@30.2.0
1647 silly packumentCache full:https://registry.npmjs.org/jest-circus cache-miss
1648 http fetch GET 200 https://registry.npmjs.org/jest-circus 365ms (cache miss)
1649 silly packumentCache full:https://registry.npmjs.org/jest-circus set size:undefined disposed:false
1650 silly fetch manifest jest-docblock@30.2.0
1651 silly packumentCache full:https://registry.npmjs.org/jest-docblock cache-miss
1652 http fetch GET 200 https://registry.npmjs.org/jest-docblock 161ms (cache miss)
1653 silly packumentCache full:https://registry.npmjs.org/jest-docblock set size:undefined disposed:false
1654 silly fetch manifest jest-environment-node@30.2.0
1655 silly packumentCache full:https://registry.npmjs.org/jest-environment-node cache-miss
1656 http fetch GET 200 https://registry.npmjs.org/jest-environment-node 222ms (cache miss)
1657 silly packumentCache full:https://registry.npmjs.org/jest-environment-node set size:undefined disposed:false
1658 silly fetch manifest anymatch@^3.1.3
1659 silly packumentCache full:https://registry.npmjs.org/anymatch cache-miss
1660 http fetch GET 200 https://registry.npmjs.org/anymatch 157ms (cache miss)
1661 silly packumentCache full:https://registry.npmjs.org/anymatch set size:undefined disposed:false
1662 silly fetch manifest fb-watchman@^2.0.2
1663 silly packumentCache full:https://registry.npmjs.org/fb-watchman cache-miss
1664 http fetch GET 200 https://registry.npmjs.org/fb-watchman 147ms (cache miss)
1665 silly packumentCache full:https://registry.npmjs.org/fb-watchman set size:undefined disposed:false
1666 silly fetch manifest walker@^1.0.8
1667 silly packumentCache full:https://registry.npmjs.org/walker cache-miss
1668 http fetch GET 200 https://registry.npmjs.org/walker 181ms (cache miss)
1669 silly packumentCache full:https://registry.npmjs.org/walker set size:undefined disposed:false
1670 silly fetch manifest fsevents@^2.3.3
1671 silly packumentCache full:https://registry.npmjs.org/fsevents cache-miss
1672 http fetch GET 200 https://registry.npmjs.org/fsevents 222ms (cache miss)
1673 silly packumentCache full:https://registry.npmjs.org/fsevents set size:undefined disposed:false
1674 silly fetch manifest jest-pnp-resolver@^1.2.3
1675 silly packumentCache full:https://registry.npmjs.org/jest-pnp-resolver cache-miss
1676 http fetch GET 200 https://registry.npmjs.org/jest-pnp-resolver 123ms (cache miss)
1677 silly packumentCache full:https://registry.npmjs.org/jest-pnp-resolver set size:undefined disposed:false
1678 silly fetch manifest @jest/environment@30.2.0
1679 silly packumentCache full:https://registry.npmjs.org/@jest%2fenvironment cache-miss
1680 http fetch GET 200 https://registry.npmjs.org/@jest%2fenvironment 193ms (cache miss)
1681 silly packumentCache full:https://registry.npmjs.org/@jest%2fenvironment set size:undefined disposed:false
1682 silly fetch manifest emittery@^0.13.1
1683 silly packumentCache full:https://registry.npmjs.org/emittery cache-miss
1684 http fetch GET 200 https://registry.npmjs.org/emittery 176ms (cache miss)
1685 silly packumentCache full:https://registry.npmjs.org/emittery set size:undefined disposed:false
1686 silly fetch manifest jest-leak-detector@30.2.0
1687 silly packumentCache full:https://registry.npmjs.org/jest-leak-detector cache-miss
1688 http fetch GET 200 https://registry.npmjs.org/jest-leak-detector 201ms (cache miss)
1689 silly packumentCache full:https://registry.npmjs.org/jest-leak-detector set size:undefined disposed:false
1690 silly fetch manifest source-map-support@0.5.13
1691 silly packumentCache full:https://registry.npmjs.org/source-map-support cache-hit
1692 silly fetch manifest @jest/fake-timers@30.2.0
1693 silly packumentCache full:https://registry.npmjs.org/@jest%2ffake-timers cache-miss
1694 http fetch GET 200 https://registry.npmjs.org/@jest%2ffake-timers 172ms (cache miss)
1695 silly packumentCache full:https://registry.npmjs.org/@jest%2ffake-timers set size:undefined disposed:false
1696 silly fetch manifest @jest/globals@30.2.0
1697 silly packumentCache full:https://registry.npmjs.org/@jest%2fglobals cache-miss
1698 http fetch GET 200 https://registry.npmjs.org/@jest%2fglobals 242ms (cache miss)
1699 silly packumentCache full:https://registry.npmjs.org/@jest%2fglobals set size:undefined disposed:false
1700 silly fetch manifest @jest/source-map@30.0.1
1701 silly packumentCache full:https://registry.npmjs.org/@jest%2fsource-map cache-miss
1702 http fetch GET 200 https://registry.npmjs.org/@jest%2fsource-map 240ms (cache miss)
1703 silly packumentCache full:https://registry.npmjs.org/@jest%2fsource-map set size:undefined disposed:false
1704 silly fetch manifest cjs-module-lexer@^2.1.0
1705 silly packumentCache full:https://registry.npmjs.org/cjs-module-lexer cache-miss
1706 http fetch GET 200 https://registry.npmjs.org/cjs-module-lexer 230ms (cache miss)
1707 silly packumentCache full:https://registry.npmjs.org/cjs-module-lexer set size:undefined disposed:false
1708 silly fetch manifest strip-bom@^4.0.0
1709 silly packumentCache full:https://registry.npmjs.org/strip-bom cache-miss
1710 http fetch GET 200 https://registry.npmjs.org/strip-bom 155ms (cache revalidated)
1711 silly packumentCache full:https://registry.npmjs.org/strip-bom set size:19359 disposed:false
1712 silly fetch manifest @babel/plugin-syntax-jsx@^7.27.1
1713 silly packumentCache full:https://registry.npmjs.org/@babel%2fplugin-syntax-jsx cache-miss
1714 http fetch GET 200 https://registry.npmjs.org/@babel%2fplugin-syntax-jsx 239ms (cache miss)
1715 silly packumentCache full:https://registry.npmjs.org/@babel%2fplugin-syntax-jsx set size:undefined disposed:false
1716 silly fetch manifest @babel/plugin-syntax-typescript@^7.27.1
1717 silly packumentCache full:https://registry.npmjs.org/@babel%2fplugin-syntax-typescript cache-miss
1718 http fetch GET 200 https://registry.npmjs.org/@babel%2fplugin-syntax-typescript 172ms (cache miss)
1719 silly packumentCache full:https://registry.npmjs.org/@babel%2fplugin-syntax-typescript set size:undefined disposed:false
1720 silly fetch manifest @babel/types@^7.27.3
1721 silly packumentCache full:https://registry.npmjs.org/@babel%2ftypes cache-miss
1722 http fetch GET 200 https://registry.npmjs.org/@babel%2ftypes 222ms (cache revalidated)
1723 silly packumentCache full:https://registry.npmjs.org/@babel%2ftypes set size:479758 disposed:false
1724 silly fetch manifest @jest/snapshot-utils@30.2.0
1725 silly packumentCache full:https://registry.npmjs.org/@jest%2fsnapshot-utils cache-miss
1726 http fetch GET 200 https://registry.npmjs.org/@jest%2fsnapshot-utils 246ms (cache miss)
1727 silly packumentCache full:https://registry.npmjs.org/@jest%2fsnapshot-utils set size:undefined disposed:false
1728 silly fetch manifest babel-preset-current-node-syntax@^1.2.0
1729 silly packumentCache full:https://registry.npmjs.org/babel-preset-current-node-syntax cache-miss
1730 http fetch GET 200 https://registry.npmjs.org/babel-preset-current-node-syntax 181ms (cache miss)
1731 silly packumentCache full:https://registry.npmjs.org/babel-preset-current-node-syntax set size:undefined disposed:false
1732 silly fetch manifest semver@^7.7.2
1733 silly packumentCache full:https://registry.npmjs.org/semver cache-hit
1734 silly fetch manifest camelcase@^6.3.0
1735 silly packumentCache full:https://registry.npmjs.org/camelcase cache-miss
1736 http fetch GET 200 https://registry.npmjs.org/camelcase 146ms (cache miss)
1737 silly packumentCache full:https://registry.npmjs.org/camelcase set size:undefined disposed:false
1738 silly fetch manifest leven@^3.1.0
1739 silly packumentCache full:https://registry.npmjs.org/leven cache-miss
1740 http fetch GET 200 https://registry.npmjs.org/leven 159ms (cache miss)
1741 silly packumentCache full:https://registry.npmjs.org/leven set size:undefined disposed:false
1742 silly placeDep ROOT @bcoe/v8-coverage@0.2.3 OK for: @jest/reporters@30.2.0 want: ^0.2.3
1743 silly placeDep ROOT collect-v8-coverage@1.0.3 OK for: @jest/reporters@30.2.0 want: ^1.0.2
1744 silly placeDep node_modules/@jest/reporters glob@10.5.0 OK for: @jest/reporters@30.2.0 want: ^10.3.10
1745 silly placeDep ROOT istanbul-lib-coverage@3.2.2 OK for: @jest/reporters@30.2.0 want: ^3.0.0
1746 silly placeDep ROOT istanbul-lib-instrument@6.0.3 OK for: @jest/reporters@30.2.0 want: ^6.0.0
1747 silly placeDep ROOT istanbul-lib-report@3.0.1 OK for: @jest/reporters@30.2.0 want: ^3.0.0
1748 silly placeDep ROOT istanbul-lib-source-maps@5.0.6 OK for: @jest/reporters@30.2.0 want: ^5.0.0
1749 silly placeDep ROOT istanbul-reports@3.2.0 OK for: @jest/reporters@30.2.0 want: ^3.1.3
1750 silly placeDep ROOT jest-worker@30.2.0 OK for: @jest/reporters@30.2.0 want: 30.2.0
1751 silly placeDep ROOT string-length@4.0.2 OK for: @jest/reporters@30.2.0 want: ^4.0.2
1752 silly placeDep ROOT v8-to-istanbul@9.3.0 OK for: @jest/reporters@30.2.0 want: ^9.0.1
1753 silly fetch manifest jackspeak@^3.1.2
1754 silly packumentCache full:https://registry.npmjs.org/jackspeak cache-miss
1755 http fetch GET 200 https://registry.npmjs.org/jackspeak 205ms (cache miss)
1756 silly packumentCache full:https://registry.npmjs.org/jackspeak set size:undefined disposed:false
1757 silly fetch manifest minimatch@^9.0.4
1758 silly packumentCache full:https://registry.npmjs.org/minimatch cache-hit
1759 silly fetch manifest path-scurry@^1.11.1
1760 silly packumentCache full:https://registry.npmjs.org/path-scurry cache-hit
1761 silly fetch manifest foreground-child@^3.1.0
1762 silly packumentCache full:https://registry.npmjs.org/foreground-child cache-miss
1763 http fetch GET 200 https://registry.npmjs.org/foreground-child 156ms (cache miss)
1764 silly packumentCache full:https://registry.npmjs.org/foreground-child set size:undefined disposed:false
1765 silly fetch manifest package-json-from-dist@^1.0.0
1766 silly packumentCache full:https://registry.npmjs.org/package-json-from-dist cache-miss
1767 http fetch GET 200 https://registry.npmjs.org/package-json-from-dist 117ms (cache miss)
1768 silly packumentCache full:https://registry.npmjs.org/package-json-from-dist set size:undefined disposed:false
1769 silly fetch manifest @istanbuljs/schema@^0.1.3
1770 silly packumentCache full:https://registry.npmjs.org/@istanbuljs%2fschema cache-miss
1771 http fetch GET 200 https://registry.npmjs.org/@istanbuljs%2fschema 177ms (cache miss)
1772 silly packumentCache full:https://registry.npmjs.org/@istanbuljs%2fschema set size:undefined disposed:false
1773 silly fetch manifest semver@^7.5.4
1774 silly packumentCache full:https://registry.npmjs.org/semver cache-hit
1775 silly fetch manifest make-dir@^4.0.0
1776 silly packumentCache full:https://registry.npmjs.org/make-dir cache-miss
1777 http fetch GET 200 https://registry.npmjs.org/make-dir 172ms (cache miss)
1778 silly packumentCache full:https://registry.npmjs.org/make-dir set size:undefined disposed:false
1779 silly fetch manifest html-escaper@^2.0.0
1780 silly packumentCache full:https://registry.npmjs.org/html-escaper cache-miss
1781 http fetch GET 200 https://registry.npmjs.org/html-escaper 139ms (cache miss)
1782 silly packumentCache full:https://registry.npmjs.org/html-escaper set size:undefined disposed:false
1783 silly fetch manifest @ungap/structured-clone@^1.3.0
1784 silly packumentCache full:https://registry.npmjs.org/@ungap%2fstructured-clone cache-miss
1785 http fetch GET 200 https://registry.npmjs.org/@ungap%2fstructured-clone 146ms (cache miss)
1786 silly packumentCache full:https://registry.npmjs.org/@ungap%2fstructured-clone set size:undefined disposed:false
1787 silly fetch manifest merge-stream@^2.0.0
1788 silly packumentCache full:https://registry.npmjs.org/merge-stream cache-miss
1789 http fetch GET 200 https://registry.npmjs.org/merge-stream 144ms (cache revalidated)
1790 silly packumentCache full:https://registry.npmjs.org/merge-stream set size:22168 disposed:false
1791 silly fetch manifest supports-color@^8.1.1
1792 silly packumentCache full:https://registry.npmjs.org/supports-color cache-miss
1793 http fetch GET 200 https://registry.npmjs.org/supports-color 185ms (cache revalidated)
1794 silly packumentCache full:https://registry.npmjs.org/supports-color set size:118680 disposed:false
1795 silly fetch manifest char-regex@^1.0.2
1796 silly packumentCache full:https://registry.npmjs.org/char-regex cache-miss
1797 http fetch GET 200 https://registry.npmjs.org/char-regex 216ms (cache miss)
1798 silly packumentCache full:https://registry.npmjs.org/char-regex set size:undefined disposed:false
1799 silly fetch manifest @types/istanbul-lib-coverage@^2.0.1
1800 silly packumentCache full:https://registry.npmjs.org/@types%2fistanbul-lib-coverage cache-miss
1801 http fetch GET 200 https://registry.npmjs.org/@types%2fistanbul-lib-coverage 91ms (cache hit)
1802 silly packumentCache full:https://registry.npmjs.org/@types%2fistanbul-lib-coverage set size:18110 disposed:false
1803 silly placeDep ROOT @types/istanbul-lib-coverage@2.0.6 OK for: @jest/test-result@30.2.0 want: ^2.0.6
1804 silly placeDep ROOT babel-plugin-istanbul@7.0.1 OK for: @jest/transform@30.2.0 want: ^7.0.1
1805 silly placeDep ROOT pirates@4.0.7 OK for: @jest/transform@30.2.0 want: ^4.0.7
1806 silly placeDep ROOT write-file-atomic@5.0.1 OK for: @jest/transform@30.2.0 want: ^5.0.1
1807 silly fetch manifest @babel/helper-plugin-utils@^7.0.0
1808 silly packumentCache full:https://registry.npmjs.org/@babel%2fhelper-plugin-utils cache-miss
1809 http fetch GET 200 https://registry.npmjs.org/@babel%2fhelper-plugin-utils 162ms (cache miss)
1810 silly packumentCache full:https://registry.npmjs.org/@babel%2fhelper-plugin-utils set size:undefined disposed:false
1811 silly fetch manifest @istanbuljs/load-nyc-config@^1.0.0
1812 silly packumentCache full:https://registry.npmjs.org/@istanbuljs%2fload-nyc-config cache-miss
1813 http fetch GET 200 https://registry.npmjs.org/@istanbuljs%2fload-nyc-config 176ms (cache miss)
1814 silly packumentCache full:https://registry.npmjs.org/@istanbuljs%2fload-nyc-config set size:undefined disposed:false
1815 silly fetch manifest test-exclude@^6.0.0
1816 silly packumentCache full:https://registry.npmjs.org/test-exclude cache-miss
1817 http fetch GET 200 https://registry.npmjs.org/test-exclude 187ms (cache miss)
1818 silly packumentCache full:https://registry.npmjs.org/test-exclude set size:undefined disposed:false
1819 silly placeDep ROOT @jest/schemas@30.0.5 OK for: @jest/types@30.2.0 want: 30.0.5
1820 silly placeDep ROOT @types/istanbul-reports@3.0.4 OK for: @jest/types@30.2.0 want: ^3.0.4
1821 silly placeDep ROOT @types/yargs@17.0.35 OK for: @jest/types@30.2.0 want: ^17.0.33
1822 silly fetch manifest @sinclair/typebox@^0.34.0
1823 silly packumentCache full:https://registry.npmjs.org/@sinclair%2ftypebox cache-miss
1824 http fetch GET 200 https://registry.npmjs.org/@sinclair%2ftypebox 263ms (cache miss)
1825 silly packumentCache full:https://registry.npmjs.org/@sinclair%2ftypebox set size:undefined disposed:false
1826 silly fetch manifest @types/istanbul-lib-report@*
1827 silly packumentCache full:https://registry.npmjs.org/@types%2fistanbul-lib-report cache-miss
1828 http fetch GET 200 https://registry.npmjs.org/@types%2fistanbul-lib-report 163ms (cache miss)
1829 silly packumentCache full:https://registry.npmjs.org/@types%2fistanbul-lib-report set size:undefined disposed:false
1830 silly fetch manifest @types/yargs-parser@*
1831 silly packumentCache full:https://registry.npmjs.org/@types%2fyargs-parser cache-miss
1832 http fetch GET 200 https://registry.npmjs.org/@types%2fyargs-parser 199ms (cache miss)
1833 silly packumentCache full:https://registry.npmjs.org/@types%2fyargs-parser set size:undefined disposed:false
1834 silly placeDep ROOT @sinclair/typebox@0.34.47 OK for: @jest/schemas@30.0.5 want: ^0.34.0
1835 silly placeDep ROOT @types/istanbul-lib-report@3.0.3 OK for: @types/istanbul-reports@3.0.4 want: *
1836 silly placeDep ROOT @types/yargs-parser@21.0.3 OK for: @types/yargs@17.0.35 want: *
1837 silly placeDep ROOT type-fest@0.21.3 OK for: ansi-escapes@4.3.2 want: ^0.21.3
1838 silly placeDep ROOT @babel/helper-plugin-utils@7.28.6 OK for: babel-plugin-istanbul@7.0.1 want: ^7.0.0
1839 silly placeDep ROOT @istanbuljs/load-nyc-config@1.1.0 OK for: babel-plugin-istanbul@7.0.1 want: ^1.0.0
1840 silly placeDep ROOT @istanbuljs/schema@0.1.3 OK for: babel-plugin-istanbul@7.0.1 want: ^0.1.3
1841 silly placeDep ROOT test-exclude@6.0.0 OK for: babel-plugin-istanbul@7.0.1 want: ^6.0.0
1842 silly fetch manifest camelcase@^5.3.1
1843 silly packumentCache full:https://registry.npmjs.org/camelcase cache-miss
1844 http fetch GET 200 https://registry.npmjs.org/camelcase 95ms (cache hit)
1845 silly packumentCache full:https://registry.npmjs.org/camelcase set size:60255 disposed:false
1846 silly fetch manifest find-up@^4.1.0
1847 silly packumentCache full:https://registry.npmjs.org/find-up cache-miss
1848 http fetch GET 200 https://registry.npmjs.org/find-up 150ms (cache revalidated)
1849 silly packumentCache full:https://registry.npmjs.org/find-up set size:42620 disposed:false
1850 silly fetch manifest get-package-type@^0.1.0
1851 silly packumentCache full:https://registry.npmjs.org/get-package-type cache-miss
1852 http fetch GET 200 https://registry.npmjs.org/get-package-type 187ms (cache miss)
1853 silly packumentCache full:https://registry.npmjs.org/get-package-type set size:undefined disposed:false
1854 silly fetch manifest js-yaml@^3.13.1
1855 silly packumentCache full:https://registry.npmjs.org/js-yaml cache-miss
1856 http fetch GET 200 https://registry.npmjs.org/js-yaml 251ms (cache revalidated)
1857 silly packumentCache full:https://registry.npmjs.org/js-yaml set size:152232 disposed:false
1858 silly fetch manifest resolve-from@^5.0.0
1859 silly packumentCache full:https://registry.npmjs.org/resolve-from cache-miss
1860 http fetch GET 200 https://registry.npmjs.org/resolve-from 360ms (cache revalidated)
1861 silly packumentCache full:https://registry.npmjs.org/resolve-from set size:12911 disposed:false
1862 silly fetch manifest glob@^7.1.4
1863 silly packumentCache full:https://registry.npmjs.org/glob cache-hit
1864 silly placeDep ROOT camelcase@5.3.1 OK for: @istanbuljs/load-nyc-config@1.1.0 want: ^5.3.1
1865 silly placeDep node_modules/@istanbuljs/load-nyc-config find-up@4.1.0 OK for: @istanbuljs/load-nyc-config@1.1.0 want: ^4.1.0
1866 silly placeDep ROOT get-package-type@0.1.0 OK for: @istanbuljs/load-nyc-config@1.1.0 want: ^0.1.0
1867 silly placeDep node_modules/@istanbuljs/load-nyc-config js-yaml@3.14.2 OK for: @istanbuljs/load-nyc-config@1.1.0 want: ^3.13.1
1868 silly placeDep node_modules/@istanbuljs/load-nyc-config resolve-from@5.0.0 OK for: @istanbuljs/load-nyc-config@1.1.0 want: ^5.0.0
1869 silly fetch manifest locate-path@^5.0.0
1870 silly packumentCache full:https://registry.npmjs.org/locate-path cache-miss
1871 http fetch GET 200 https://registry.npmjs.org/locate-path 340ms (cache revalidated)
1872 silly packumentCache full:https://registry.npmjs.org/locate-path set size:31329 disposed:false
1873 silly fetch manifest argparse@^1.0.7
1874 silly packumentCache full:https://registry.npmjs.org/argparse cache-miss
1875 http fetch GET 200 https://registry.npmjs.org/argparse 380ms (cache revalidated)
1876 silly packumentCache full:https://registry.npmjs.org/argparse set size:49266 disposed:false
1877 silly placeDep ROOT pkg-dir@4.2.0 OK for: import-local@3.2.0 want: ^4.2.0
1878 silly placeDep ROOT resolve-cwd@3.0.0 OK for: import-local@3.2.0 want: ^3.0.0
1879 silly fetch manifest find-up@^4.0.0
1880 silly packumentCache full:https://registry.npmjs.org/find-up cache-hit
1881 silly placeDep node_modules/istanbul-lib-instrument semver@7.7.3 OK for: istanbul-lib-instrument@6.0.3 want: ^7.5.4
1882 silly placeDep ROOT make-dir@4.0.0 OK for: istanbul-lib-report@3.0.1 want: ^4.0.0
1883 silly fetch manifest semver@^7.5.3
1884 silly packumentCache full:https://registry.npmjs.org/semver cache-hit
1885 silly placeDep ROOT html-escaper@2.0.2 OK for: istanbul-reports@3.2.0 want: ^2.0.0
1886 silly placeDep ROOT execa@5.1.1 OK for: jest-changed-files@30.2.0 want: ^5.1.1
1887 silly fetch manifest onetime@^5.1.2
1888 silly packumentCache full:https://registry.npmjs.org/onetime cache-miss
1889 http fetch GET 200 https://registry.npmjs.org/onetime 525ms (cache revalidated)
1890 silly packumentCache full:https://registry.npmjs.org/onetime set size:30525 disposed:false
1891 silly fetch manifest is-stream@^2.0.0
1892 silly packumentCache full:https://registry.npmjs.org/is-stream cache-miss
1893 http fetch GET 200 https://registry.npmjs.org/is-stream 328ms (cache miss)
1894 silly packumentCache full:https://registry.npmjs.org/is-stream set size:undefined disposed:false
1895 silly fetch manifest get-stream@^6.0.0
1896 silly packumentCache full:https://registry.npmjs.org/get-stream cache-miss
1897 http fetch GET 200 https://registry.npmjs.org/get-stream 385ms (cache miss)
1898 silly packumentCache full:https://registry.npmjs.org/get-stream set size:undefined disposed:false
1899 silly fetch manifest signal-exit@^3.0.3
1900 silly packumentCache full:https://registry.npmjs.org/signal-exit cache-hit
1901 silly fetch manifest npm-run-path@^4.0.1
1902 silly packumentCache full:https://registry.npmjs.org/npm-run-path cache-miss
1903 http fetch GET 200 https://registry.npmjs.org/npm-run-path 478ms (cache miss)
1904 silly packumentCache full:https://registry.npmjs.org/npm-run-path set size:undefined disposed:false
1905 silly fetch manifest human-signals@^2.1.0
1906 silly packumentCache full:https://registry.npmjs.org/human-signals cache-miss
1907 http fetch GET 200 https://registry.npmjs.org/human-signals 158ms (cache miss)
1908 silly packumentCache full:https://registry.npmjs.org/human-signals set size:undefined disposed:false
1909 silly fetch manifest strip-final-newline@^2.0.0
1910 silly packumentCache full:https://registry.npmjs.org/strip-final-newline cache-miss
1911 http fetch GET 200 https://registry.npmjs.org/strip-final-newline 151ms (cache miss)
1912 silly packumentCache full:https://registry.npmjs.org/strip-final-newline set size:undefined disposed:false
1913 silly placeDep ROOT get-stream@6.0.1 OK for: execa@5.1.1 want: ^6.0.0
1914 silly placeDep ROOT human-signals@2.1.0 OK for: execa@5.1.1 want: ^2.1.0
1915 silly placeDep ROOT is-stream@2.0.1 OK for: execa@5.1.1 want: ^2.0.0
1916 silly placeDep ROOT merge-stream@2.0.0 OK for: execa@5.1.1 want: ^2.0.0
1917 silly placeDep ROOT npm-run-path@4.0.1 OK for: execa@5.1.1 want: ^4.0.1
1918 silly placeDep ROOT onetime@5.1.2 OK for: execa@5.1.1 want: ^5.1.2
1919 silly placeDep node_modules/execa signal-exit@3.0.7 OK for: execa@5.1.1 want: ^3.0.3
1920 silly placeDep ROOT strip-final-newline@2.0.0 OK for: execa@5.1.1 want: ^2.0.0
1921 silly fetch manifest mimic-fn@^2.1.0
1922 silly packumentCache full:https://registry.npmjs.org/mimic-fn cache-miss
1923 http fetch GET 200 https://registry.npmjs.org/mimic-fn 232ms (cache revalidated)
1924 silly packumentCache full:https://registry.npmjs.org/mimic-fn set size:22257 disposed:false
1925 silly placeDep ROOT yargs@17.7.2 OK for: jest-cli@30.2.0 want: ^17.7.2
1926 silly fetch manifest y18n@^5.0.5
1927 silly packumentCache full:https://registry.npmjs.org/y18n cache-miss
1928 http fetch GET 200 https://registry.npmjs.org/y18n 141ms (cache miss)
1929 silly packumentCache full:https://registry.npmjs.org/y18n set size:undefined disposed:false
1930 silly fetch manifest cliui@^8.0.1
1931 silly packumentCache full:https://registry.npmjs.org/cliui cache-miss
1932 http fetch GET 200 https://registry.npmjs.org/cliui 138ms (cache miss)
1933 silly packumentCache full:https://registry.npmjs.org/cliui set size:undefined disposed:false
1934 silly fetch manifest get-caller-file@^2.0.5
1935 silly packumentCache full:https://registry.npmjs.org/get-caller-file cache-miss
1936 http fetch GET 200 https://registry.npmjs.org/get-caller-file 192ms (cache miss)
1937 silly packumentCache full:https://registry.npmjs.org/get-caller-file set size:undefined disposed:false
1938 silly fetch manifest require-directory@^2.1.1
1939 silly packumentCache full:https://registry.npmjs.org/require-directory cache-miss
1940 http fetch GET 200 https://registry.npmjs.org/require-directory 152ms (cache miss)
1941 silly packumentCache full:https://registry.npmjs.org/require-directory set size:undefined disposed:false
1942 silly fetch manifest @babel/core@^7.27.4
1943 silly packumentCache full:https://registry.npmjs.org/@babel%2fcore cache-hit
1944 silly placeDep ROOT @jest/test-sequencer@30.2.0 OK for: jest-config@30.2.0 want: 30.2.0
1945 silly placeDep ROOT babel-jest@30.2.0 OK for: jest-config@30.2.0 want: 30.2.0
1946 silly placeDep node_modules/jest-config glob@10.5.0 OK for: jest-config@30.2.0 want: ^10.3.10
1947 silly placeDep ROOT jest-circus@30.2.0 OK for: jest-config@30.2.0 want: 30.2.0
1948 silly placeDep ROOT jest-docblock@30.2.0 OK for: jest-config@30.2.0 want: 30.2.0
1949 silly placeDep ROOT jest-environment-node@30.2.0 OK for: jest-config@30.2.0 want: 30.2.0
1950 silly fetch manifest @types/babel__core@^7.20.5
1951 silly packumentCache full:https://registry.npmjs.org/@types%2fbabel__core cache-miss
1952 http fetch GET 200 https://registry.npmjs.org/@types%2fbabel__core 174ms (cache miss)
1953 silly packumentCache full:https://registry.npmjs.org/@types%2fbabel__core set size:undefined disposed:false
1954 silly fetch manifest babel-preset-jest@30.2.0
1955 silly packumentCache full:https://registry.npmjs.org/babel-preset-jest cache-miss
1956 http fetch GET 200 https://registry.npmjs.org/babel-preset-jest 208ms (cache miss)
1957 silly packumentCache full:https://registry.npmjs.org/babel-preset-jest set size:undefined disposed:false
1958 silly fetch manifest @jest/expect@30.2.0
1959 silly packumentCache full:https://registry.npmjs.org/@jest%2fexpect cache-miss
1960 http fetch GET 200 https://registry.npmjs.org/@jest%2fexpect 165ms (cache miss)
1961 silly packumentCache full:https://registry.npmjs.org/@jest%2fexpect set size:undefined disposed:false
1962 silly fetch manifest co@^4.6.0
1963 silly packumentCache full:https://registry.npmjs.org/co cache-miss
1964 http fetch GET 200 https://registry.npmjs.org/co 140ms (cache miss)
1965 silly packumentCache full:https://registry.npmjs.org/co set size:undefined disposed:false
1966 silly fetch manifest dedent@^1.6.0
1967 silly packumentCache full:https://registry.npmjs.org/dedent cache-miss
1968 http fetch GET 200 https://registry.npmjs.org/dedent 208ms (cache miss)
1969 silly packumentCache full:https://registry.npmjs.org/dedent set size:undefined disposed:false
1970 silly fetch manifest is-generator-fn@^2.1.0
1971 silly packumentCache full:https://registry.npmjs.org/is-generator-fn cache-miss
1972 http fetch GET 200 https://registry.npmjs.org/is-generator-fn 143ms (cache miss)
1973 silly packumentCache full:https://registry.npmjs.org/is-generator-fn set size:undefined disposed:false
1974 silly fetch manifest jest-each@30.2.0
1975 silly packumentCache full:https://registry.npmjs.org/jest-each cache-miss
1976 http fetch GET 200 https://registry.npmjs.org/jest-each 178ms (cache miss)
1977 silly packumentCache full:https://registry.npmjs.org/jest-each set size:undefined disposed:false
1978 silly fetch manifest pure-rand@^7.0.0
1979 silly packumentCache full:https://registry.npmjs.org/pure-rand cache-miss
1980 http fetch GET 200 https://registry.npmjs.org/pure-rand 169ms (cache miss)
1981 silly packumentCache full:https://registry.npmjs.org/pure-rand set size:undefined disposed:false
1982 silly fetch manifest detect-newline@^3.1.0
1983 silly packumentCache full:https://registry.npmjs.org/detect-newline cache-miss
1984 http fetch GET 200 https://registry.npmjs.org/detect-newline 161ms (cache miss)
1985 silly packumentCache full:https://registry.npmjs.org/detect-newline set size:undefined disposed:false
1986 silly fetch manifest @babel/core@^7.11.0 || ^8.0.0-0
1987 silly packumentCache full:https://registry.npmjs.org/@babel%2fcore cache-hit
1988 silly placeDep ROOT @types/babel__core@7.20.5 OK for: babel-jest@30.2.0 want: ^7.20.5
1989 silly placeDep ROOT babel-preset-jest@30.2.0 OK for: babel-jest@30.2.0 want: 30.2.0
1990 silly fetch manifest @babel/types@^7.20.7
1991 silly packumentCache full:https://registry.npmjs.org/@babel%2ftypes cache-hit
1992 silly fetch manifest @types/babel__template@*
1993 silly packumentCache full:https://registry.npmjs.org/@types%2fbabel__template cache-miss
1994 http fetch GET 200 https://registry.npmjs.org/@types%2fbabel__template 416ms (cache miss)
1995 silly packumentCache full:https://registry.npmjs.org/@types%2fbabel__template set size:undefined disposed:false
1996 silly fetch manifest @types/babel__traverse@*
1997 silly packumentCache full:https://registry.npmjs.org/@types%2fbabel__traverse cache-miss
1998 http fetch GET 200 https://registry.npmjs.org/@types%2fbabel__traverse 704ms (cache miss)
1999 silly packumentCache full:https://registry.npmjs.org/@types%2fbabel__traverse set size:undefined disposed:false
2000 silly fetch manifest @types/babel__generator@*
2001 silly packumentCache full:https://registry.npmjs.org/@types%2fbabel__generator cache-miss
2002 http fetch GET 200 https://registry.npmjs.org/@types%2fbabel__generator 301ms (cache miss)
2003 silly packumentCache full:https://registry.npmjs.org/@types%2fbabel__generator set size:undefined disposed:false
2004 silly fetch manifest babel-plugin-jest-hoist@30.2.0
2005 silly packumentCache full:https://registry.npmjs.org/babel-plugin-jest-hoist cache-miss
2006 http fetch GET 200 https://registry.npmjs.org/babel-plugin-jest-hoist 793ms (cache miss)
2007 silly packumentCache full:https://registry.npmjs.org/babel-plugin-jest-hoist set size:undefined disposed:false
2008 silly placeDep node_modules/@types/babel__core @babel/types@7.28.6 OK for: @types/babel__core@7.20.5 want: ^7.20.7
2009 silly placeDep ROOT @types/babel__generator@7.27.0 OK for: @types/babel__core@7.20.5 want: *
2010 silly placeDep ROOT @types/babel__template@7.4.4 OK for: @types/babel__core@7.20.5 want: *
2011 silly placeDep ROOT @types/babel__traverse@7.28.0 OK for: @types/babel__core@7.20.5 want: *
2012 silly fetch manifest @babel/helper-string-parser@^7.27.1
2013 silly packumentCache full:https://registry.npmjs.org/@babel%2fhelper-string-parser cache-miss
2014 http fetch GET 200 https://registry.npmjs.org/@babel%2fhelper-string-parser 677ms (cache revalidated)
2015 silly packumentCache full:https://registry.npmjs.org/@babel%2fhelper-string-parser set size:76579 disposed:false
2016 silly fetch manifest @babel/types@^7.0.0
2017 silly packumentCache full:https://registry.npmjs.org/@babel%2ftypes cache-hit
2018 silly fetch manifest @babel/types@^7.28.2
2019 silly packumentCache full:https://registry.npmjs.org/@babel%2ftypes cache-hit
2020 silly placeDep node_modules/@types/babel__generator @babel/types@7.28.6 OK for: @types/babel__generator@7.27.0 want: ^7.0.0
2021 silly placeDep node_modules/@types/babel__template @babel/types@7.28.6 OK for: @types/babel__template@7.4.4 want: ^7.0.0
2022 silly placeDep node_modules/@types/babel__traverse @babel/types@7.28.6 OK for: @types/babel__traverse@7.28.0 want: ^7.28.2
2023 silly fetch manifest @babel/core@^7.11.0 || ^8.0.0-beta.1
2024 silly packumentCache full:https://registry.npmjs.org/@babel%2fcore cache-hit
2025 silly placeDep ROOT babel-plugin-jest-hoist@30.2.0 OK for: babel-preset-jest@30.2.0 want: 30.2.0
2026 silly placeDep ROOT babel-preset-current-node-syntax@1.2.0 OK for: babel-preset-jest@30.2.0 want: ^1.2.0
2027 silly fetch manifest @babel/plugin-syntax-async-generators@^7.8.4
2028 silly packumentCache full:https://registry.npmjs.org/@babel%2fplugin-syntax-async-generators cache-miss
2029 http fetch GET 200 https://registry.npmjs.org/@babel%2fplugin-syntax-async-generators 356ms (cache miss)
2030 silly packumentCache full:https://registry.npmjs.org/@babel%2fplugin-syntax-async-generators set size:undefined disposed:false
2031 silly fetch manifest @babel/plugin-syntax-bigint@^7.8.3
2032 silly packumentCache full:https://registry.npmjs.org/@babel%2fplugin-syntax-bigint cache-miss
2033 http fetch GET 200 https://registry.npmjs.org/@babel%2fplugin-syntax-bigint 174ms (cache miss)
2034 silly packumentCache full:https://registry.npmjs.org/@babel%2fplugin-syntax-bigint set size:undefined disposed:false
2035 silly fetch manifest @babel/plugin-syntax-class-properties@^7.12.13
2036 silly packumentCache full:https://registry.npmjs.org/@babel%2fplugin-syntax-class-properties cache-miss
2037 http fetch GET 200 https://registry.npmjs.org/@babel%2fplugin-syntax-class-properties 149ms (cache miss)
2038 silly packumentCache full:https://registry.npmjs.org/@babel%2fplugin-syntax-class-properties set size:undefined disposed:false
2039 silly fetch manifest @babel/plugin-syntax-class-static-block@^7.14.5
2040 silly packumentCache full:https://registry.npmjs.org/@babel%2fplugin-syntax-class-static-block cache-miss
2041 http fetch GET 200 https://registry.npmjs.org/@babel%2fplugin-syntax-class-static-block 154ms (cache miss)
2042 silly packumentCache full:https://registry.npmjs.org/@babel%2fplugin-syntax-class-static-block set size:undefined disposed:false
2043 silly fetch manifest @babel/plugin-syntax-import-attributes@^7.24.7
2044 silly packumentCache full:https://registry.npmjs.org/@babel%2fplugin-syntax-import-attributes cache-miss
2045 http fetch GET 200 https://registry.npmjs.org/@babel%2fplugin-syntax-import-attributes 342ms (cache miss)
2046 silly packumentCache full:https://registry.npmjs.org/@babel%2fplugin-syntax-import-attributes set size:undefined disposed:false
2047 silly fetch manifest @babel/plugin-syntax-import-meta@^7.10.4
2048 silly packumentCache full:https://registry.npmjs.org/@babel%2fplugin-syntax-import-meta cache-miss
2049 http fetch GET 200 https://registry.npmjs.org/@babel%2fplugin-syntax-import-meta 172ms (cache miss)
2050 silly packumentCache full:https://registry.npmjs.org/@babel%2fplugin-syntax-import-meta set size:undefined disposed:false
2051 silly fetch manifest @babel/plugin-syntax-json-strings@^7.8.3
2052 silly packumentCache full:https://registry.npmjs.org/@babel%2fplugin-syntax-json-strings cache-miss
2053 http fetch GET 200 https://registry.npmjs.org/@babel%2fplugin-syntax-json-strings 164ms (cache miss)
2054 silly packumentCache full:https://registry.npmjs.org/@babel%2fplugin-syntax-json-strings set size:undefined disposed:false
2055 silly fetch manifest @babel/plugin-syntax-logical-assignment-operators@^7.10.4
2056 silly packumentCache full:https://registry.npmjs.org/@babel%2fplugin-syntax-logical-assignment-operators cache-miss
2057 http fetch GET 200 https://registry.npmjs.org/@babel%2fplugin-syntax-logical-assignment-operators 157ms (cache miss)
2058 silly packumentCache full:https://registry.npmjs.org/@babel%2fplugin-syntax-logical-assignment-operators set size:undefined disposed:false
2059 silly fetch manifest @babel/plugin-syntax-nullish-coalescing-operator@^7.8.3
2060 silly packumentCache full:https://registry.npmjs.org/@babel%2fplugin-syntax-nullish-coalescing-operator cache-miss
2061 http fetch GET 200 https://registry.npmjs.org/@babel%2fplugin-syntax-nullish-coalescing-operator 158ms (cache miss)
2062 silly packumentCache full:https://registry.npmjs.org/@babel%2fplugin-syntax-nullish-coalescing-operator set size:undefined disposed:false
2063 silly fetch manifest @babel/plugin-syntax-numeric-separator@^7.10.4
2064 silly packumentCache full:https://registry.npmjs.org/@babel%2fplugin-syntax-numeric-separator cache-miss
2065 http fetch GET 200 https://registry.npmjs.org/@babel%2fplugin-syntax-numeric-separator 167ms (cache miss)
2066 silly packumentCache full:https://registry.npmjs.org/@babel%2fplugin-syntax-numeric-separator set size:undefined disposed:false
2067 silly fetch manifest @babel/plugin-syntax-object-rest-spread@^7.8.3
2068 silly packumentCache full:https://registry.npmjs.org/@babel%2fplugin-syntax-object-rest-spread cache-miss
2069 http fetch GET 200 https://registry.npmjs.org/@babel%2fplugin-syntax-object-rest-spread 148ms (cache miss)
2070 silly packumentCache full:https://registry.npmjs.org/@babel%2fplugin-syntax-object-rest-spread set size:undefined disposed:false
2071 silly fetch manifest @babel/plugin-syntax-optional-catch-binding@^7.8.3
2072 silly packumentCache full:https://registry.npmjs.org/@babel%2fplugin-syntax-optional-catch-binding cache-miss
2073 http fetch GET 200 https://registry.npmjs.org/@babel%2fplugin-syntax-optional-catch-binding 161ms (cache miss)
2074 silly packumentCache full:https://registry.npmjs.org/@babel%2fplugin-syntax-optional-catch-binding set size:undefined disposed:false
2075 silly fetch manifest @babel/plugin-syntax-optional-chaining@^7.8.3
2076 silly packumentCache full:https://registry.npmjs.org/@babel%2fplugin-syntax-optional-chaining cache-miss
2077 http fetch GET 200 https://registry.npmjs.org/@babel%2fplugin-syntax-optional-chaining 203ms (cache miss)
2078 silly packumentCache full:https://registry.npmjs.org/@babel%2fplugin-syntax-optional-chaining set size:undefined disposed:false
2079 silly fetch manifest @babel/plugin-syntax-private-property-in-object@^7.14.5
2080 silly packumentCache full:https://registry.npmjs.org/@babel%2fplugin-syntax-private-property-in-object cache-miss
2081 http fetch GET 200 https://registry.npmjs.org/@babel%2fplugin-syntax-private-property-in-object 161ms (cache miss)
2082 silly packumentCache full:https://registry.npmjs.org/@babel%2fplugin-syntax-private-property-in-object set size:undefined disposed:false
2083 silly fetch manifest @babel/plugin-syntax-top-level-await@^7.14.5
2084 silly packumentCache full:https://registry.npmjs.org/@babel%2fplugin-syntax-top-level-await cache-miss
2085 http fetch GET 200 https://registry.npmjs.org/@babel%2fplugin-syntax-top-level-await 174ms (cache miss)
2086 silly packumentCache full:https://registry.npmjs.org/@babel%2fplugin-syntax-top-level-await set size:undefined disposed:false
2087 silly fetch manifest @babel/core@^7.0.0 || ^8.0.0-0
2088 silly packumentCache full:https://registry.npmjs.org/@babel%2fcore cache-hit
2089 silly placeDep ROOT @babel/plugin-syntax-async-generators@7.8.4 OK for: babel-preset-current-node-syntax@1.2.0 want: ^7.8.4
2090 silly placeDep ROOT @babel/plugin-syntax-bigint@7.8.3 OK for: babel-preset-current-node-syntax@1.2.0 want: ^7.8.3
2091 silly placeDep ROOT @babel/plugin-syntax-class-properties@7.12.13 OK for: babel-preset-current-node-syntax@1.2.0 want: ^7.12.13
2092 silly placeDep ROOT @babel/plugin-syntax-class-static-block@7.14.5 OK for: babel-preset-current-node-syntax@1.2.0 want: ^7.14.5
2093 silly placeDep ROOT @babel/plugin-syntax-import-attributes@7.28.6 OK for: babel-preset-current-node-syntax@1.2.0 want: ^7.24.7
2094 silly placeDep ROOT @babel/plugin-syntax-import-meta@7.10.4 OK for: babel-preset-current-node-syntax@1.2.0 want: ^7.10.4
2095 silly placeDep ROOT @babel/plugin-syntax-json-strings@7.8.3 OK for: babel-preset-current-node-syntax@1.2.0 want: ^7.8.3
2096 silly placeDep ROOT @babel/plugin-syntax-logical-assignment-operators@7.10.4 OK for: babel-preset-current-node-syntax@1.2.0 want: ^7.10.4
2097 silly placeDep ROOT @babel/plugin-syntax-nullish-coalescing-operator@7.8.3 OK for: babel-preset-current-node-syntax@1.2.0 want: ^7.8.3
2098 silly placeDep ROOT @babel/plugin-syntax-numeric-separator@7.10.4 OK for: babel-preset-current-node-syntax@1.2.0 want: ^7.10.4
2099 silly placeDep ROOT @babel/plugin-syntax-object-rest-spread@7.8.3 OK for: babel-preset-current-node-syntax@1.2.0 want: ^7.8.3
2100 silly placeDep ROOT @babel/plugin-syntax-optional-catch-binding@7.8.3 OK for: babel-preset-current-node-syntax@1.2.0 want: ^7.8.3
2101 silly placeDep ROOT @babel/plugin-syntax-optional-chaining@7.8.3 OK for: babel-preset-current-node-syntax@1.2.0 want: ^7.8.3
2102 silly placeDep ROOT @babel/plugin-syntax-private-property-in-object@7.14.5 OK for: babel-preset-current-node-syntax@1.2.0 want: ^7.14.5
2103 silly placeDep ROOT @babel/plugin-syntax-top-level-await@7.14.5 OK for: babel-preset-current-node-syntax@1.2.0 want: ^7.14.5
2104 silly fetch manifest babel-plugin-macros@^3.1.0
2105 silly packumentCache full:https://registry.npmjs.org/babel-plugin-macros cache-miss
2106 http fetch GET 200 https://registry.npmjs.org/babel-plugin-macros 499ms (cache miss)
2107 silly packumentCache full:https://registry.npmjs.org/babel-plugin-macros set size:undefined disposed:false
2108 silly placeDep ROOT @jest/environment@30.2.0 OK for: jest-circus@30.2.0 want: 30.2.0
2109 silly placeDep ROOT @jest/expect@30.2.0 OK for: jest-circus@30.2.0 want: 30.2.0
2110 silly placeDep ROOT co@4.6.0 OK for: jest-circus@30.2.0 want: ^4.6.0
2111 silly placeDep ROOT dedent@1.7.1 OK for: jest-circus@30.2.0 want: ^1.6.0
2112 silly placeDep ROOT is-generator-fn@2.1.0 OK for: jest-circus@30.2.0 want: ^2.1.0
2113 silly placeDep ROOT jest-each@30.2.0 OK for: jest-circus@30.2.0 want: 30.2.0
2114 silly placeDep ROOT pure-rand@7.0.1 OK for: jest-circus@30.2.0 want: ^7.0.0
2115 silly placeDep ROOT stack-utils@2.0.6 OK for: jest-circus@30.2.0 want: ^2.0.6
2116 silly fetch manifest escape-string-regexp@^2.0.0
2117 silly packumentCache full:https://registry.npmjs.org/escape-string-regexp cache-miss
2118 http fetch GET 200 https://registry.npmjs.org/escape-string-regexp 753ms (cache revalidated)
2119 silly packumentCache full:https://registry.npmjs.org/escape-string-regexp set size:22244 disposed:false
2120 silly placeDep ROOT @jest/fake-timers@30.2.0 OK for: @jest/environment@30.2.0 want: 30.2.0
2121 silly fetch manifest @sinonjs/fake-timers@^13.0.0
2122 silly packumentCache full:https://registry.npmjs.org/@sinonjs%2ffake-timers cache-miss
2123 http fetch GET 200 https://registry.npmjs.org/@sinonjs%2ffake-timers 774ms (cache miss)
2124 silly packumentCache full:https://registry.npmjs.org/@sinonjs%2ffake-timers set size:undefined disposed:false
2125 silly placeDep ROOT @sinonjs/fake-timers@13.0.5 OK for: @jest/fake-timers@30.2.0 want: ^13.0.0
2126 silly fetch manifest @sinonjs/commons@^3.0.1
2127 silly packumentCache full:https://registry.npmjs.org/@sinonjs%2fcommons cache-miss
2128 http fetch GET 200 https://registry.npmjs.org/@sinonjs%2fcommons 335ms (cache miss)
2129 silly packumentCache full:https://registry.npmjs.org/@sinonjs%2fcommons set size:undefined disposed:false
2130 silly placeDep ROOT @sinonjs/commons@3.0.1 OK for: @sinonjs/fake-timers@13.0.5 want: ^3.0.1
2131 silly fetch manifest type-detect@4.0.8
2132 silly packumentCache full:https://registry.npmjs.org/type-detect cache-miss
2133 http fetch GET 200 https://registry.npmjs.org/type-detect 318ms (cache miss)
2134 silly packumentCache full:https://registry.npmjs.org/type-detect set size:undefined disposed:false
2135 silly placeDep ROOT type-detect@4.0.8 OK for: @sinonjs/commons@3.0.1 want: 4.0.8
2136 silly placeDep ROOT detect-newline@3.1.0 OK for: jest-docblock@30.2.0 want: ^3.1.0
2137 silly placeDep ROOT anymatch@3.1.3 OK for: jest-haste-map@30.2.0 want: ^3.1.3
2138 silly placeDep ROOT fb-watchman@2.0.2 OK for: jest-haste-map@30.2.0 want: ^2.0.2
2139 silly placeDep ROOT fsevents@2.3.3 OK for: jest-haste-map@30.2.0 want: ^2.3.3
2140 silly placeDep ROOT walker@1.0.8 OK for: jest-haste-map@30.2.0 want: ^1.0.8
2141 silly fetch manifest normalize-path@^3.0.0
2142 silly packumentCache full:https://registry.npmjs.org/normalize-path cache-miss
2143 http fetch GET 200 https://registry.npmjs.org/normalize-path 278ms (cache miss)
2144 silly packumentCache full:https://registry.npmjs.org/normalize-path set size:undefined disposed:false
2145 silly fetch manifest bser@2.1.1
2146 silly packumentCache full:https://registry.npmjs.org/bser cache-miss
2147 http fetch GET 200 https://registry.npmjs.org/bser 262ms (cache miss)
2148 silly packumentCache full:https://registry.npmjs.org/bser set size:undefined disposed:false
2149 silly fetch manifest makeerror@1.0.12
2150 silly packumentCache full:https://registry.npmjs.org/makeerror cache-miss
2151 http fetch GET 200 https://registry.npmjs.org/makeerror 263ms (cache miss)
2152 silly packumentCache full:https://registry.npmjs.org/makeerror set size:undefined disposed:false
2153 silly placeDep ROOT normalize-path@3.0.0 OK for: anymatch@3.1.3 want: ^3.0.0
2154 silly placeDep ROOT bser@2.1.1 OK for: fb-watchman@2.0.2 want: 2.1.1
2155 silly fetch manifest node-int64@^0.4.0
2156 silly packumentCache full:https://registry.npmjs.org/node-int64 cache-miss
2157 http fetch GET 200 https://registry.npmjs.org/node-int64 313ms (cache miss)
2158 silly packumentCache full:https://registry.npmjs.org/node-int64 set size:undefined disposed:false
2159 silly placeDep ROOT node-int64@0.4.0 OK for: bser@2.1.1 want: ^0.4.0
2160 silly placeDep ROOT jest-diff@30.2.0 OK for: jest-matcher-utils@30.2.0 want: 30.2.0
2161 silly fetch manifest @jest/diff-sequences@30.0.1
2162 silly packumentCache full:https://registry.npmjs.org/@jest%2fdiff-sequences cache-miss
2163 http fetch GET 200 https://registry.npmjs.org/@jest%2fdiff-sequences 267ms (cache miss)
2164 silly packumentCache full:https://registry.npmjs.org/@jest%2fdiff-sequences set size:undefined disposed:false
2165 silly placeDep ROOT @jest/diff-sequences@30.0.1 OK for: jest-diff@30.2.0 want: 30.0.1
2166 silly placeDep ROOT @types/stack-utils@2.0.3 OK for: jest-message-util@30.2.0 want: ^2.0.3
2167 silly fetch manifest jest-resolve@*
2168 silly packumentCache full:https://registry.npmjs.org/jest-resolve cache-miss
2169 http fetch GET 200 https://registry.npmjs.org/jest-resolve 134ms (cache hit)
2170 silly packumentCache full:https://registry.npmjs.org/jest-resolve set size:654149 disposed:false
2171 silly placeDep ROOT jest-pnp-resolver@1.2.3 OK for: jest-resolve@30.2.0 want: ^1.2.3
2172 silly placeDep ROOT emittery@0.13.1 OK for: jest-runner@30.2.0 want: ^0.13.1
2173 silly placeDep ROOT jest-leak-detector@30.2.0 OK for: jest-runner@30.2.0 want: 30.2.0
2174 silly placeDep node_modules/jest-runner source-map-support@0.5.13 OK for: jest-runner@30.2.0 want: 0.5.13
2175 silly placeDep ROOT @jest/globals@30.2.0 OK for: jest-runtime@30.2.0 want: 30.2.0
2176 silly placeDep ROOT @jest/source-map@30.0.1 OK for: jest-runtime@30.2.0 want: 30.0.1
2177 silly placeDep ROOT cjs-module-lexer@2.2.0 OK for: jest-runtime@30.2.0 want: ^2.1.0
2178 silly placeDep node_modules/jest-runtime glob@10.5.0 OK for: jest-runtime@30.2.0 want: ^10.3.10
2179 silly placeDep node_modules/jest-runtime strip-bom@4.0.0 OK for: jest-runtime@30.2.0 want: ^4.0.0
2180 silly placeDep ROOT @babel/plugin-syntax-jsx@7.28.6 OK for: jest-snapshot@30.2.0 want: ^7.27.1
2181 silly placeDep ROOT @babel/plugin-syntax-typescript@7.28.6 OK for: jest-snapshot@30.2.0 want: ^7.27.1
2182 silly placeDep node_modules/jest-snapshot @babel/types@7.28.6 OK for: jest-snapshot@30.2.0 want: ^7.27.3
2183 silly placeDep ROOT @jest/snapshot-utils@30.2.0 OK for: jest-snapshot@30.2.0 want: 30.2.0
2184 silly placeDep node_modules/jest-snapshot semver@7.7.3 OK for: jest-snapshot@30.2.0 want: ^7.7.2
2185 silly placeDep node_modules/jest-util picomatch@4.0.3 OK for: jest-util@30.2.0 want: ^4.0.2
2186 silly placeDep node_modules/jest-validate camelcase@6.3.0 OK for: jest-validate@30.2.0 want: ^6.3.0
2187 silly placeDep ROOT leven@3.1.0 OK for: jest-validate@30.2.0 want: ^3.1.0
2188 silly placeDep ROOT @ungap/structured-clone@1.3.0 OK for: jest-worker@30.2.0 want: ^1.3.0
2189 silly placeDep node_modules/jest-worker supports-color@8.1.1 OK for: jest-worker@30.2.0 want: ^8.1.1
2190 silly placeDep node_modules/make-dir semver@7.7.3 OK for: make-dir@4.0.0 want: ^7.5.3
2191 silly placeDep ROOT fs-monkey@1.1.0 OK for: memfs@3.5.3 want: ^1.0.4
2192 silly placeDep ROOT mime-db@1.54.0 OK for: mime-types@3.0.2 want: ^1.54.0
2193 silly placeDep ROOT append-field@1.0.0 OK for: multer@2.0.2 want: ^1.0.0
2194 silly placeDep ROOT busboy@1.6.0 OK for: multer@2.0.2 want: ^1.6.0
2195 silly placeDep ROOT concat-stream@2.0.0 OK for: multer@2.0.2 want: ^2.0.0
2196 silly placeDep ROOT mkdirp@0.5.6 OK for: multer@2.0.2 want: ^0.5.6
2197 silly placeDep node_modules/multer type-is@1.6.18 OK for: multer@2.0.2 want: ^1.6.18
2198 silly placeDep ROOT xtend@4.0.2 OK for: multer@2.0.2 want: ^4.0.2
2199 silly fetch manifest streamsearch@^1.1.0
2200 silly packumentCache full:https://registry.npmjs.org/streamsearch cache-miss
2201 http fetch GET 200 https://registry.npmjs.org/streamsearch 185ms (cache miss)
2202 silly packumentCache full:https://registry.npmjs.org/streamsearch set size:undefined disposed:false
2203 silly fetch manifest readable-stream@^3.0.2
2204 silly packumentCache full:https://registry.npmjs.org/readable-stream cache-miss
2205 http fetch GET 200 https://registry.npmjs.org/readable-stream 183ms (cache revalidated)
2206 silly packumentCache full:https://registry.npmjs.org/readable-stream set size:261096 disposed:false
2207 silly fetch manifest typedarray@^0.0.6
2208 silly packumentCache full:https://registry.npmjs.org/typedarray cache-miss
2209 http fetch GET 200 https://registry.npmjs.org/typedarray 161ms (cache miss)
2210 silly packumentCache full:https://registry.npmjs.org/typedarray set size:undefined disposed:false
2211 silly fetch manifest mime-types@~2.1.24
2212 silly packumentCache full:https://registry.npmjs.org/mime-types cache-hit
2213 silly fetch manifest media-typer@0.3.0
2214 silly packumentCache full:https://registry.npmjs.org/media-typer cache-miss
2215 http fetch GET 200 https://registry.npmjs.org/media-typer 113ms (cache hit)
2216 silly packumentCache full:https://registry.npmjs.org/media-typer set size:20873 disposed:false
2217 silly placeDep ROOT streamsearch@1.1.0 OK for: busboy@1.6.0 want: ^1.1.0
2218 silly placeDep ROOT buffer-from@1.1.2 OK for: concat-stream@2.0.0 want: ^1.0.0
2219 silly placeDep ROOT readable-stream@3.6.2 OK for: concat-stream@2.0.0 want: ^3.0.2
2220 silly placeDep ROOT typedarray@0.0.6 OK for: concat-stream@2.0.0 want: ^0.0.6
2221 silly fetch manifest string_decoder@^1.1.1
2222 silly packumentCache full:https://registry.npmjs.org/string_decoder cache-miss
2223 http fetch GET 200 https://registry.npmjs.org/string_decoder 173ms (cache revalidated)
2224 silly packumentCache full:https://registry.npmjs.org/string_decoder set size:28441 disposed:false
2225 silly fetch manifest util-deprecate@^1.0.1
2226 silly packumentCache full:https://registry.npmjs.org/util-deprecate cache-miss
2227 http fetch GET 200 https://registry.npmjs.org/util-deprecate 155ms (cache revalidated)
2228 silly packumentCache full:https://registry.npmjs.org/util-deprecate set size:6674 disposed:false
2229 silly placeDep ROOT lodash@4.17.21 OK for: node-emoji@1.11.0 want: ^4.17.21
2230 silly placeDep ROOT ee-first@1.1.1 OK for: on-finished@2.4.1 want: 1.1.1
2231 silly placeDep ROOT wrappy@1.0.2 OK for: once@1.4.0 want: 1
2232 silly placeDep ROOT mimic-fn@2.1.0 OK for: onetime@5.1.2 want: ^2.1.0
2233 silly placeDep ROOT bl@4.1.0 OK for: ora@5.4.1 want: ^4.1.0
2234 silly placeDep ROOT cli-cursor@3.1.0 OK for: ora@5.4.1 want: ^3.1.0
2235 silly placeDep ROOT cli-spinners@2.9.2 OK for: ora@5.4.1 want: ^2.5.0
2236 silly placeDep ROOT is-interactive@1.0.0 OK for: ora@5.4.1 want: ^1.0.0
2237 silly placeDep ROOT is-unicode-supported@0.1.0 OK for: ora@5.4.1 want: ^0.1.0
2238 silly placeDep ROOT log-symbols@4.1.0 OK for: ora@5.4.1 want: ^4.1.0
2239 silly placeDep ROOT strip-ansi@6.0.1 OK for: ora@5.4.1 want: ^6.0.0
2240 silly placeDep ROOT wcwidth@1.0.1 OK for: ora@5.4.1 want: ^1.0.1
2241 silly fetch manifest buffer@^5.5.0
2242 silly packumentCache full:https://registry.npmjs.org/buffer cache-miss
2243 http fetch GET 200 https://registry.npmjs.org/buffer 166ms (cache revalidated)
2244 silly packumentCache full:https://registry.npmjs.org/buffer set size:280480 disposed:false
2245 silly fetch manifest restore-cursor@^3.1.0
2246 silly packumentCache full:https://registry.npmjs.org/restore-cursor cache-miss
2247 http fetch GET 200 https://registry.npmjs.org/restore-cursor 156ms (cache revalidated)
2248 silly packumentCache full:https://registry.npmjs.org/restore-cursor set size:17895 disposed:false
2249 silly fetch manifest ansi-regex@^5.0.1
2250 silly packumentCache full:https://registry.npmjs.org/ansi-regex cache-miss
2251 http fetch GET 200 https://registry.npmjs.org/ansi-regex 167ms (cache revalidated)
2252 silly packumentCache full:https://registry.npmjs.org/ansi-regex set size:43572 disposed:false
2253 silly fetch manifest defaults@^1.0.3
2254 silly packumentCache full:https://registry.npmjs.org/defaults cache-miss
2255 http fetch GET 200 https://registry.npmjs.org/defaults 166ms (cache revalidated)
2256 silly packumentCache full:https://registry.npmjs.org/defaults set size:18134 disposed:false
2257 silly placeDep ROOT buffer@5.7.1 OK for: bl@4.1.0 want: ^5.5.0
2258 silly fetch manifest base64-js@^1.3.1
2259 silly packumentCache full:https://registry.npmjs.org/base64-js cache-miss
2260 http fetch GET 200 https://registry.npmjs.org/base64-js 172ms (cache revalidated)
2261 silly packumentCache full:https://registry.npmjs.org/base64-js set size:41270 disposed:false
2262 silly fetch manifest ieee754@^1.1.13
2263 silly packumentCache full:https://registry.npmjs.org/ieee754 cache-hit
2264 silly placeDep ROOT base64-js@1.5.1 OK for: buffer@5.7.1 want: ^1.3.1
2265 silly placeDep ROOT ieee754@1.2.1 OK for: buffer@5.7.1 want: ^1.1.13
2266 silly placeDep ROOT restore-cursor@3.1.0 OK for: cli-cursor@3.1.0 want: ^3.1.0
2267 silly fetch manifest signal-exit@^3.0.2
2268 silly packumentCache full:https://registry.npmjs.org/signal-exit cache-hit
2269 silly placeDep ROOT error-ex@1.3.4 OK for: parse-json@5.2.0 want: ^1.3.1
2270 silly placeDep ROOT json-parse-even-better-errors@2.3.1 OK for: parse-json@5.2.0 want: ^2.3.0
2271 silly placeDep ROOT lines-and-columns@1.2.4 OK for: parse-json@5.2.0 want: ^1.1.6
2272 silly fetch manifest is-arrayish@^0.2.1
2273 silly packumentCache full:https://registry.npmjs.org/is-arrayish cache-miss
2274 http fetch GET 200 https://registry.npmjs.org/is-arrayish 287ms (cache revalidated)
2275 silly packumentCache full:https://registry.npmjs.org/is-arrayish set size:15371 disposed:false
2276 silly placeDep ROOT is-arrayish@0.2.1 OK for: error-ex@1.3.4 want: ^0.2.1
2277 silly placeDep node_modules/path-scurry lru-cache@11.2.4 OK for: path-scurry@2.0.1 want: ^11.0.0
2278 silly placeDep node_modules/pkg-dir find-up@4.1.0 OK for: pkg-dir@4.2.0 want: ^4.0.0
2279 silly placeDep ROOT fast-diff@1.3.0 OK for: prettier-linter-helpers@1.0.1 want: ^1.1.2
2280 silly placeDep node_modules/pretty-format ansi-styles@5.2.0 OK for: pretty-format@30.2.0 want: ^5.2.0
2281 silly placeDep node_modules/pretty-format react-is@18.3.1 OK for: pretty-format@30.2.0 want: ^18.3.1
2282 silly placeDep ROOT forwarded@0.2.0 OK for: proxy-addr@2.0.7 want: 0.2.0
2283 silly placeDep ROOT ipaddr.js@1.9.1 OK for: proxy-addr@2.0.7 want: 1.9.1
2284 silly placeDep ROOT unpipe@1.0.0 OK for: raw-body@3.0.2 want: ~1.0.0
2285 silly placeDep ROOT string_decoder@1.3.0 OK for: readable-stream@3.6.2 want: ^1.1.1
2286 silly placeDep ROOT util-deprecate@1.0.2 OK for: readable-stream@3.6.2 want: ^1.0.1
2287 silly fetch manifest safe-buffer@~5.2.0
2288 silly packumentCache full:https://registry.npmjs.org/safe-buffer cache-miss
2289 http fetch GET 200 https://registry.npmjs.org/safe-buffer 655ms (cache revalidated)
2290 silly packumentCache full:https://registry.npmjs.org/safe-buffer set size:41183 disposed:false
2291 silly placeDep node_modules/resolve-cwd resolve-from@5.0.0 OK for: resolve-cwd@3.0.0 want: ^5.0.0
2292 silly placeDep node_modules/restore-cursor signal-exit@3.0.7 OK for: restore-cursor@3.1.0 want: ^3.0.2
2293 silly placeDep ROOT is-promise@4.0.0 OK for: router@2.2.0 want: ^4.0.0
2294 silly fetch manifest ajv@^6.12.5
2295 silly packumentCache full:https://registry.npmjs.org/ajv cache-miss
2296 http fetch GET 200 https://registry.npmjs.org/ajv 291ms (cache hit)
2297 silly packumentCache full:https://registry.npmjs.org/ajv set size:1126055 disposed:false
2298 silly placeDep ROOT ajv-keywords@3.5.2 OK for: schema-utils@3.3.0 want: ^3.5.2
2299 silly placeDep node_modules/source-map-support source-map@0.6.1 OK for: source-map-support@0.5.21 want: ^0.6.0
2300 silly placeDep node_modules/stack-utils escape-string-regexp@2.0.0 OK for: stack-utils@2.0.6 want: ^2.0.0
2301 silly placeDep ROOT safe-buffer@5.2.1 OK for: string_decoder@1.3.0 want: ~5.2.0
2302 silly placeDep ROOT char-regex@1.0.2 OK for: string-length@4.0.2 want: ^1.0.2
2303 silly placeDep node_modules/string-width emoji-regex@8.0.0 OK for: string-width@4.2.3 want: ^8.0.0
2304 silly placeDep ROOT is-fullwidth-code-point@3.0.0 OK for: string-width@4.2.3 want: ^3.0.0
2305 silly placeDep ROOT ansi-regex@5.0.1 OK for: strip-ansi@6.0.1 want: ^5.0.1
2306 silly placeDep ROOT @tokenizer/token@0.3.0 OK for: strtok3@10.3.4 want: ^0.3.0
2307 silly placeDep ROOT methods@1.1.2 OK for: supertest@7.2.2 want: ^1.1.2
2308 silly placeDep ROOT superagent@10.3.0 OK for: supertest@7.2.2 want: ^10.3.0
2309 silly fetch manifest component-emitter@^1.3.1
2310 silly packumentCache full:https://registry.npmjs.org/component-emitter cache-miss
2311 http fetch GET 200 https://registry.npmjs.org/component-emitter 1014ms (cache miss)
2312 silly packumentCache full:https://registry.npmjs.org/component-emitter set size:undefined disposed:false
2313 silly fetch manifest cookiejar@^2.1.4
2314 silly packumentCache full:https://registry.npmjs.org/cookiejar cache-miss
2315 http fetch GET 200 https://registry.npmjs.org/cookiejar 733ms (cache miss)
2316 silly packumentCache full:https://registry.npmjs.org/cookiejar set size:undefined disposed:false
2317 silly fetch manifest formidable@^3.5.4
2318 silly packumentCache full:https://registry.npmjs.org/formidable cache-miss
2319 http fetch GET 200 https://registry.npmjs.org/formidable 560ms (cache miss)
2320 silly packumentCache full:https://registry.npmjs.org/formidable set size:undefined disposed:false
2321 silly fetch manifest mime@2.6.0
2322 silly packumentCache full:https://registry.npmjs.org/mime cache-miss
2323 http fetch GET 200 https://registry.npmjs.org/mime 297ms (cache miss)
2324 silly packumentCache full:https://registry.npmjs.org/mime set size:undefined disposed:false
2325 silly placeDep ROOT component-emitter@1.3.1 OK for: superagent@10.3.0 want: ^1.3.1
2326 silly placeDep ROOT cookiejar@2.1.4 OK for: superagent@10.3.0 want: ^2.1.4
2327 silly placeDep ROOT formidable@3.5.4 OK for: superagent@10.3.0 want: ^3.5.4
2328 silly placeDep ROOT mime@2.6.0 OK for: superagent@10.3.0 want: 2.6.0
2329 silly fetch manifest dezalgo@^1.0.4
2330 silly packumentCache full:https://registry.npmjs.org/dezalgo cache-miss
2331 http fetch GET 200 https://registry.npmjs.org/dezalgo 374ms (cache miss)
2332 silly packumentCache full:https://registry.npmjs.org/dezalgo set size:undefined disposed:false
2333 silly fetch manifest @paralleldrive/cuid2@^2.2.2
2334 silly packumentCache full:https://registry.npmjs.org/@paralleldrive%2fcuid2 cache-miss
2335 http fetch GET 200 https://registry.npmjs.org/@paralleldrive%2fcuid2 163ms (cache miss)
2336 silly packumentCache full:https://registry.npmjs.org/@paralleldrive%2fcuid2 set size:undefined disposed:false
2337 silly placeDep ROOT @paralleldrive/cuid2@2.3.1 OK for: formidable@3.5.4 want: ^2.2.2
2338 silly placeDep ROOT dezalgo@1.0.4 OK for: formidable@3.5.4 want: ^1.0.4
2339 silly fetch manifest @noble/hashes@^1.1.5
2340 silly packumentCache full:https://registry.npmjs.org/@noble%2fhashes cache-miss
2341 http fetch GET 200 https://registry.npmjs.org/@noble%2fhashes 193ms (cache miss)
2342 silly packumentCache full:https://registry.npmjs.org/@noble%2fhashes set size:undefined disposed:false
2343 silly fetch manifest asap@^2.0.0
2344 silly packumentCache full:https://registry.npmjs.org/asap cache-miss
2345 http fetch GET 200 https://registry.npmjs.org/asap 406ms (cache miss)
2346 silly packumentCache full:https://registry.npmjs.org/asap set size:undefined disposed:false
2347 silly placeDep ROOT @noble/hashes@1.8.0 OK for: @paralleldrive/cuid2@2.3.1 want: ^1.1.5
2348 silly placeDep ROOT asap@2.0.6 OK for: dezalgo@1.0.4 want: ^2.0.0
2349 silly placeDep ROOT @pkgr/core@0.2.9 OK for: synckit@0.11.12 want: ^0.2.9
2350 silly placeDep node_modules/test-exclude glob@7.2.3 OK for: test-exclude@6.0.0 want: ^7.1.4
2351 silly fetch manifest inflight@^1.0.4
2352 silly packumentCache full:https://registry.npmjs.org/inflight cache-miss
2353 http fetch GET 200 https://registry.npmjs.org/inflight 182ms (cache miss)
2354 silly packumentCache full:https://registry.npmjs.org/inflight set size:undefined disposed:false
2355 silly fetch manifest fs.realpath@^1.0.0
2356 silly packumentCache full:https://registry.npmjs.org/fs.realpath cache-miss
2357 http fetch GET 200 https://registry.npmjs.org/fs.realpath 159ms (cache miss)
2358 silly packumentCache full:https://registry.npmjs.org/fs.realpath set size:undefined disposed:false
2359 silly fetch manifest path-is-absolute@^1.0.0
2360 silly packumentCache full:https://registry.npmjs.org/path-is-absolute cache-miss
2361 http fetch GET 200 https://registry.npmjs.org/path-is-absolute 150ms (cache miss)
2362 silly packumentCache full:https://registry.npmjs.org/path-is-absolute set size:undefined disposed:false
2363 silly placeDep ROOT @borewit/text-codec@0.2.1 OK for: token-types@6.1.2 want: ^0.2.1
2364 silly placeDep ROOT bs-logger@0.2.6 OK for: ts-jest@29.4.6 want: ^0.2.6
2365 silly placeDep ROOT handlebars@4.7.8 OK for: ts-jest@29.4.6 want: ^4.7.8
2366 silly placeDep ROOT lodash.memoize@4.1.2 OK for: ts-jest@29.4.6 want: ^4.1.2
2367 silly placeDep ROOT make-error@1.3.6 OK for: ts-jest@29.4.6 want: ^1.3.6
2368 silly placeDep node_modules/ts-jest semver@7.7.3 OK for: ts-jest@29.4.6 want: ^7.7.3
2369 silly placeDep node_modules/ts-jest type-fest@4.41.0 OK for: ts-jest@29.4.6 want: ^4.41.0
2370 silly fetch manifest source-map@^0.6.1
2371 silly packumentCache full:https://registry.npmjs.org/source-map cache-hit
2372 silly fetch manifest wordwrap@^1.0.0
2373 silly packumentCache full:https://registry.npmjs.org/wordwrap cache-miss
2374 http fetch GET 200 https://registry.npmjs.org/wordwrap 193ms (cache miss)
2375 silly packumentCache full:https://registry.npmjs.org/wordwrap set size:undefined disposed:false
2376 silly fetch manifest uglify-js@^3.1.4
2377 silly packumentCache full:https://registry.npmjs.org/uglify-js cache-miss
2378 http fetch GET 200 https://registry.npmjs.org/uglify-js 188ms (cache miss)
2379 silly packumentCache full:https://registry.npmjs.org/uglify-js set size:undefined disposed:false
2380 silly placeDep ROOT neo-async@2.6.2 OK for: handlebars@4.7.8 want: ^2.6.2
2381 silly placeDep node_modules/handlebars source-map@0.6.1 OK for: handlebars@4.7.8 want: ^0.6.1
2382 silly placeDep ROOT uglify-js@3.19.3 OK for: handlebars@4.7.8 want: ^3.1.4
2383 silly placeDep ROOT wordwrap@1.0.0 OK for: handlebars@4.7.8 want: ^1.0.0
2384 silly placeDep ROOT enhanced-resolve@5.18.4 OK for: ts-loader@9.5.4 want: ^5.0.0
2385 silly placeDep node_modules/ts-loader semver@7.7.3 OK for: ts-loader@9.5.4 want: ^7.3.4
2386 silly placeDep ROOT @cspotcode/source-map-support@0.8.1 OK for: ts-node@10.9.2 want: ^0.8.0
2387 silly placeDep ROOT @tsconfig/node10@1.0.12 OK for: ts-node@10.9.2 want: ^1.0.7
2388 silly placeDep ROOT @tsconfig/node12@1.0.11 OK for: ts-node@10.9.2 want: ^1.0.7
2389 silly placeDep ROOT @tsconfig/node14@1.0.3 OK for: ts-node@10.9.2 want: ^1.0.0
2390 silly placeDep ROOT @tsconfig/node16@1.0.4 OK for: ts-node@10.9.2 want: ^1.0.2
2391 silly placeDep ROOT acorn-walk@8.3.4 OK for: ts-node@10.9.2 want: ^8.1.1
2392 silly placeDep ROOT arg@4.1.3 OK for: ts-node@10.9.2 want: ^4.1.0
2393 silly placeDep ROOT create-require@1.1.1 OK for: ts-node@10.9.2 want: ^1.1.0
2394 silly placeDep ROOT diff@4.0.2 OK for: ts-node@10.9.2 want: ^4.0.1
2395 silly placeDep ROOT v8-compile-cache-lib@3.0.1 OK for: ts-node@10.9.2 want: ^3.0.1
2396 silly placeDep ROOT yn@3.1.1 OK for: ts-node@10.9.2 want: 3.1.1
2397 silly fetch manifest @jridgewell/trace-mapping@0.3.9
2398 silly packumentCache full:https://registry.npmjs.org/@jridgewell%2ftrace-mapping cache-miss
2399 http fetch GET 200 https://registry.npmjs.org/@jridgewell%2ftrace-mapping 274ms (cache revalidated)
2400 silly packumentCache full:https://registry.npmjs.org/@jridgewell%2ftrace-mapping set size:170909 disposed:false
2401 silly placeDep node_modules/@cspotcode/source-map-support @jridgewell/trace-mapping@0.3.9 OK for: @cspotcode/source-map-support@0.8.1 want: 0.3.9
2402 silly placeDep node_modules/tsconfig-paths-webpack-plugin tsconfig-paths@4.2.0 OK for: tsconfig-paths-webpack-plugin@4.2.0 want: ^4.1.2
2403 silly placeDep ROOT media-typer@1.1.0 OK for: type-is@2.0.1 want: ^1.1.0
2404 silly placeDep ROOT @lukeed/csprng@1.1.0 OK for: uid@2.0.2 want: ^1.0.0
2405 silly placeDep ROOT makeerror@1.0.12 OK for: walker@1.0.8 want: 1.0.12
2406 silly fetch manifest tmpl@1.0.5
2407 silly packumentCache full:https://registry.npmjs.org/tmpl cache-miss
2408 http fetch GET 200 https://registry.npmjs.org/tmpl 153ms (cache miss)
2409 silly packumentCache full:https://registry.npmjs.org/tmpl set size:undefined disposed:false
2410 silly placeDep ROOT tmpl@1.0.5 OK for: makeerror@1.0.12 want: 1.0.5
2411 silly placeDep ROOT defaults@1.0.4 OK for: wcwidth@1.0.1 want: ^1.0.3
2412 silly fetch manifest clone@^1.0.2
2413 silly packumentCache full:https://registry.npmjs.org/clone cache-miss
2414 http fetch GET 200 https://registry.npmjs.org/clone 171ms (cache revalidated)
2415 silly packumentCache full:https://registry.npmjs.org/clone set size:82973 disposed:false
2416 silly placeDep ROOT clone@1.0.4 OK for: defaults@1.0.4 want: ^1.0.2
2417 silly fetch manifest acorn@^8.15.0
2418 silly packumentCache full:https://registry.npmjs.org/acorn cache-miss
2419 http fetch GET 200 https://registry.npmjs.org/acorn 193ms (cache revalidated)
2420 silly packumentCache full:https://registry.npmjs.org/acorn set size:377362 disposed:false
2421 silly fetch manifest webpack@^5.1.0
2422 silly packumentCache full:https://registry.npmjs.org/webpack cache-miss
2423 http fetch GET 200 https://registry.npmjs.org/webpack 113ms (cache hit)
2424 silly packumentCache full:https://registry.npmjs.org/webpack set size:4926367 disposed:false
2425 silly placeDep ROOT @types/eslint-scope@3.7.7 OK for: webpack@5.104.1 want: ^3.7.7
2426 silly placeDep ROOT @webassemblyjs/ast@1.14.1 OK for: webpack@5.104.1 want: ^1.14.1
2427 silly placeDep ROOT @webassemblyjs/wasm-edit@1.14.1 OK for: webpack@5.104.1 want: ^1.14.1
2428 silly placeDep ROOT @webassemblyjs/wasm-parser@1.14.1 OK for: webpack@5.104.1 want: ^1.14.1
2429 silly placeDep ROOT acorn-import-phases@1.0.4 OK for: webpack@5.104.1 want: ^1.0.3
2430 silly placeDep ROOT chrome-trace-event@1.0.4 OK for: webpack@5.104.1 want: ^1.0.2
2431 silly placeDep ROOT es-module-lexer@2.0.0 OK for: webpack@5.104.1 want: ^2.0.0
2432 silly placeDep node_modules/webpack eslint-scope@5.1.1 OK for: webpack@5.104.1 want: 5.1.1
2433 silly placeDep ROOT events@3.3.0 OK for: webpack@5.104.1 want: ^3.2.0
2434 silly placeDep ROOT glob-to-regexp@0.4.1 OK for: webpack@5.104.1 want: ^0.4.1
2435 silly placeDep ROOT loader-runner@4.3.1 OK for: webpack@5.104.1 want: ^4.3.1
2436 silly placeDep node_modules/webpack mime-types@2.1.35 OK for: webpack@5.104.1 want: ^2.1.27
2437 silly placeDep node_modules/webpack schema-utils@4.3.3 OK for: webpack@5.104.1 want: ^4.3.3
2438 silly placeDep ROOT terser-webpack-plugin@5.3.16 OK for: webpack@5.104.1 want: ^5.3.16
2439 silly placeDep ROOT watchpack@2.5.1 OK for: webpack@5.104.1 want: ^2.4.4
2440 silly placeDep ROOT webpack-sources@3.3.3 OK for: webpack@5.104.1 want: ^3.3.3
2441 silly fetch manifest @types/eslint@*
2442 silly packumentCache full:https://registry.npmjs.org/@types%2feslint cache-hit
2443 silly fetch manifest @webassemblyjs/helper-numbers@1.13.2
2444 silly packumentCache full:https://registry.npmjs.org/@webassemblyjs%2fhelper-numbers cache-miss
2445 http fetch GET 200 https://registry.npmjs.org/@webassemblyjs%2fhelper-numbers 207ms (cache revalidated)
2446 silly packumentCache full:https://registry.npmjs.org/@webassemblyjs%2fhelper-numbers set size:23867 disposed:false
2447 silly fetch manifest @webassemblyjs/helper-wasm-bytecode@1.13.2
2448 silly packumentCache full:https://registry.npmjs.org/@webassemblyjs%2fhelper-wasm-bytecode cache-miss
2449 http fetch GET 200 https://registry.npmjs.org/@webassemblyjs%2fhelper-wasm-bytecode 214ms (cache revalidated)
2450 silly packumentCache full:https://registry.npmjs.org/@webassemblyjs%2fhelper-wasm-bytecode set size:179356 disposed:false
2451 silly fetch manifest @webassemblyjs/helper-buffer@1.14.1
2452 silly packumentCache full:https://registry.npmjs.org/@webassemblyjs%2fhelper-buffer cache-miss
2453 http fetch GET 200 https://registry.npmjs.org/@webassemblyjs%2fhelper-buffer 181ms (cache revalidated)
2454 silly packumentCache full:https://registry.npmjs.org/@webassemblyjs%2fhelper-buffer set size:178406 disposed:false
2455 silly fetch manifest @webassemblyjs/helper-wasm-section@1.14.1
2456 silly packumentCache full:https://registry.npmjs.org/@webassemblyjs%2fhelper-wasm-section cache-miss
2457 http fetch GET 200 https://registry.npmjs.org/@webassemblyjs%2fhelper-wasm-section 158ms (cache revalidated)
2458 silly packumentCache full:https://registry.npmjs.org/@webassemblyjs%2fhelper-wasm-section set size:191754 disposed:false
2459 silly fetch manifest @webassemblyjs/wasm-gen@1.14.1
2460 silly packumentCache full:https://registry.npmjs.org/@webassemblyjs%2fwasm-gen cache-miss
2461 http fetch GET 200 https://registry.npmjs.org/@webassemblyjs%2fwasm-gen 241ms (cache revalidated)
2462 silly packumentCache full:https://registry.npmjs.org/@webassemblyjs%2fwasm-gen set size:187955 disposed:false
2463 silly fetch manifest @webassemblyjs/wasm-opt@1.14.1
2464 silly packumentCache full:https://registry.npmjs.org/@webassemblyjs%2fwasm-opt cache-miss
2465 http fetch GET 200 https://registry.npmjs.org/@webassemblyjs%2fwasm-opt 431ms (cache revalidated)
2466 silly packumentCache full:https://registry.npmjs.org/@webassemblyjs%2fwasm-opt set size:150483 disposed:false
2467 silly fetch manifest @webassemblyjs/wasm-parser@1.14.1
2468 silly packumentCache full:https://registry.npmjs.org/@webassemblyjs%2fwasm-parser cache-hit
2469 silly fetch manifest @webassemblyjs/wast-printer@1.14.1
2470 silly packumentCache full:https://registry.npmjs.org/@webassemblyjs%2fwast-printer cache-miss
2471 http fetch GET 200 https://registry.npmjs.org/@webassemblyjs%2fwast-printer 503ms (cache revalidated)
2472 silly packumentCache full:https://registry.npmjs.org/@webassemblyjs%2fwast-printer set size:193690 disposed:false
2473 silly fetch manifest @webassemblyjs/helper-api-error@1.13.2
2474 silly packumentCache full:https://registry.npmjs.org/@webassemblyjs%2fhelper-api-error cache-miss
2475 http fetch GET 200 https://registry.npmjs.org/@webassemblyjs%2fhelper-api-error 539ms (cache revalidated)
2476 silly packumentCache full:https://registry.npmjs.org/@webassemblyjs%2fhelper-api-error set size:103778 disposed:false
2477 silly fetch manifest @webassemblyjs/ieee754@1.13.2
2478 silly packumentCache full:https://registry.npmjs.org/@webassemblyjs%2fieee754 cache-miss
2479 http fetch GET 200 https://registry.npmjs.org/@webassemblyjs%2fieee754 683ms (cache revalidated)
2480 silly packumentCache full:https://registry.npmjs.org/@webassemblyjs%2fieee754 set size:99475 disposed:false
2481 silly fetch manifest @webassemblyjs/leb128@1.13.2
2482 silly packumentCache full:https://registry.npmjs.org/@webassemblyjs%2fleb128 cache-miss
2483 http fetch GET 200 https://registry.npmjs.org/@webassemblyjs%2fleb128 162ms (cache revalidated)
2484 silly packumentCache full:https://registry.npmjs.org/@webassemblyjs%2fleb128 set size:248474 disposed:false
2485 silly fetch manifest @webassemblyjs/utf8@1.13.2
2486 silly packumentCache full:https://registry.npmjs.org/@webassemblyjs%2futf8 cache-miss
2487 http fetch GET 200 https://registry.npmjs.org/@webassemblyjs%2futf8 162ms (cache revalidated)
2488 silly packumentCache full:https://registry.npmjs.org/@webassemblyjs%2futf8 set size:102359 disposed:false
2489 silly fetch manifest estraverse@^4.1.1
2490 silly packumentCache full:https://registry.npmjs.org/estraverse cache-miss
2491 http fetch GET 200 https://registry.npmjs.org/estraverse 161ms (cache revalidated)
2492 silly packumentCache full:https://registry.npmjs.org/estraverse set size:62412 disposed:false
2493 silly fetch manifest ajv@^8.9.0
2494 silly packumentCache full:https://registry.npmjs.org/ajv cache-miss
2495 http fetch GET 200 https://registry.npmjs.org/ajv 98ms (cache hit)
2496 silly packumentCache full:https://registry.npmjs.org/ajv set size:1126055 disposed:false
2497 silly fetch manifest ajv-formats@^2.1.1
2498 silly packumentCache full:https://registry.npmjs.org/ajv-formats cache-hit
2499 silly fetch manifest ajv-keywords@^5.1.0
2500 silly packumentCache full:https://registry.npmjs.org/ajv-keywords cache-hit
2501 silly fetch manifest jest-worker@^27.4.5
2502 silly packumentCache full:https://registry.npmjs.org/jest-worker cache-hit
2503 silly fetch manifest schema-utils@^4.3.0
2504 silly packumentCache full:https://registry.npmjs.org/schema-utils cache-hit
2505 silly fetch manifest serialize-javascript@^6.0.2
2506 silly packumentCache full:https://registry.npmjs.org/serialize-javascript cache-miss
2507 http fetch GET 200 https://registry.npmjs.org/serialize-javascript 150ms (cache revalidated)
2508 silly packumentCache full:https://registry.npmjs.org/serialize-javascript set size:74066 disposed:false
2509 silly fetch manifest terser@^5.31.1
2510 silly packumentCache full:https://registry.npmjs.org/terser cache-miss
2511 http fetch GET 200 https://registry.npmjs.org/terser 171ms (cache revalidated)
2512 silly packumentCache full:https://registry.npmjs.org/terser set size:786629 disposed:false
2513 silly placeDep ROOT @types/eslint@9.6.1 OK for: @types/eslint-scope@3.7.7 want: *
2514 silly placeDep ROOT @webassemblyjs/helper-numbers@1.13.2 OK for: @webassemblyjs/ast@1.14.1 want: 1.13.2
2515 silly placeDep ROOT @webassemblyjs/helper-wasm-bytecode@1.13.2 OK for: @webassemblyjs/ast@1.14.1 want: 1.13.2
2516 silly fetch manifest @xtuc/long@4.2.2
2517 silly packumentCache full:https://registry.npmjs.org/@xtuc%2flong cache-miss
2518 http fetch GET 200 https://registry.npmjs.org/@xtuc%2flong 248ms (cache revalidated)
2519 silly packumentCache full:https://registry.npmjs.org/@xtuc%2flong set size:23242 disposed:false
2520 silly fetch manifest @webassemblyjs/floating-point-hex-parser@1.13.2
2521 silly packumentCache full:https://registry.npmjs.org/@webassemblyjs%2ffloating-point-hex-parser cache-miss
2522 http fetch GET 200 https://registry.npmjs.org/@webassemblyjs%2ffloating-point-hex-parser 202ms (cache revalidated)
2523 silly packumentCache full:https://registry.npmjs.org/@webassemblyjs%2ffloating-point-hex-parser set size:186097 disposed:false
2524 silly placeDep ROOT @webassemblyjs/floating-point-hex-parser@1.13.2 OK for: @webassemblyjs/helper-numbers@1.13.2 want: 1.13.2
2525 silly placeDep ROOT @webassemblyjs/helper-api-error@1.13.2 OK for: @webassemblyjs/helper-numbers@1.13.2 want: 1.13.2
2526 silly placeDep ROOT @xtuc/long@4.2.2 OK for: @webassemblyjs/helper-numbers@1.13.2 want: 4.2.2
2527 silly placeDep ROOT @webassemblyjs/helper-buffer@1.14.1 OK for: @webassemblyjs/wasm-edit@1.14.1 want: 1.14.1
2528 silly placeDep ROOT @webassemblyjs/helper-wasm-section@1.14.1 OK for: @webassemblyjs/wasm-edit@1.14.1 want: 1.14.1
2529 silly placeDep ROOT @webassemblyjs/wasm-gen@1.14.1 OK for: @webassemblyjs/wasm-edit@1.14.1 want: 1.14.1
2530 silly placeDep ROOT @webassemblyjs/wasm-opt@1.14.1 OK for: @webassemblyjs/wasm-edit@1.14.1 want: 1.14.1
2531 silly placeDep ROOT @webassemblyjs/wast-printer@1.14.1 OK for: @webassemblyjs/wasm-edit@1.14.1 want: 1.14.1
2532 silly placeDep ROOT @webassemblyjs/ieee754@1.13.2 OK for: @webassemblyjs/wasm-gen@1.14.1 want: 1.13.2
2533 silly placeDep ROOT @webassemblyjs/leb128@1.13.2 OK for: @webassemblyjs/wasm-gen@1.14.1 want: 1.13.2
2534 silly placeDep ROOT @webassemblyjs/utf8@1.13.2 OK for: @webassemblyjs/wasm-gen@1.14.1 want: 1.13.2
2535 silly fetch manifest @xtuc/ieee754@^1.2.0
2536 silly packumentCache full:https://registry.npmjs.org/@xtuc%2fieee754 cache-miss
2537 http fetch GET 200 https://registry.npmjs.org/@xtuc%2fieee754 196ms (cache revalidated)
2538 silly packumentCache full:https://registry.npmjs.org/@xtuc%2fieee754 set size:5495 disposed:false
2539 silly placeDep ROOT @xtuc/ieee754@1.2.0 OK for: @webassemblyjs/ieee754@1.13.2 want: ^1.2.0
2540 silly placeDep node_modules/terser-webpack-plugin jest-worker@27.5.1 OK for: terser-webpack-plugin@5.3.16 want: ^27.4.5
2541 silly placeDep node_modules/terser-webpack-plugin schema-utils@4.3.3 OK for: terser-webpack-plugin@5.3.16 want: ^4.3.0
2542 silly placeDep ROOT serialize-javascript@6.0.2 OK for: terser-webpack-plugin@5.3.16 want: ^6.0.2
2543 silly placeDep ROOT terser@5.46.0 OK for: terser-webpack-plugin@5.3.16 want: ^5.31.1
2544 silly fetch manifest supports-color@^8.0.0
2545 silly packumentCache full:https://registry.npmjs.org/supports-color cache-hit
2546 silly fetch manifest randombytes@^2.1.0
2547 silly packumentCache full:https://registry.npmjs.org/randombytes cache-miss
2548 http fetch GET 200 https://registry.npmjs.org/randombytes 158ms (cache revalidated)
2549 silly packumentCache full:https://registry.npmjs.org/randombytes set size:17505 disposed:false
2550 silly fetch manifest @jridgewell/source-map@^0.3.3
2551 silly packumentCache full:https://registry.npmjs.org/@jridgewell%2fsource-map cache-miss
2552 http fetch GET 200 https://registry.npmjs.org/@jridgewell%2fsource-map 154ms (cache revalidated)
2553 silly packumentCache full:https://registry.npmjs.org/@jridgewell%2fsource-map set size:45204 disposed:false
2554 silly fetch manifest commander@^2.20.0
2555 silly packumentCache full:https://registry.npmjs.org/commander cache-hit
2556 silly placeDep ROOT randombytes@2.1.0 OK for: serialize-javascript@6.0.2 want: ^2.1.0
2557 silly placeDep ROOT @jridgewell/source-map@0.3.11 OK for: terser@5.46.0 want: ^0.3.3
2558 silly placeDep node_modules/terser commander@2.20.3 OK for: terser@5.46.0 want: ^2.20.0
2559 silly placeDep ROOT cliui@8.0.1 OK for: yargs@17.7.2 want: ^8.0.1
2560 silly placeDep ROOT get-caller-file@2.0.5 OK for: yargs@17.7.2 want: ^2.0.5
2561 silly placeDep ROOT require-directory@2.1.1 OK for: yargs@17.7.2 want: ^2.1.1
2562 silly placeDep ROOT y18n@5.0.8 OK for: yargs@17.7.2 want: ^5.0.5
2563 silly fetch manifest wrap-ansi@^7.0.0
2564 silly packumentCache full:https://registry.npmjs.org/wrap-ansi cache-hit
2565 silly placeDep node_modules/cliui wrap-ansi@7.0.0 OK for: cliui@8.0.1 want: ^7.0.0
2566 silly placeDep ROOT fast-uri@3.1.0 OK for: ajv@8.17.1 want: ^3.0.1
2567 silly placeDep node_modules/@angular-devkit/core json-schema-traverse@1.0.0 OK for: ajv@8.17.1 want: ^1.0.0
2568 silly placeDep ROOT require-from-string@2.0.2 OK for: ajv@8.17.1 want: ^2.0.2
2569 silly placeDep node_modules/@istanbuljs/load-nyc-config locate-path@5.0.0 OK for: find-up@4.1.0 want: ^5.0.0
2570 silly fetch manifest p-locate@^4.1.0
2571 silly packumentCache full:https://registry.npmjs.org/p-locate cache-miss
2572 http fetch GET 200 https://registry.npmjs.org/p-locate 195ms (cache revalidated)
2573 silly packumentCache full:https://registry.npmjs.org/p-locate set size:20789 disposed:false
2574 silly placeDep node_modules/@istanbuljs/load-nyc-config argparse@1.0.10 OK for: js-yaml@3.14.2 want: ^1.0.7
2575 silly fetch manifest sprintf-js@~1.0.2
2576 silly packumentCache full:https://registry.npmjs.org/sprintf-js cache-miss
2577 http fetch GET 200 https://registry.npmjs.org/sprintf-js 131ms (cache miss)
2578 silly packumentCache full:https://registry.npmjs.org/sprintf-js set size:undefined disposed:false
2579 silly placeDep ROOT sprintf-js@1.0.3 OK for: argparse@1.0.10 want: ~1.0.2
2580 silly placeDep node_modules/@istanbuljs/load-nyc-config p-locate@4.1.0 OK for: locate-path@5.0.0 want: ^4.1.0
2581 silly fetch manifest p-limit@^2.2.0
2582 silly packumentCache full:https://registry.npmjs.org/p-limit cache-miss
2583 http fetch GET 200 https://registry.npmjs.org/p-limit 162ms (cache revalidated)
2584 silly packumentCache full:https://registry.npmjs.org/p-limit set size:58608 disposed:false
2585 silly placeDep node_modules/@istanbuljs/load-nyc-config p-limit@2.3.0 OK for: p-locate@4.1.0 want: ^2.2.0
2586 silly fetch manifest p-try@^2.0.0
2587 silly packumentCache full:https://registry.npmjs.org/p-try cache-miss
2588 http fetch GET 200 https://registry.npmjs.org/p-try 225ms (cache miss)
2589 silly packumentCache full:https://registry.npmjs.org/p-try set size:undefined disposed:false
2590 silly placeDep ROOT p-try@2.2.0 OK for: p-limit@2.3.0 want: ^2.0.0
2591 silly placeDep ROOT foreground-child@3.3.1 OK for: glob@10.5.0 want: ^3.1.0
2592 silly placeDep ROOT jackspeak@3.4.3 OK for: glob@10.5.0 want: ^3.1.2
2593 silly placeDep node_modules/@jest/reporters minimatch@9.0.5 OK for: glob@10.5.0 want: ^9.0.4
2594 silly placeDep ROOT package-json-from-dist@1.0.1 OK for: glob@10.5.0 want: ^1.0.0
2595 silly placeDep node_modules/@jest/reporters path-scurry@1.11.1 OK for: glob@10.5.0 want: ^1.11.1
2596 silly fetch manifest @isaacs/cliui@^8.0.2
2597 silly packumentCache full:https://registry.npmjs.org/@isaacs%2fcliui cache-miss
2598 http fetch GET 200 https://registry.npmjs.org/@isaacs%2fcliui 153ms (cache miss)
2599 silly packumentCache full:https://registry.npmjs.org/@isaacs%2fcliui set size:undefined disposed:false
2600 silly fetch manifest @pkgjs/parseargs@^0.11.0
2601 silly packumentCache full:https://registry.npmjs.org/@pkgjs%2fparseargs cache-miss
2602 http fetch GET 200 https://registry.npmjs.org/@pkgjs%2fparseargs 139ms (cache miss)
2603 silly packumentCache full:https://registry.npmjs.org/@pkgjs%2fparseargs set size:undefined disposed:false
2604 silly fetch manifest brace-expansion@^2.0.1
2605 silly packumentCache full:https://registry.npmjs.org/brace-expansion cache-miss
2606 http fetch GET 200 https://registry.npmjs.org/brace-expansion 136ms (cache revalidated)
2607 silly packumentCache full:https://registry.npmjs.org/brace-expansion set size:46250 disposed:false
2608 silly fetch manifest lru-cache@^10.2.0
2609 silly packumentCache full:https://registry.npmjs.org/lru-cache cache-hit
2610 silly placeDep ROOT @isaacs/cliui@8.0.2 OK for: jackspeak@3.4.3 want: ^8.0.2
2611 silly placeDep ROOT @pkgjs/parseargs@0.11.0 OK for: jackspeak@3.4.3 want: ^0.11.0
2612 silly fetch manifest string-width@^5.1.2
2613 silly packumentCache full:https://registry.npmjs.org/string-width cache-hit
2614 silly fetch manifest string-width-cjs@npm:string-width@^4.2.0
2615 silly packumentCache full:https://registry.npmjs.org/string-width cache-hit
2616 silly fetch manifest strip-ansi@^7.0.1
2617 silly packumentCache full:https://registry.npmjs.org/strip-ansi cache-hit
2618 silly fetch manifest strip-ansi-cjs@npm:strip-ansi@^6.0.1
2619 silly packumentCache full:https://registry.npmjs.org/strip-ansi cache-hit
2620 silly fetch manifest wrap-ansi@^8.1.0
2621 silly packumentCache full:https://registry.npmjs.org/wrap-ansi cache-hit
2622 silly fetch manifest wrap-ansi-cjs@npm:wrap-ansi@^7.0.0
2623 silly packumentCache full:https://registry.npmjs.org/wrap-ansi cache-hit
2624 silly placeDep node_modules/@isaacs/cliui string-width@5.1.2 OK for: @isaacs/cliui@8.0.2 want: ^5.1.2
2625 silly placeDep ROOT string-width-cjs@4.2.3 OK for: @isaacs/cliui@8.0.2 want: npm:string-width@^4.2.0
2626 silly placeDep node_modules/@isaacs/cliui strip-ansi@7.1.2 OK for: @isaacs/cliui@8.0.2 want: ^7.0.1
2627 silly placeDep ROOT strip-ansi-cjs@6.0.1 OK for: @isaacs/cliui@8.0.2 want: npm:strip-ansi@^6.0.1
2628 silly placeDep node_modules/@isaacs/cliui wrap-ansi@8.1.0 OK for: @isaacs/cliui@8.0.2 want: ^8.1.0
2629 silly placeDep ROOT wrap-ansi-cjs@7.0.0 OK for: @isaacs/cliui@8.0.2 want: npm:wrap-ansi@^7.0.0
2630 silly fetch manifest eastasianwidth@^0.2.0
2631 silly packumentCache full:https://registry.npmjs.org/eastasianwidth cache-miss
2632 http fetch GET 200 https://registry.npmjs.org/eastasianwidth 144ms (cache miss)
2633 silly packumentCache full:https://registry.npmjs.org/eastasianwidth set size:undefined disposed:false
2634 silly fetch manifest ansi-regex@^6.0.1
2635 silly packumentCache full:https://registry.npmjs.org/ansi-regex cache-hit
2636 silly fetch manifest ansi-styles@^6.1.0
2637 silly packumentCache full:https://registry.npmjs.org/ansi-styles cache-hit
2638 silly placeDep node_modules/string-width-cjs emoji-regex@8.0.0 OK for: string-width@4.2.3 want: ^8.0.0
2639 silly placeDep ROOT eastasianwidth@0.2.0 OK for: string-width@5.1.2 want: ^0.2.0
2640 silly placeDep node_modules/@isaacs/cliui ansi-regex@6.2.2 OK for: strip-ansi@7.1.2 want: ^6.0.1
2641 silly placeDep node_modules/@isaacs/cliui ansi-styles@6.2.3 OK for: wrap-ansi@8.1.0 want: ^6.1.0
2642 silly placeDep node_modules/@jest/reporters brace-expansion@2.0.2 OK for: minimatch@9.0.5 want: ^2.0.1
2643 silly placeDep node_modules/@jest/reporters lru-cache@10.4.3 OK for: path-scurry@1.11.1 want: ^10.2.0
2644 silly placeDep node_modules/@nestjs/schematics ajv@8.17.1 OK for: @angular-devkit/core@19.2.17 want: 8.17.1
2645 silly placeDep node_modules/@nestjs/schematics picomatch@4.0.2 OK for: @angular-devkit/core@19.2.17 want: 4.0.2
2646 silly placeDep node_modules/@nestjs/schematics rxjs@7.8.1 OK for: @angular-devkit/core@19.2.17 want: 7.8.1
2647 silly placeDep node_modules/@nestjs/schematics json-schema-traverse@1.0.0 OK for: ajv@8.17.1 want: ^1.0.0
2648 silly placeDep ROOT @babel/helper-string-parser@7.27.1 OK for: @babel/types@7.28.6 want: ^7.27.1
2649 silly placeDep node_modules/ajv-formats json-schema-traverse@1.0.0 OK for: ajv@8.17.1 want: ^1.0.0
2650 silly placeDep node_modules/form-data mime-db@1.52.0 OK for: mime-types@2.1.35 want: 1.52.0
2651 silly placeDep ROOT @isaacs/brace-expansion@5.0.0 OK for: minimatch@10.1.1 want: ^5.0.0
2652 silly fetch manifest @isaacs/balanced-match@^4.0.1
2653 silly packumentCache full:https://registry.npmjs.org/@isaacs%2fbalanced-match cache-miss
2654 http fetch GET 200 https://registry.npmjs.org/@isaacs%2fbalanced-match 178ms (cache revalidated)
2655 silly packumentCache full:https://registry.npmjs.org/@isaacs%2fbalanced-match set size:7823 disposed:false
2656 silly placeDep ROOT @isaacs/balanced-match@4.0.1 OK for: @isaacs/brace-expansion@5.0.0 want: ^4.0.1
2657 silly placeDep node_modules/jest-config minimatch@9.0.5 OK for: glob@10.5.0 want: ^9.0.4
2658 silly placeDep node_modules/jest-config path-scurry@1.11.1 OK for: glob@10.5.0 want: ^1.11.1
2659 silly placeDep node_modules/jest-config brace-expansion@2.0.2 OK for: minimatch@9.0.5 want: ^2.0.1
2660 silly placeDep node_modules/jest-config lru-cache@10.4.3 OK for: path-scurry@1.11.1 want: ^10.2.0
2661 silly placeDep node_modules/jest-runner source-map@0.6.1 OK for: source-map-support@0.5.13 want: ^0.6.0
2662 silly placeDep node_modules/jest-runtime minimatch@9.0.5 OK for: glob@10.5.0 want: ^9.0.4
2663 silly placeDep node_modules/jest-runtime path-scurry@1.11.1 OK for: glob@10.5.0 want: ^1.11.1
2664 silly placeDep node_modules/jest-runtime brace-expansion@2.0.2 OK for: minimatch@9.0.5 want: ^2.0.1
2665 silly placeDep node_modules/jest-runtime lru-cache@10.4.3 OK for: path-scurry@1.11.1 want: ^10.2.0
2666 silly placeDep node_modules/multer media-typer@0.3.0 OK for: type-is@1.6.18 want: 0.3.0
2667 silly placeDep node_modules/multer mime-types@2.1.35 OK for: type-is@1.6.18 want: ~2.1.24
2668 silly placeDep node_modules/multer mime-db@1.52.0 OK for: mime-types@2.1.35 want: 1.52.0
2669 silly placeDep node_modules/pkg-dir locate-path@5.0.0 OK for: find-up@4.1.0 want: ^5.0.0
2670 silly placeDep node_modules/pkg-dir p-locate@4.1.0 OK for: locate-path@5.0.0 want: ^4.1.0
2671 silly placeDep node_modules/pkg-dir p-limit@2.3.0 OK for: p-locate@4.1.0 want: ^2.2.0
2672 silly placeDep node_modules/terser-webpack-plugin supports-color@8.1.1 OK for: jest-worker@27.5.1 want: ^8.0.0
2673 silly placeDep node_modules/terser-webpack-plugin ajv@8.17.1 OK for: schema-utils@4.3.3 want: ^8.9.0
2674 silly placeDep node_modules/terser-webpack-plugin ajv-formats@2.1.1 OK for: schema-utils@4.3.3 want: ^2.1.1
2675 silly placeDep node_modules/terser-webpack-plugin ajv-keywords@5.1.0 OK for: schema-utils@4.3.3 want: ^5.1.0
2676 silly placeDep node_modules/terser-webpack-plugin json-schema-traverse@1.0.0 OK for: ajv@8.17.1 want: ^1.0.0
2677 silly placeDep ROOT fs.realpath@1.0.0 OK for: glob@7.2.3 want: ^1.0.0
2678 silly placeDep ROOT inflight@1.0.6 OK for: glob@7.2.3 want: ^1.0.4
2679 silly placeDep ROOT path-is-absolute@1.0.1 OK for: glob@7.2.3 want: ^1.0.0
2680 silly placeDep node_modules/webpack estraverse@4.3.0 OK for: eslint-scope@5.1.1 want: ^4.1.1
2681 silly placeDep node_modules/webpack mime-db@1.52.0 OK for: mime-types@2.1.35 want: 1.52.0
2682 silly placeDep node_modules/webpack ajv@8.17.1 OK for: schema-utils@4.3.3 want: ^8.9.0
2683 silly placeDep node_modules/webpack ajv-formats@2.1.1 OK for: schema-utils@4.3.3 want: ^2.1.1
2684 silly placeDep node_modules/webpack ajv-keywords@5.1.0 OK for: schema-utils@4.3.3 want: ^5.1.0
2685 silly placeDep node_modules/webpack json-schema-traverse@1.0.0 OK for: ajv@8.17.1 want: ^1.0.0
2686 silly reify mark retired [
2686 silly reify   '/mnt/c/Users/matma/Documents/MyDigitalSchool/M1/OrigAMI/site/node_modules/@babel/helper-string-parser'
2686 silly reify ]
2687 silly reify mark retired [
2687 silly reify   '/mnt/c/Users/matma/Documents/MyDigitalSchool/M1/OrigAMI/site/node_modules/eslint'
2687 silly reify ]
2688 silly reify mark retired [
2688 silly reify   '/mnt/c/Users/matma/Documents/MyDigitalSchool/M1/OrigAMI/site/node_modules/typescript'
2688 silly reify ]
2689 silly reify moves {
2689 silly reify   '/mnt/c/Users/matma/Documents/MyDigitalSchool/M1/OrigAMI/site/node_modules/@babel/helper-string-parser': '/mnt/c/Users/matma/Documents/MyDigitalSchool/M1/OrigAMI/site/node_modules/@babel/.helper-string-parser-Q32Kn702',
2689 silly reify   '/mnt/c/Users/matma/Documents/MyDigitalSchool/M1/OrigAMI/site/node_modules/eslint': '/mnt/c/Users/matma/Documents/MyDigitalSchool/M1/OrigAMI/site/node_modules/.eslint-eszX1wGo',
2689 silly reify   '/mnt/c/Users/matma/Documents/MyDigitalSchool/M1/OrigAMI/site/node_modules/typescript': '/mnt/c/Users/matma/Documents/MyDigitalSchool/M1/OrigAMI/site/node_modules/.typescript-4ojJK6k9'
2689 silly reify }
2690 silly audit bulk request {
2690 silly audit   eslint: [ '9.39.2' ],
2690 silly audit   typescript: [ '5.9.3' ],
2690 silly audit   '@babel/code-frame': [ '7.28.6' ],
2690 silly audit   '@babel/compat-data': [ '7.28.6' ],
2690 silly audit   '@babel/core': [ '7.28.6' ],
2690 silly audit   '@babel/generator': [ '7.28.6' ],
2690 silly audit   '@babel/helper-compilation-targets': [ '7.28.6' ],
2690 silly audit   '@babel/helper-globals': [ '7.28.0' ],
2690 silly audit   '@babel/helper-module-imports': [ '7.28.6' ],
2690 silly audit   '@babel/helper-module-transforms': [ '7.28.6' ],
2690 silly audit   '@babel/helper-validator-identifier': [ '7.28.5' ],
2690 silly audit   '@babel/helper-validator-option': [ '7.27.1' ],
2690 silly audit   '@babel/helpers': [ '7.28.6' ],
2690 silly audit   '@babel/parser': [ '7.28.6' ],
2690 silly audit   '@babel/template': [ '7.28.6' ],
2690 silly audit   '@babel/traverse': [ '7.28.6' ],
2690 silly audit   '@babel/types': [ '7.28.6' ],
2690 silly audit   '@eslint-community/eslint-utils': [ '4.9.1' ],
2690 silly audit   'eslint-visitor-keys': [ '3.4.3', '4.2.1' ],
2690 silly audit   '@eslint-community/regexpp': [ '4.12.2' ],
2690 silly audit   '@eslint/config-array': [ '0.21.1' ],
2690 silly audit   '@eslint/config-helpers': [ '0.4.2' ],
2690 silly audit   '@eslint/core': [ '0.17.0' ],
2690 silly audit   '@eslint/eslintrc': [ '3.3.3' ],
2690 silly audit   '@eslint/js': [ '9.39.2' ],
2690 silly audit   '@eslint/object-schema': [ '2.1.7' ],
2690 silly audit   '@eslint/plugin-kit': [ '0.4.1' ],
2690 silly audit   '@humanfs/core': [ '0.19.1' ],
2690 silly audit   '@humanfs/node': [ '0.16.7' ],
2690 silly audit   '@humanwhocodes/module-importer': [ '1.0.1' ],
2690 silly audit   '@humanwhocodes/retry': [ '0.4.3' ],
2690 silly audit   '@jridgewell/gen-mapping': [ '0.3.13' ],
2690 silly audit   '@jridgewell/remapping': [ '2.3.5' ],
2690 silly audit   '@jridgewell/resolve-uri': [ '3.1.2' ],
2690 silly audit   '@jridgewell/sourcemap-codec': [ '1.5.5' ],
2690 silly audit   '@jridgewell/trace-mapping': [ '0.3.31', '0.3.9' ],
2690 silly audit   '@types/estree': [ '1.0.8' ],
2690 silly audit   '@types/json-schema': [ '7.0.15' ],
2690 silly audit   '@types/node': [ '20.19.30', '22.19.7' ],
2690 silly audit   '@typescript-eslint/parser': [ '8.53.0' ],
2690 silly audit   '@typescript-eslint/project-service': [ '8.53.0' ],
2690 silly audit   '@typescript-eslint/scope-manager': [ '8.53.0' ],
2690 silly audit   '@typescript-eslint/tsconfig-utils': [ '8.53.0' ],
2690 silly audit   '@typescript-eslint/types': [ '8.53.0' ],
2690 silly audit   '@typescript-eslint/typescript-estree': [ '8.53.0' ],
2690 silly audit   'brace-expansion': [ '2.0.2', '1.1.12' ],
2690 silly audit   minimatch: [ '9.0.5', '3.1.2', '10.1.1' ],
2690 silly audit   semver: [ '7.7.3', '6.3.1' ],
2690 silly audit   '@typescript-eslint/utils': [ '8.53.0' ],
2690 silly audit   '@typescript-eslint/visitor-keys': [ '8.53.0' ],
2690 silly audit   '@unrs/resolver-binding-linux-x64-gnu': [ '1.11.1' ],
2690 silly audit   acorn: [ '8.15.0' ],
2690 silly audit   'acorn-jsx': [ '5.3.2' ],
2690 silly audit   ajv: [ '6.12.6', '8.17.1' ],
2690 silly audit   'ansi-styles': [ '4.3.0', '5.2.0', '6.2.3' ],
2690 silly audit   argparse: [ '2.0.1', '1.0.10' ],
2690 silly audit   'balanced-match': [ '1.0.2' ],
2690 silly audit   'baseline-browser-mapping': [ '2.9.14' ],
2690 silly audit   braces: [ '3.0.3' ],
2690 silly audit   browserslist: [ '4.28.1' ],
2690 silly audit   'call-bind-apply-helpers': [ '1.0.2' ],
2690 silly audit   'call-bound': [ '1.0.4' ],
2690 silly audit   callsites: [ '3.1.0' ],
2690 silly audit   chalk: [ '4.1.2' ],
2690 silly audit   'color-convert': [ '2.0.1' ],
2690 silly audit   'color-name': [ '1.1.4' ],
2690 silly audit   'concat-map': [ '0.0.1' ],
2690 silly audit   'convert-source-map': [ '2.0.0' ],
2690 silly audit   'cross-spawn': [ '7.0.6' ],
2690 silly audit   debug: [ '4.4.3' ],
2690 silly audit   'deep-is': [ '0.1.4' ],
2690 silly audit   'dunder-proto': [ '1.0.1' ],
2690 silly audit   'electron-to-chromium': [ '1.5.267' ],
2690 silly audit   'emoji-regex': [ '9.2.2', '8.0.0' ],
2690 silly audit   'es-define-property': [ '1.0.1' ],
2690 silly audit   'es-errors': [ '1.3.0' ],
2690 silly audit   'es-object-atoms': [ '1.1.1' ],
2690 silly audit   'es-set-tostringtag': [ '2.1.0' ],
2690 silly audit   escalade: [ '3.2.0' ],
2690 silly audit   'escape-string-regexp': [ '4.0.0', '2.0.0' ],
2690 silly audit   globals: [ '14.0.0', '16.5.0' ],
2690 silly audit   'eslint-scope': [ '8.4.0', '5.1.1' ],
2690 silly audit   espree: [ '10.4.0' ],
2690 silly audit   esquery: [ '1.7.0' ],
2690 silly audit   esrecurse: [ '4.3.0' ],
2690 silly audit   estraverse: [ '5.3.0', '4.3.0' ],
2690 silly audit   esutils: [ '2.0.3' ],
2690 silly audit   'fast-deep-equal': [ '3.1.3' ],
2690 silly audit   'glob-parent': [ '6.0.2' ],
2690 silly audit   'fast-json-stable-stringify': [ '2.1.0' ],
2690 silly audit   'fast-levenshtein': [ '2.0.6' ],
2690 silly audit   'file-entry-cache': [ '8.0.0' ],
2690 silly audit   'fill-range': [ '7.1.1' ],
2690 silly audit   'find-up': [ '5.0.0', '4.1.0' ],
2690 silly audit   'flat-cache': [ '4.0.1' ],
2690 silly audit   flatted: [ '3.3.3' ],
2690 silly audit   'function-bind': [ '1.1.2' ],
2690 silly audit   gensync: [ '1.0.0-beta.2' ],
2690 silly audit   'get-intrinsic': [ '1.3.0' ],
2690 silly audit   'get-proto': [ '1.0.1' ],
2690 silly audit   gopd: [ '1.2.0' ],
2690 silly audit   'has-flag': [ '4.0.0' ],
2690 silly audit   'has-symbols': [ '1.1.0' ],
2690 silly audit   'has-tostringtag': [ '1.0.2' ],
2690 silly audit   hasown: [ '2.0.2' ],
2690 silly audit   ignore: [ '5.3.2' ],
2690 silly audit   'import-fresh': [ '3.3.1' ],
2690 silly audit   imurmurhash: [ '0.1.4' ],
2690 silly audit   'is-extglob': [ '2.1.1' ],
2690 silly audit   'is-glob': [ '4.0.3' ],
2690 silly audit   'is-number': [ '7.0.0' ],
2690 silly audit   isexe: [ '2.0.0' ],
2690 silly audit   'js-tokens': [ '4.0.0' ],
2690 silly audit   'js-yaml': [ '4.1.1', '3.14.2' ],
2690 silly audit   jsesc: [ '3.1.0' ],
2690 silly audit   'json-buffer': [ '3.0.1' ],
2690 silly audit   'json-schema-traverse': [ '0.4.1', '1.0.0' ],
2690 silly audit   'json-stable-stringify-without-jsonify': [ '1.0.1' ],
2690 silly audit   json5: [ '2.2.3' ],
2690 silly audit   keyv: [ '4.5.4' ],
2690 silly audit   levn: [ '0.4.1' ],
2690 silly audit   'locate-path': [ '6.0.0', '5.0.0' ],
2690 silly audit   'lodash.merge': [ '4.6.2' ],
2690 silly audit   'lru-cache': [ '5.1.1', '11.2.4', '10.4.3' ],
2690 silly audit   'math-intrinsics': [ '1.1.0' ],
2690 silly audit   micromatch: [ '4.0.8' ],
2690 silly audit   minimist: [ '1.2.8' ],
2690 silly audit   ms: [ '2.1.3' ],
2690 silly audit   'napi-postinstall': [ '0.3.4' ],
2690 silly audit   'natural-compare': [ '1.4.0' ],
2690 silly audit   'node-releases': [ '2.0.27' ],
2690 silly audit   'object-assign': [ '4.1.1' ],
2690 silly audit   'object-inspect': [ '1.13.4' ],
2690 silly audit   optionator: [ '0.9.4' ],
2690 silly audit   'p-limit': [ '3.1.0', '2.3.0' ],
2690 silly audit   'p-locate': [ '5.0.0', '4.1.0' ],
2690 silly audit   'parent-module': [ '1.0.1' ],
2690 silly audit   'path-exists': [ '4.0.0' ],
2690 silly audit   'path-key': [ '3.1.1' ],
2690 silly audit   picocolors: [ '1.1.1' ],
2690 silly audit   picomatch: [ '2.3.1', '4.0.3', '4.0.2' ],
2690 silly audit   'prelude-ls': [ '1.2.1' ],
2690 silly audit   punycode: [ '2.3.1' ],
2690 silly audit   'react-is': [ '18.3.1' ],
2690 silly audit   'resolve-from': [ '4.0.0', '5.0.0' ],
2690 silly audit   'shebang-command': [ '2.0.0' ],
2690 silly audit   'shebang-regex': [ '3.0.0' ],
2690 silly audit   'side-channel': [ '1.1.0' ],
2690 silly audit   'side-channel-list': [ '1.0.0' ],
2690 silly audit   'side-channel-map': [ '1.0.1' ],
2690 silly audit   'side-channel-weakmap': [ '1.0.2' ],
2690 silly audit   'strip-bom': [ '3.0.0', '4.0.0' ],
2690 silly audit   'strip-json-comments': [ '3.1.1' ],
2690 silly audit   'supports-color': [ '7.2.0', '8.1.1' ],
2690 silly audit   tinyglobby: [ '0.2.15' ],
2690 silly audit   fdir: [ '6.5.0' ],
2690 silly audit   'to-regex-range': [ '5.0.1' ],
2690 silly audit   'ts-api-utils': [ '2.4.0' ],
2690 silly audit   'tsconfig-paths': [ '4.2.0' ],
2690 silly audit   tslib: [ '2.8.1' ],
2690 silly audit   'type-check': [ '0.4.0' ],
2690 silly audit   'typescript-eslint': [ '8.53.0' ],
2690 silly audit   'undici-types': [ '6.21.0' ],
2690 silly audit   'unrs-resolver': [ '1.11.1' ],
2690 silly audit   'update-browserslist-db': [ '1.2.3' ],
2690 silly audit   'uri-js': [ '4.4.1' ],
2690 silly audit   which: [ '2.0.2' ],
2690 silly audit   'word-wrap': [ '1.2.5' ],
2690 silly audit   yallist: [ '3.1.1' ],
2690 silly audit   'yocto-queue': [ '0.1.0' ],
2690 silly audit   api: [ '0.0.1' ],
2690 silly audit   '@nestjs/cli': [ '11.0.16' ],
2690 silly audit   '@nestjs/common': [ '11.1.12' ],
2690 silly audit   'reflect-metadata': [ '0.2.2' ],
2690 silly audit   rxjs: [ '7.8.2', '7.8.1' ],
2690 silly audit   '@nestjs/core': [ '11.1.12' ],
2690 silly audit   '@nestjs/platform-express': [ '11.1.12' ],
2690 silly audit   '@nestjs/schematics': [ '11.0.9' ],
2690 silly audit   '@nestjs/testing': [ '11.1.12' ],
2690 silly audit   '@types/express': [ '5.0.6' ],
2690 silly audit   '@types/jest': [ '30.0.0' ],
2690 silly audit   '@types/supertest': [ '6.0.3' ],
2690 silly audit   'eslint-config-prettier': [ '10.1.8' ],
2690 silly audit   'eslint-plugin-prettier': [ '5.5.5' ],
2690 silly audit   prettier: [ '3.8.0' ],
2690 silly audit   jest: [ '30.2.0' ],
2690 silly audit   'source-map-support': [ '0.5.21', '0.5.13' ],
2690 silly audit   supertest: [ '7.2.2' ],
2690 silly audit   'ts-jest': [ '29.4.6' ],
2690 silly audit   'ts-loader': [ '9.5.4' ],
2690 silly audit   webpack: [ '5.104.1' ],
2690 silly audit   'ts-node': [ '10.9.2' ],
2690 silly audit   '@angular-devkit/core': [ '19.2.19', '19.2.17' ],
2690 silly audit   '@angular-devkit/schematics': [ '19.2.19', '19.2.17' ],
2690 silly audit   '@angular-devkit/schematics-cli': [ '19.2.19' ],
2690 silly audit   '@inquirer/prompts': [ '7.10.1', '7.3.2' ],
2690 silly audit   ansis: [ '4.2.0' ],
2690 silly audit   chokidar: [ '4.0.3' ],
2690 silly audit   'cli-table3': [ '0.6.5' ],
2690 silly audit   commander: [ '4.1.1', '2.20.3' ],
2690 silly audit   'fork-ts-checker-webpack-plugin': [ '9.1.0' ],
2690 silly audit   glob: [ '13.0.0', '10.5.0', '7.2.3' ],
2690 silly audit   'node-emoji': [ '1.11.0' ],
2690 silly audit   ora: [ '5.4.1' ],
2690 silly audit   'tsconfig-paths-webpack-plugin': [ '4.2.0' ],
2690 silly audit   'webpack-node-externals': [ '3.0.0' ],
2690 silly audit   'ajv-formats': [ '3.0.1', '2.1.1' ],
2690 silly audit   'jsonc-parser': [ '3.3.1' ],
2690 silly audit   'source-map': [ '0.7.4', '0.6.1' ],
2690 silly audit   'magic-string': [ '0.30.17' ],
2690 silly audit   'ansi-colors': [ '4.1.3' ],
2690 silly audit   'symbol-observable': [ '4.0.0' ],
2690 silly audit   'yargs-parser': [ '21.1.1' ],
2690 silly audit   '@inquirer/checkbox': [ '4.3.2' ],
2690 silly audit   '@inquirer/confirm': [ '5.1.21' ],
2690 silly audit   '@inquirer/editor': [ '4.2.23' ],
2690 silly audit   '@inquirer/expand': [ '4.0.23' ],
2690 silly audit   '@inquirer/input': [ '4.3.1' ],
2690 silly audit   '@inquirer/number': [ '3.0.23' ],
2690 silly audit   '@inquirer/password': [ '4.0.23' ],
2690 silly audit   '@inquirer/rawlist': [ '4.1.11' ],
2690 silly audit   '@inquirer/search': [ '3.2.2' ],
2690 silly audit   '@inquirer/select': [ '4.4.2' ],
2690 silly audit   '@inquirer/ansi': [ '1.0.2' ],
2690 silly audit   '@inquirer/core': [ '10.3.2' ],
2690 silly audit   '@inquirer/figures': [ '1.0.15' ],
2690 silly audit   '@inquirer/type': [ '3.0.10' ],
2690 silly audit   'yoctocolors-cjs': [ '2.1.3' ],
2690 silly audit   'cli-width': [ '4.1.0' ],
2690 silly audit   'mute-stream': [ '2.0.0' ],
2690 silly audit   'signal-exit': [ '4.1.0', '3.0.7' ],
2690 silly audit   'wrap-ansi': [ '6.2.0', '7.0.0', '8.1.0' ],
2690 silly audit   '@inquirer/external-editor': [ '1.0.3' ],
2690 silly audit   chardet: [ '2.1.1' ],
2690 silly audit   'iconv-lite': [ '0.7.2' ],
2690 silly audit   'file-type': [ '21.3.0' ],
2690 silly audit   iterare: [ '1.2.1' ],
2690 silly audit   'load-esm': [ '1.0.3' ],
2690 silly audit   uid: [ '2.0.2' ],
2690 silly audit   '@nuxt/opencollective': [ '0.4.1' ],
2690 silly audit   'fast-safe-stringify': [ '2.1.1' ],
2690 silly audit   'path-to-regexp': [ '8.3.0' ],
2690 silly audit   cors: [ '2.8.5' ],
2690 silly audit   express: [ '5.2.1' ],
2690 silly audit   multer: [ '2.0.2' ],
2690 silly audit   'comment-json': [ '4.4.1' ],
2690 silly audit   pluralize: [ '8.0.0' ],
2690 silly audit   consola: [ '3.4.2' ],
2690 silly audit   '@types/body-parser': [ '1.19.6' ],
2690 silly audit   '@types/express-serve-static-core': [ '5.1.1' ],
2690 silly audit   '@types/serve-static': [ '2.2.0' ],
2690 silly audit   '@types/connect': [ '3.4.38' ],
2690 silly audit   '@types/qs': [ '6.14.0' ],
2690 silly audit   '@types/range-parser': [ '1.2.7' ],
2690 silly audit   '@types/send': [ '1.2.1' ],
2690 silly audit   expect: [ '30.2.0' ],
2690 silly audit   'pretty-format': [ '30.2.0' ],
2690 silly audit   '@types/http-errors': [ '2.0.5' ],
2690 silly audit   '@types/methods': [ '1.1.4' ],
2690 silly audit   '@types/superagent': [ '8.1.9' ],
2690 silly audit   '@types/cookiejar': [ '2.1.5' ],
2690 silly audit   'form-data': [ '4.0.5' ],
2690 silly audit   readdirp: [ '4.1.2' ],
2690 silly audit   '@colors/colors': [ '1.5.0' ],
2690 silly audit   'string-width': [ '4.2.3', '5.1.2' ],
2690 silly audit   'array-timsort': [ '1.0.3' ],
2690 silly audit   'core-util-is': [ '1.0.3' ],
2690 silly audit   esprima: [ '4.0.1' ],
2690 silly audit   vary: [ '1.1.2' ],
2690 silly audit   'prettier-linter-helpers': [ '1.0.1' ],
2690 silly audit   synckit: [ '0.11.12' ],
2690 silly audit   '@jest/expect-utils': [ '30.2.0' ],
2690 silly audit   '@jest/get-type': [ '30.1.0' ],
2690 silly audit   'jest-matcher-utils': [ '30.2.0' ],
2690 silly audit   'jest-message-util': [ '30.2.0' ],
2690 silly audit   'jest-mock': [ '30.2.0' ],
2690 silly audit   'jest-util': [ '30.2.0' ],
2690 silly audit   accepts: [ '2.0.0' ],
2690 silly audit   'body-parser': [ '2.2.2' ],
2690 silly audit   'content-disposition': [ '1.0.1' ],
2690 silly audit   'content-type': [ '1.0.5' ],
2690 silly audit   cookie: [ '0.7.2' ],
2690 silly audit   'cookie-signature': [ '1.2.2' ],
2690 silly audit   depd: [ '2.0.0' ],
2690 silly audit   encodeurl: [ '2.0.0' ],
2690 silly audit   'escape-html': [ '1.0.3' ],
2690 silly audit   etag: [ '1.8.1' ],
2690 silly audit   finalhandler: [ '2.1.1' ],
2690 silly audit   fresh: [ '2.0.0' ],
2690 silly audit   'http-errors': [ '2.0.1' ],
2690 silly audit   'merge-descriptors': [ '2.0.0' ],
2690 silly audit   'mime-types': [ '3.0.2', '2.1.35' ],
2690 silly audit   'on-finished': [ '2.4.1' ],
2690 silly audit   once: [ '1.4.0' ],
2690 silly audit   parseurl: [ '1.3.3' ],
2690 silly audit   'proxy-addr': [ '2.0.7' ],
2690 silly audit   qs: [ '6.14.1' ],
2690 silly audit   'range-parser': [ '1.2.1' ],
2690 silly audit   router: [ '2.2.0' ],
2690 silly audit   send: [ '1.2.1' ],
2690 silly audit   'serve-static': [ '2.2.1' ],
2690 silly audit   statuses: [ '2.0.2' ],
2690 silly audit   'type-is': [ '2.0.1', '1.6.18' ],
2690 silly audit   negotiator: [ '1.0.0' ],
2690 silly audit   bytes: [ '3.1.2' ],
2690 silly audit   'raw-body': [ '3.0.2' ],
2690 silly audit   '@tokenizer/inflate': [ '0.4.1' ],
2690 silly audit   strtok3: [ '10.3.4' ],
2690 silly audit   'token-types': [ '6.1.2' ],
2690 silly audit   'uint8array-extras': [ '1.5.0' ],
2690 silly audit   cosmiconfig: [ '8.3.6' ],
2690 silly audit   deepmerge: [ '4.3.1' ],
2690 silly audit   'fs-extra': [ '10.1.0' ],
2690 silly audit   memfs: [ '3.5.3' ],
2690 silly audit   'node-abort-controller': [ '3.1.1' ],
2690 silly audit   'schema-utils': [ '3.3.0', '4.3.3' ],
2690 silly audit   tapable: [ '2.3.0' ],
2690 silly audit   'parse-json': [ '5.2.0' ],
2690 silly audit   'path-type': [ '4.0.0' ],
2690 silly audit   asynckit: [ '0.4.0' ],
2690 silly audit   'combined-stream': [ '1.0.8' ],
2690 silly audit   'delayed-stream': [ '1.0.0' ],
2690 silly audit   'graceful-fs': [ '4.2.11' ],
2690 silly audit   jsonfile: [ '6.2.0' ],
2690 silly audit   universalify: [ '2.0.1' ],
2690 silly audit   minipass: [ '7.1.2' ],
2690 silly audit   'path-scurry': [ '2.0.1', '1.11.1' ],
2690 silly audit   inherits: [ '2.0.4' ],
2690 silly audit   setprototypeof: [ '1.2.0' ],
2690 silly audit   toidentifier: [ '1.0.1' ],
2690 silly audit   'safer-buffer': [ '2.1.2' ],
2690 silly audit   '@jest/core': [ '30.2.0' ],
2690 silly audit   '@jest/types': [ '30.2.0' ],
2690 silly audit   'import-local': [ '3.2.0' ],
2690 silly audit   'jest-cli': [ '30.2.0' ],
2690 silly audit   '@jest/console': [ '30.2.0' ],
2690 silly audit   '@jest/pattern': [ '30.0.1' ],
2690 silly audit   '@jest/reporters': [ '30.2.0' ],
2690 silly audit   '@jest/test-result': [ '30.2.0' ],
2690 silly audit   '@jest/transform': [ '30.2.0' ],
2690 silly audit   'ansi-escapes': [ '4.3.2' ],
2690 silly audit   'ci-info': [ '4.3.1' ],
2690 silly audit   'exit-x': [ '0.2.2' ],
2690 silly audit   'jest-changed-files': [ '30.2.0' ],
2690 silly audit   'jest-config': [ '30.2.0' ],
2690 silly audit   'jest-haste-map': [ '30.2.0' ],
2690 silly audit   'jest-regex-util': [ '30.0.1' ],
2690 silly audit   'jest-resolve': [ '30.2.0' ],
2690 silly audit   'jest-resolve-dependencies': [ '30.2.0' ],
2690 silly audit   'jest-runner': [ '30.2.0' ],
2690 silly audit   'jest-runtime': [ '30.2.0' ],
2690 silly audit   'jest-snapshot': [ '30.2.0' ],
2690 silly audit   'jest-validate': [ '30.2.0' ],
2690 silly audit   'jest-watcher': [ '30.2.0' ],
2690 silly audit   slash: [ '3.0.0' ],
2690 silly audit   '@bcoe/v8-coverage': [ '0.2.3' ],
2690 silly audit   'collect-v8-coverage': [ '1.0.3' ],
2690 silly audit   'istanbul-lib-coverage': [ '3.2.2' ],
2690 silly audit   'istanbul-lib-instrument': [ '6.0.3' ],
2690 silly audit   'istanbul-lib-report': [ '3.0.1' ],
2690 silly audit   'istanbul-lib-source-maps': [ '5.0.6' ],
2690 silly audit   'istanbul-reports': [ '3.2.0' ],
2690 silly audit   'jest-worker': [ '30.2.0', '27.5.1' ],
2690 silly audit   'string-length': [ '4.0.2' ],
2690 silly audit   'v8-to-istanbul': [ '9.3.0' ],
2690 silly audit   '@types/istanbul-lib-coverage': [ '2.0.6' ],
2690 silly audit   'babel-plugin-istanbul': [ '7.0.1' ],
2690 silly audit   pirates: [ '4.0.7' ],
2690 silly audit   'write-file-atomic': [ '5.0.1' ],
2690 silly audit   '@jest/schemas': [ '30.0.5' ],
2690 silly audit   '@types/istanbul-reports': [ '3.0.4' ],
2690 silly audit   '@types/yargs': [ '17.0.35' ],
2690 silly audit   '@sinclair/typebox': [ '0.34.47' ],
2690 silly audit   '@types/istanbul-lib-report': [ '3.0.3' ],
2690 silly audit   '@types/yargs-parser': [ '21.0.3' ],
2690 silly audit   'type-fest': [ '0.21.3', '4.41.0' ],
2690 silly audit   '@babel/helper-plugin-utils': [ '7.28.6' ],
2690 silly audit   '@istanbuljs/load-nyc-config': [ '1.1.0' ],
2690 silly audit   '@istanbuljs/schema': [ '0.1.3' ],
2690 silly audit   'test-exclude': [ '6.0.0' ],
2690 silly audit   camelcase: [ '5.3.1', '6.3.0' ],
2690 silly audit   'get-package-type': [ '0.1.0' ],
2690 silly audit   'pkg-dir': [ '4.2.0' ],
2690 silly audit   'resolve-cwd': [ '3.0.0' ],
2690 silly audit   'make-dir': [ '4.0.0' ],
2690 silly audit   'html-escaper': [ '2.0.2' ],
2690 silly audit   execa: [ '5.1.1' ],
2690 silly audit   'get-stream': [ '6.0.1' ],
2690 silly audit   'human-signals': [ '2.1.0' ],
2690 silly audit   'is-stream': [ '2.0.1' ],
2690 silly audit   'merge-stream': [ '2.0.0' ],
2690 silly audit   'npm-run-path': [ '4.0.1' ],
2690 silly audit   onetime: [ '5.1.2' ],
2690 silly audit   'strip-final-newline': [ '2.0.0' ],
2690 silly audit   yargs: [ '17.7.2' ],
2690 silly audit   '@jest/test-sequencer': [ '30.2.0' ],
2690 silly audit   'babel-jest': [ '30.2.0' ],
2690 silly audit   'jest-circus': [ '30.2.0' ],
2690 silly audit   'jest-docblock': [ '30.2.0' ],
2690 silly audit   'jest-environment-node': [ '30.2.0' ],
2690 silly audit   '@types/babel__core': [ '7.20.5' ],
2690 silly audit   'babel-preset-jest': [ '30.2.0' ],
2690 silly audit   '@types/babel__generator': [ '7.27.0' ],
2690 silly audit   '@types/babel__template': [ '7.4.4' ],
2690 silly audit   '@types/babel__traverse': [ '7.28.0' ],
2690 silly audit   'babel-plugin-jest-hoist': [ '30.2.0' ],
2690 silly audit   'babel-preset-current-node-syntax': [ '1.2.0' ],
2690 silly audit   '@babel/plugin-syntax-async-generators': [ '7.8.4' ],
2690 silly audit   '@babel/plugin-syntax-bigint': [ '7.8.3' ],
2690 silly audit   '@babel/plugin-syntax-class-properties': [ '7.12.13' ],
2690 silly audit   '@babel/plugin-syntax-class-static-block': [ '7.14.5' ],
2690 silly audit   '@babel/plugin-syntax-import-attributes': [ '7.28.6' ],
2690 silly audit   '@babel/plugin-syntax-import-meta': [ '7.10.4' ],
2690 silly audit   '@babel/plugin-syntax-json-strings': [ '7.8.3' ],
2690 silly audit   '@babel/plugin-syntax-logical-assignment-operators': [ '7.10.4' ],
2690 silly audit   '@babel/plugin-syntax-nullish-coalescing-operator': [ '7.8.3' ],
2690 silly audit   '@babel/plugin-syntax-numeric-separator': [ '7.10.4' ],
2690 silly audit   '@babel/plugin-syntax-object-rest-spread': [ '7.8.3' ],
2690 silly audit   '@babel/plugin-syntax-optional-catch-binding': [ '7.8.3' ],
2690 silly audit   '@babel/plugin-syntax-optional-chaining': [ '7.8.3' ],
2690 silly audit   '@babel/plugin-syntax-private-property-in-object': [ '7.14.5' ],
2690 silly audit   '@babel/plugin-syntax-top-level-await': [ '7.14.5' ],
2690 silly audit   '@jest/environment': [ '30.2.0' ],
2690 silly audit   '@jest/expect': [ '30.2.0' ],
2690 silly audit   co: [ '4.6.0' ],
2690 silly audit   dedent: [ '1.7.1' ],
2690 silly audit   'is-generator-fn': [ '2.1.0' ],
2690 silly audit   'jest-each': [ '30.2.0' ],
2690 silly audit   'pure-rand': [ '7.0.1' ],
2690 silly audit   'stack-utils': [ '2.0.6' ],
2690 silly audit   '@jest/fake-timers': [ '30.2.0' ],
2690 silly audit   '@sinonjs/fake-timers': [ '13.0.5' ],
2690 silly audit   '@sinonjs/commons': [ '3.0.1' ],
2690 silly audit   'type-detect': [ '4.0.8' ],
2690 silly audit   'detect-newline': [ '3.1.0' ],
2690 silly audit   anymatch: [ '3.1.3' ],
2690 silly audit   'fb-watchman': [ '2.0.2' ],
2690 silly audit   fsevents: [ '2.3.3' ],
2690 silly audit   walker: [ '1.0.8' ],
2690 silly audit   'normalize-path': [ '3.0.0' ],
2690 silly audit   bser: [ '2.1.1' ],
2690 silly audit   'node-int64': [ '0.4.0' ],
2690 silly audit   'jest-diff': [ '30.2.0' ],
2690 silly audit   '@jest/diff-sequences': [ '30.0.1' ],
2690 silly audit   '@types/stack-utils': [ '2.0.3' ],
2690 silly audit   'jest-pnp-resolver': [ '1.2.3' ],
2690 silly audit   emittery: [ '0.13.1' ],
2690 silly audit   'jest-leak-detector': [ '30.2.0' ],
2690 silly audit   '@jest/globals': [ '30.2.0' ],
2690 silly audit   '@jest/source-map': [ '30.0.1' ],
2690 silly audit   'cjs-module-lexer': [ '2.2.0' ],
2690 silly audit   '@babel/plugin-syntax-jsx': [ '7.28.6' ],
2690 silly audit   '@babel/plugin-syntax-typescript': [ '7.28.6' ],
2690 silly audit   '@jest/snapshot-utils': [ '30.2.0' ],
2690 silly audit   leven: [ '3.1.0' ],
2690 silly audit   '@ungap/structured-clone': [ '1.3.0' ],
2690 silly audit   'fs-monkey': [ '1.1.0' ],
2690 silly audit   'mime-db': [ '1.54.0', '1.52.0' ],
2690 silly audit   'append-field': [ '1.0.0' ],
2690 silly audit   busboy: [ '1.6.0' ],
2690 silly audit   'concat-stream': [ '2.0.0' ],
2690 silly audit   mkdirp: [ '0.5.6' ],
2690 silly audit   xtend: [ '4.0.2' ],
2690 silly audit   streamsearch: [ '1.1.0' ],
2690 silly audit   'buffer-from': [ '1.1.2' ],
2690 silly audit   'readable-stream': [ '3.6.2' ],
2690 silly audit   typedarray: [ '0.0.6' ],
2690 silly audit   lodash: [ '4.17.21' ],
2690 silly audit   'ee-first': [ '1.1.1' ],
2690 silly audit   wrappy: [ '1.0.2' ],
2690 silly audit   'mimic-fn': [ '2.1.0' ],
2690 silly audit   bl: [ '4.1.0' ],
2690 silly audit   'cli-cursor': [ '3.1.0' ],
2690 silly audit   'cli-spinners': [ '2.9.2' ],
2690 silly audit   'is-interactive': [ '1.0.0' ],
2690 silly audit   'is-unicode-supported': [ '0.1.0' ],
2690 silly audit   'log-symbols': [ '4.1.0' ],
2690 silly audit   'strip-ansi': [ '6.0.1', '7.1.2' ],
2690 silly audit   wcwidth: [ '1.0.1' ],
2690 silly audit   buffer: [ '5.7.1' ],
2690 silly audit   'base64-js': [ '1.5.1' ],
2690 silly audit   ieee754: [ '1.2.1' ],
2690 silly audit   'restore-cursor': [ '3.1.0' ],
2690 silly audit   'error-ex': [ '1.3.4' ],
2690 silly audit   'json-parse-even-better-errors': [ '2.3.1' ],
2690 silly audit   'lines-and-columns': [ '1.2.4' ],
2690 silly audit   'is-arrayish': [ '0.2.1' ],
2690 silly audit   'fast-diff': [ '1.3.0' ],
2690 silly audit   forwarded: [ '0.2.0' ],
2690 silly audit   'ipaddr.js': [ '1.9.1' ],
2690 silly audit   unpipe: [ '1.0.0' ],
2690 silly audit   string_decoder: [ '1.3.0' ],
2690 silly audit   'util-deprecate': [ '1.0.2' ],
2690 silly audit   'is-promise': [ '4.0.0' ],
2690 silly audit   'ajv-keywords': [ '3.5.2', '5.1.0' ],
2690 silly audit   'safe-buffer': [ '5.2.1' ],
2690 silly audit   'char-regex': [ '1.0.2' ],
2690 silly audit   'is-fullwidth-code-point': [ '3.0.0' ],
2690 silly audit   'ansi-regex': [ '5.0.1', '6.2.2' ],
2690 silly audit   '@tokenizer/token': [ '0.3.0' ],
2690 silly audit   methods: [ '1.1.2' ],
2690 silly audit   superagent: [ '10.3.0' ],
2690 silly audit   'component-emitter': [ '1.3.1' ],
2690 silly audit   cookiejar: [ '2.1.4' ],
2690 silly audit   formidable: [ '3.5.4' ],
2690 silly audit   mime: [ '2.6.0' ],
2690 silly audit   '@paralleldrive/cuid2': [ '2.3.1' ],
2690 silly audit   dezalgo: [ '1.0.4' ],
2690 silly audit   '@noble/hashes': [ '1.8.0' ],
2690 silly audit   asap: [ '2.0.6' ],
2690 silly audit   '@pkgr/core': [ '0.2.9' ],
2690 silly audit   '@borewit/text-codec': [ '0.2.1' ],
2690 silly audit   'bs-logger': [ '0.2.6' ],
2690 silly audit   handlebars: [ '4.7.8' ],
2690 silly audit   'lodash.memoize': [ '4.1.2' ],
2690 silly audit   'make-error': [ '1.3.6' ],
2690 silly audit   'neo-async': [ '2.6.2' ],
2690 silly audit   'uglify-js': [ '3.19.3' ],
2690 silly audit   wordwrap: [ '1.0.0' ],
2690 silly audit   'enhanced-resolve': [ '5.18.4' ],
2690 silly audit   '@cspotcode/source-map-support': [ '0.8.1' ],
2690 silly audit   '@tsconfig/node10': [ '1.0.12' ],
2690 silly audit   '@tsconfig/node12': [ '1.0.11' ],
2690 silly audit   '@tsconfig/node14': [ '1.0.3' ],
2690 silly audit   '@tsconfig/node16': [ '1.0.4' ],
2690 silly audit   'acorn-walk': [ '8.3.4' ],
2690 silly audit   arg: [ '4.1.3' ],
2690 silly audit   'create-require': [ '1.1.1' ],
2690 silly audit   diff: [ '4.0.2' ],
2690 silly audit   'v8-compile-cache-lib': [ '3.0.1' ],
2690 silly audit   yn: [ '3.1.1' ],
2690 silly audit   'media-typer': [ '1.1.0', '0.3.0' ],
2690 silly audit   '@lukeed/csprng': [ '1.1.0' ],
2690 silly audit   makeerror: [ '1.0.12' ],
2690 silly audit   tmpl: [ '1.0.5' ],
2690 silly audit   defaults: [ '1.0.4' ],
2690 silly audit   clone: [ '1.0.4' ],
2690 silly audit   '@types/eslint-scope': [ '3.7.7' ],
2690 silly audit   '@webassemblyjs/ast': [ '1.14.1' ],
2690 silly audit   '@webassemblyjs/wasm-edit': [ '1.14.1' ],
2690 silly audit   '@webassemblyjs/wasm-parser': [ '1.14.1' ],
2690 silly audit   'acorn-import-phases': [ '1.0.4' ],
2690 silly audit   'chrome-trace-event': [ '1.0.4' ],
2690 silly audit   'es-module-lexer': [ '2.0.0' ],
2690 silly audit   events: [ '3.3.0' ],
2690 silly audit   'glob-to-regexp': [ '0.4.1' ],
2690 silly audit   'loader-runner': [ '4.3.1' ],
2690 silly audit   'terser-webpack-plugin': [ '5.3.16' ],
2690 silly audit   watchpack: [ '2.5.1' ],
2690 silly audit   'webpack-sources': [ '3.3.3' ],
2690 silly audit   '@types/eslint': [ '9.6.1' ],
2690 silly audit   '@webassemblyjs/helper-numbers': [ '1.13.2' ],
2690 silly audit   '@webassemblyjs/helper-wasm-bytecode': [ '1.13.2' ],
2690 silly audit   '@webassemblyjs/floating-point-hex-parser': [ '1.13.2' ],
2690 silly audit   '@webassemblyjs/helper-api-error': [ '1.13.2' ],
2690 silly audit   '@xtuc/long': [ '4.2.2' ],
2690 silly audit   '@webassemblyjs/helper-buffer': [ '1.14.1' ],
2690 silly audit   '@webassemblyjs/helper-wasm-section': [ '1.14.1' ],
2690 silly audit   '@webassemblyjs/wasm-gen': [ '1.14.1' ],
2690 silly audit   '@webassemblyjs/wasm-opt': [ '1.14.1' ],
2690 silly audit   '@webassemblyjs/wast-printer': [ '1.14.1' ],
2690 silly audit   '@webassemblyjs/ieee754': [ '1.13.2' ],
2690 silly audit   '@webassemblyjs/leb128': [ '1.13.2' ],
2690 silly audit   '@webassemblyjs/utf8': [ '1.13.2' ],
2690 silly audit   '@xtuc/ieee754': [ '1.2.0' ],
2690 silly audit   'serialize-javascript': [ '6.0.2' ],
2690 silly audit   terser: [ '5.46.0' ],
2690 silly audit   randombytes: [ '2.1.0' ],
2690 silly audit   '@jridgewell/source-map': [ '0.3.11' ],
2690 silly audit   cliui: [ '8.0.1' ],
2690 silly audit   'get-caller-file': [ '2.0.5' ],
2690 silly audit   'require-directory': [ '2.1.1' ],
2690 silly audit   y18n: [ '5.0.8' ],
2690 silly audit   'fast-uri': [ '3.1.0' ],
2690 silly audit   'require-from-string': [ '2.0.2' ],
2690 silly audit   'sprintf-js': [ '1.0.3' ],
2690 silly audit   'p-try': [ '2.2.0' ],
2690 silly audit   'foreground-child': [ '3.3.1' ],
2690 silly audit   jackspeak: [ '3.4.3' ],
2690 silly audit   'package-json-from-dist': [ '1.0.1' ],
2690 silly audit   '@isaacs/cliui': [ '8.0.2' ],
2690 silly audit   '@pkgjs/parseargs': [ '0.11.0' ],
2690 silly audit   eastasianwidth: [ '0.2.0' ],
2690 silly audit   '@babel/helper-string-parser': [ '7.27.1' ],
2690 silly audit   '@isaacs/brace-expansion': [ '5.0.0' ],
2690 silly audit   '@isaacs/balanced-match': [ '4.0.1' ],
2690 silly audit   'fs.realpath': [ '1.0.0' ],
2690 silly audit   inflight: [ '1.0.6' ],
2690 silly audit   'path-is-absolute': [ '1.0.1' ]
2690 silly audit }
2691 verbose reify failed optional dependency /mnt/c/Users/matma/Documents/MyDigitalSchool/M1/OrigAMI/site/node_modules/fsevents
2692 silly reify mark deleted [
2692 silly reify   '/mnt/c/Users/matma/Documents/MyDigitalSchool/M1/OrigAMI/site/node_modules/fsevents'
2692 silly reify ]
2693 http fetch POST 200 https://registry.npmjs.org/-/npm/v1/security/advisories/bulk 1615ms
2694 silly audit report {
2694 silly audit report   diff: [
2694 silly audit report     {
2694 silly audit report       id: 1112148,
2694 silly audit report       url: 'https://github.com/advisories/GHSA-73rr-hh4g-fpgx',
2694 silly audit report       title: 'jsdiff has a Denial of Service vulnerability in parsePatch and applyPatch',
2694 silly audit report       severity: 'low',
2694 silly audit report       vulnerable_versions: '<8.0.3',
2694 silly audit report       cwe: [Array],
2694 silly audit report       cvss: [Object]
2694 silly audit report     }
2694 silly audit report   ]
2694 silly audit report }
2695 silly packumentCache corgi:https://registry.npmjs.org/diff cache-miss
2696 silly tarball no local data for path-is-absolute@https://registry.npmjs.org/path-is-absolute/-/path-is-absolute-1.0.1.tgz. Extracting by manifest.
2697 silly tarball no local data for fs.realpath@https://registry.npmjs.org/fs.realpath/-/fs.realpath-1.0.0.tgz. Extracting by manifest.
2698 silly tarball no local data for inflight@https://registry.npmjs.org/inflight/-/inflight-1.0.6.tgz. Extracting by manifest.
2699 silly tarball no local data for eastasianwidth@https://registry.npmjs.org/eastasianwidth/-/eastasianwidth-0.2.0.tgz. Extracting by manifest.
2700 silly tarball no local data for wrap-ansi-cjs@https://registry.npmjs.org/wrap-ansi/-/wrap-ansi-7.0.0.tgz. Extracting by manifest.
2701 silly tarball no local data for jackspeak@https://registry.npmjs.org/jackspeak/-/jackspeak-3.4.3.tgz. Extracting by manifest.
2702 silly tarball no local data for p-try@https://registry.npmjs.org/p-try/-/p-try-2.2.0.tgz. Extracting by manifest.
2703 silly tarball no local data for @pkgjs/parseargs@https://registry.npmjs.org/@pkgjs/parseargs/-/parseargs-0.11.0.tgz. Extracting by manifest.
2704 silly tarball no local data for foreground-child@https://registry.npmjs.org/foreground-child/-/foreground-child-3.3.1.tgz. Extracting by manifest.
2705 silly tarball no local data for package-json-from-dist@https://registry.npmjs.org/package-json-from-dist/-/package-json-from-dist-1.0.1.tgz. Extracting by manifest.
2706 silly tarball no local data for sprintf-js@https://registry.npmjs.org/sprintf-js/-/sprintf-js-1.0.3.tgz. Extracting by manifest.
2707 silly tarball no local data for @isaacs/cliui@https://registry.npmjs.org/@isaacs/cliui/-/cliui-8.0.2.tgz. Extracting by manifest.
2708 silly tarball no local data for require-directory@https://registry.npmjs.org/require-directory/-/require-directory-2.1.1.tgz. Extracting by manifest.
2709 silly tarball no local data for y18n@https://registry.npmjs.org/y18n/-/y18n-5.0.8.tgz. Extracting by manifest.
2710 silly tarball no local data for get-caller-file@https://registry.npmjs.org/get-caller-file/-/get-caller-file-2.0.5.tgz. Extracting by manifest.
2711 silly tarball no local data for cliui@https://registry.npmjs.org/cliui/-/cliui-8.0.1.tgz. Extracting by manifest.
2712 silly tarball no local data for yn@https://registry.npmjs.org/yn/-/yn-3.1.1.tgz. Extracting by manifest.
2713 silly tarball no local data for tmpl@https://registry.npmjs.org/tmpl/-/tmpl-1.0.5.tgz. Extracting by manifest.
2714 silly tarball no local data for diff@https://registry.npmjs.org/diff/-/diff-4.0.2.tgz. Extracting by manifest.
2715 silly tarball no local data for v8-compile-cache-lib@https://registry.npmjs.org/v8-compile-cache-lib/-/v8-compile-cache-lib-3.0.1.tgz. Extracting by manifest.
2716 silly tarball no local data for acorn-walk@https://registry.npmjs.org/acorn-walk/-/acorn-walk-8.3.4.tgz. Extracting by manifest.
2717 silly tarball no local data for arg@https://registry.npmjs.org/arg/-/arg-4.1.3.tgz. Extracting by manifest.
2718 silly tarball no local data for makeerror@https://registry.npmjs.org/makeerror/-/makeerror-1.0.12.tgz. Extracting by manifest.
2719 silly tarball no local data for media-typer@https://registry.npmjs.org/media-typer/-/media-typer-1.1.0.tgz. Extracting by manifest.
2720 silly tarball no local data for create-require@https://registry.npmjs.org/create-require/-/create-require-1.1.1.tgz. Extracting by manifest.
2721 silly tarball no local data for @tsconfig/node16@https://registry.npmjs.org/@tsconfig/node16/-/node16-1.0.4.tgz. Extracting by manifest.
2722 silly tarball no local data for @tsconfig/node14@https://registry.npmjs.org/@tsconfig/node14/-/node14-1.0.3.tgz. Extracting by manifest.
2723 silly tarball no local data for @lukeed/csprng@https://registry.npmjs.org/@lukeed/csprng/-/csprng-1.1.0.tgz. Extracting by manifest.
2724 silly tarball no local data for wordwrap@https://registry.npmjs.org/wordwrap/-/wordwrap-1.0.0.tgz. Extracting by manifest.
2725 silly tarball no local data for @tsconfig/node12@https://registry.npmjs.org/@tsconfig/node12/-/node12-1.0.11.tgz. Extracting by manifest.
2726 silly tarball no local data for uglify-js@https://registry.npmjs.org/uglify-js/-/uglify-js-3.19.3.tgz. Extracting by manifest.
2727 silly tarball no local data for @tsconfig/node10@https://registry.npmjs.org/@tsconfig/node10/-/node10-1.0.12.tgz. Extracting by manifest.
2728 silly tarball no local data for asap@https://registry.npmjs.org/asap/-/asap-2.0.6.tgz. Extracting by manifest.
2729 silly tarball no local data for lodash.memoize@https://registry.npmjs.org/lodash.memoize/-/lodash.memoize-4.1.2.tgz. Extracting by manifest.
2730 silly tarball no local data for make-error@https://registry.npmjs.org/make-error/-/make-error-1.3.6.tgz. Extracting by manifest.
2731 silly tarball no local data for @cspotcode/source-map-support@https://registry.npmjs.org/@cspotcode/source-map-support/-/source-map-support-0.8.1.tgz. Extracting by manifest.
2732 silly tarball no local data for dezalgo@https://registry.npmjs.org/dezalgo/-/dezalgo-1.0.4.tgz. Extracting by manifest.
2733 silly tarball no local data for handlebars@https://registry.npmjs.org/handlebars/-/handlebars-4.7.8.tgz. Extracting by manifest.
2734 silly tarball no local data for bs-logger@https://registry.npmjs.org/bs-logger/-/bs-logger-0.2.6.tgz. Extracting by manifest.
2735 silly tarball no local data for @pkgr/core@https://registry.npmjs.org/@pkgr/core/-/core-0.2.9.tgz. Extracting by manifest.
2736 silly tarball no local data for @noble/hashes@https://registry.npmjs.org/@noble/hashes/-/hashes-1.8.0.tgz. Extracting by manifest.
2737 silly tarball no local data for cookiejar@https://registry.npmjs.org/cookiejar/-/cookiejar-2.1.4.tgz. Extracting by manifest.
2738 silly tarball no local data for @borewit/text-codec@https://registry.npmjs.org/@borewit/text-codec/-/text-codec-0.2.1.tgz. Extracting by manifest.
2739 silly tarball no local data for @paralleldrive/cuid2@https://registry.npmjs.org/@paralleldrive/cuid2/-/cuid2-2.3.1.tgz. Extracting by manifest.
2740 silly tarball no local data for component-emitter@https://registry.npmjs.org/component-emitter/-/component-emitter-1.3.1.tgz. Extracting by manifest.
2741 silly tarball no local data for mime@https://registry.npmjs.org/mime/-/mime-2.6.0.tgz. Extracting by manifest.
2742 silly tarball no local data for formidable@https://registry.npmjs.org/formidable/-/formidable-3.5.4.tgz. Extracting by manifest.
2743 silly tarball no local data for methods@https://registry.npmjs.org/methods/-/methods-1.1.2.tgz. Extracting by manifest.
2744 silly tarball no local data for superagent@https://registry.npmjs.org/superagent/-/superagent-10.3.0.tgz. Extracting by manifest.
2745 silly tarball no local data for char-regex@https://registry.npmjs.org/char-regex/-/char-regex-1.0.2.tgz. Extracting by manifest.
2746 silly tarball no local data for is-promise@https://registry.npmjs.org/is-promise/-/is-promise-4.0.0.tgz. Extracting by manifest.
2747 silly tarball no local data for ipaddr.js@https://registry.npmjs.org/ipaddr.js/-/ipaddr.js-1.9.1.tgz. Extracting by manifest.
2748 silly tarball no local data for fast-diff@https://registry.npmjs.org/fast-diff/-/fast-diff-1.3.0.tgz. Extracting by manifest.
2749 silly tarball no local data for forwarded@https://registry.npmjs.org/forwarded/-/forwarded-0.2.0.tgz. Extracting by manifest.
2750 silly tarball no local data for @tokenizer/token@https://registry.npmjs.org/@tokenizer/token/-/token-0.3.0.tgz. Extracting by manifest.
2751 silly tarball no local data for unpipe@https://registry.npmjs.org/unpipe/-/unpipe-1.0.0.tgz. Extracting by manifest.
2752 silly tarball no local data for ee-first@https://registry.npmjs.org/ee-first/-/ee-first-1.1.1.tgz. Extracting by manifest.
2753 silly tarball no local data for wrappy@https://registry.npmjs.org/wrappy/-/wrappy-1.0.2.tgz. Extracting by manifest.
2754 silly tarball no local data for typedarray@https://registry.npmjs.org/typedarray/-/typedarray-0.0.6.tgz. Extracting by manifest.
2755 silly tarball no local data for streamsearch@https://registry.npmjs.org/streamsearch/-/streamsearch-1.1.0.tgz. Extracting by manifest.
2756 silly tarball no local data for xtend@https://registry.npmjs.org/xtend/-/xtend-4.0.2.tgz. Extracting by manifest.
2757 silly tarball no local data for concat-stream@https://registry.npmjs.org/concat-stream/-/concat-stream-2.0.0.tgz. Extracting by manifest.
2758 silly tarball no local data for mkdirp@https://registry.npmjs.org/mkdirp/-/mkdirp-0.5.6.tgz. Extracting by manifest.
2759 silly tarball no local data for leven@https://registry.npmjs.org/leven/-/leven-3.1.0.tgz. Extracting by manifest.
2760 silly tarball no local data for busboy@https://registry.npmjs.org/busboy/-/busboy-1.6.0.tgz. Extracting by manifest.
2761 silly tarball no local data for @babel/plugin-syntax-typescript@https://registry.npmjs.org/@babel/plugin-syntax-typescript/-/plugin-syntax-typescript-7.28.6.tgz. Extracting by manifest.
2762 silly tarball no local data for append-field@https://registry.npmjs.org/append-field/-/append-field-1.0.0.tgz. Extracting by manifest.
2763 silly tarball no local data for mime-db@https://registry.npmjs.org/mime-db/-/mime-db-1.54.0.tgz. Extracting by manifest.
2764 silly tarball no local data for @babel/plugin-syntax-jsx@https://registry.npmjs.org/@babel/plugin-syntax-jsx/-/plugin-syntax-jsx-7.28.6.tgz. Extracting by manifest.
2765 silly tarball no local data for cjs-module-lexer@https://registry.npmjs.org/cjs-module-lexer/-/cjs-module-lexer-2.2.0.tgz. Extracting by manifest.
2766 silly tarball no local data for jest-leak-detector@https://registry.npmjs.org/jest-leak-detector/-/jest-leak-detector-30.2.0.tgz. Extracting by manifest.
2767 silly tarball no local data for @ungap/structured-clone@https://registry.npmjs.org/@ungap/structured-clone/-/structured-clone-1.3.0.tgz. Extracting by manifest.
2768 silly tarball no local data for @jest/snapshot-utils@https://registry.npmjs.org/@jest/snapshot-utils/-/snapshot-utils-30.2.0.tgz. Extracting by manifest.
2769 silly tarball no local data for @jest/globals@https://registry.npmjs.org/@jest/globals/-/globals-30.2.0.tgz. Extracting by manifest.
2770 silly tarball no local data for emittery@https://registry.npmjs.org/emittery/-/emittery-0.13.1.tgz. Extracting by manifest.
2771 silly tarball no local data for @jest/source-map@https://registry.npmjs.org/@jest/source-map/-/source-map-30.0.1.tgz. Extracting by manifest.
2772 silly tarball no local data for jest-pnp-resolver@https://registry.npmjs.org/jest-pnp-resolver/-/jest-pnp-resolver-1.2.3.tgz. Extracting by manifest.
2773 silly tarball no local data for jest-diff@https://registry.npmjs.org/jest-diff/-/jest-diff-30.2.0.tgz. Extracting by manifest.
2774 silly tarball no local data for @jest/diff-sequences@https://registry.npmjs.org/@jest/diff-sequences/-/diff-sequences-30.0.1.tgz. Extracting by manifest.
2775 silly tarball no local data for node-int64@https://registry.npmjs.org/node-int64/-/node-int64-0.4.0.tgz. Extracting by manifest.
2776 silly tarball no local data for bser@https://registry.npmjs.org/bser/-/bser-2.1.1.tgz. Extracting by manifest.
2777 silly tarball no local data for normalize-path@https://registry.npmjs.org/normalize-path/-/normalize-path-3.0.0.tgz. Extracting by manifest.
2778 silly tarball no local data for @types/stack-utils@https://registry.npmjs.org/@types/stack-utils/-/stack-utils-2.0.3.tgz. Extracting by manifest.
2779 silly tarball no local data for detect-newline@https://registry.npmjs.org/detect-newline/-/detect-newline-3.1.0.tgz. Extracting by manifest.
2780 silly tarball no local data for fb-watchman@https://registry.npmjs.org/fb-watchman/-/fb-watchman-2.0.2.tgz. Extracting by manifest.
2781 silly tarball no local data for type-detect@https://registry.npmjs.org/type-detect/-/type-detect-4.0.8.tgz. Extracting by manifest.
2782 silly tarball no local data for walker@https://registry.npmjs.org/walker/-/walker-1.0.8.tgz. Extracting by manifest.
2783 silly tarball no local data for jest-each@https://registry.npmjs.org/jest-each/-/jest-each-30.2.0.tgz. Extracting by manifest.
2784 silly tarball no local data for @sinonjs/commons@https://registry.npmjs.org/@sinonjs/commons/-/commons-3.0.1.tgz. Extracting by manifest.
2785 silly tarball no local data for anymatch@https://registry.npmjs.org/anymatch/-/anymatch-3.1.3.tgz. Extracting by manifest.
2786 silly tarball no local data for is-generator-fn@https://registry.npmjs.org/is-generator-fn/-/is-generator-fn-2.1.0.tgz. Extracting by manifest.
2787 silly tarball no local data for @sinonjs/fake-timers@https://registry.npmjs.org/@sinonjs/fake-timers/-/fake-timers-13.0.5.tgz. Extracting by manifest.
2788 silly tarball no local data for stack-utils@https://registry.npmjs.org/stack-utils/-/stack-utils-2.0.6.tgz. Extracting by manifest.
2789 silly tarball no local data for @jest/fake-timers@https://registry.npmjs.org/@jest/fake-timers/-/fake-timers-30.2.0.tgz. Extracting by manifest.
2790 silly tarball no local data for dedent@https://registry.npmjs.org/dedent/-/dedent-1.7.1.tgz. Extracting by manifest.
2791 silly tarball no local data for pure-rand@https://registry.npmjs.org/pure-rand/-/pure-rand-7.0.1.tgz. Extracting by manifest.
2792 silly tarball no local data for @jest/environment@https://registry.npmjs.org/@jest/environment/-/environment-30.2.0.tgz. Extracting by manifest.
2793 silly tarball no local data for @babel/plugin-syntax-object-rest-spread@https://registry.npmjs.org/@babel/plugin-syntax-object-rest-spread/-/plugin-syntax-object-rest-spread-7.8.3.tgz. Extracting by manifest.
2794 silly tarball no local data for @jest/expect@https://registry.npmjs.org/@jest/expect/-/expect-30.2.0.tgz. Extracting by manifest.
2795 silly tarball no local data for @babel/plugin-syntax-top-level-await@https://registry.npmjs.org/@babel/plugin-syntax-top-level-await/-/plugin-syntax-top-level-await-7.14.5.tgz. Extracting by manifest.
2796 silly tarball no local data for co@https://registry.npmjs.org/co/-/co-4.6.0.tgz. Extracting by manifest.
2797 silly tarball no local data for @babel/plugin-syntax-numeric-separator@https://registry.npmjs.org/@babel/plugin-syntax-numeric-separator/-/plugin-syntax-numeric-separator-7.10.4.tgz. Extracting by manifest.
2798 silly tarball no local data for @babel/plugin-syntax-optional-chaining@https://registry.npmjs.org/@babel/plugin-syntax-optional-chaining/-/plugin-syntax-optional-chaining-7.8.3.tgz. Extracting by manifest.
2799 silly tarball no local data for @babel/plugin-syntax-json-strings@https://registry.npmjs.org/@babel/plugin-syntax-json-strings/-/plugin-syntax-json-strings-7.8.3.tgz. Extracting by manifest.
2800 silly tarball no local data for @babel/plugin-syntax-logical-assignment-operators@https://registry.npmjs.org/@babel/plugin-syntax-logical-assignment-operators/-/plugin-syntax-logical-assignment-operators-7.10.4.tgz. Extracting by manifest.
2801 silly tarball no local data for @babel/plugin-syntax-import-attributes@https://registry.npmjs.org/@babel/plugin-syntax-import-attributes/-/plugin-syntax-import-attributes-7.28.6.tgz. Extracting by manifest.
2802 silly tarball no local data for @babel/plugin-syntax-import-meta@https://registry.npmjs.org/@babel/plugin-syntax-import-meta/-/plugin-syntax-import-meta-7.10.4.tgz. Extracting by manifest.
2803 silly tarball no local data for @babel/plugin-syntax-class-properties@https://registry.npmjs.org/@babel/plugin-syntax-class-properties/-/plugin-syntax-class-properties-7.12.13.tgz. Extracting by manifest.
2804 silly tarball no local data for @babel/plugin-syntax-class-static-block@https://registry.npmjs.org/@babel/plugin-syntax-class-static-block/-/plugin-syntax-class-static-block-7.14.5.tgz. Extracting by manifest.
2805 silly tarball no local data for @babel/plugin-syntax-optional-catch-binding@https://registry.npmjs.org/@babel/plugin-syntax-optional-catch-binding/-/plugin-syntax-optional-catch-binding-7.8.3.tgz. Extracting by manifest.
2806 silly tarball no local data for @babel/plugin-syntax-bigint@https://registry.npmjs.org/@babel/plugin-syntax-bigint/-/plugin-syntax-bigint-7.8.3.tgz. Extracting by manifest.
2807 silly tarball no local data for babel-preset-current-node-syntax@https://registry.npmjs.org/babel-preset-current-node-syntax/-/babel-preset-current-node-syntax-1.2.0.tgz. Extracting by manifest.
2808 silly tarball no local data for babel-plugin-jest-hoist@https://registry.npmjs.org/babel-plugin-jest-hoist/-/babel-plugin-jest-hoist-30.2.0.tgz. Extracting by manifest.
2809 silly tarball no local data for @babel/plugin-syntax-nullish-coalescing-operator@https://registry.npmjs.org/@babel/plugin-syntax-nullish-coalescing-operator/-/plugin-syntax-nullish-coalescing-operator-7.8.3.tgz. Extracting by manifest.
2810 silly tarball no local data for @babel/plugin-syntax-async-generators@https://registry.npmjs.org/@babel/plugin-syntax-async-generators/-/plugin-syntax-async-generators-7.8.4.tgz. Extracting by manifest.
2811 silly tarball no local data for @types/babel__traverse@https://registry.npmjs.org/@types/babel__traverse/-/babel__traverse-7.28.0.tgz. Extracting by manifest.
2812 silly tarball no local data for babel-preset-jest@https://registry.npmjs.org/babel-preset-jest/-/babel-preset-jest-30.2.0.tgz. Extracting by manifest.
2813 silly tarball no local data for @babel/plugin-syntax-private-property-in-object@https://registry.npmjs.org/@babel/plugin-syntax-private-property-in-object/-/plugin-syntax-private-property-in-object-7.14.5.tgz. Extracting by manifest.
2814 silly tarball no local data for @types/babel__generator@https://registry.npmjs.org/@types/babel__generator/-/babel__generator-7.27.0.tgz. Extracting by manifest.
2815 silly tarball no local data for @types/babel__template@https://registry.npmjs.org/@types/babel__template/-/babel__template-7.4.4.tgz. Extracting by manifest.
2816 silly tarball no local data for yargs@https://registry.npmjs.org/yargs/-/yargs-17.7.2.tgz. Extracting by manifest.
2817 silly tarball no local data for jest-environment-node@https://registry.npmjs.org/jest-environment-node/-/jest-environment-node-30.2.0.tgz. Extracting by manifest.
2818 silly tarball no local data for jest-docblock@https://registry.npmjs.org/jest-docblock/-/jest-docblock-30.2.0.tgz. Extracting by manifest.
2819 silly tarball no local data for @types/babel__core@https://registry.npmjs.org/@types/babel__core/-/babel__core-7.20.5.tgz. Extracting by manifest.
2820 silly tarball no local data for jest-circus@https://registry.npmjs.org/jest-circus/-/jest-circus-30.2.0.tgz. Extracting by manifest.
2821 silly tarball no local data for babel-jest@https://registry.npmjs.org/babel-jest/-/babel-jest-30.2.0.tgz. Extracting by manifest.
2822 silly tarball no local data for strip-final-newline@https://registry.npmjs.org/strip-final-newline/-/strip-final-newline-2.0.0.tgz. Extracting by manifest.
2823 silly tarball no local data for is-stream@https://registry.npmjs.org/is-stream/-/is-stream-2.0.1.tgz. Extracting by manifest.
2824 silly tarball no local data for npm-run-path@https://registry.npmjs.org/npm-run-path/-/npm-run-path-4.0.1.tgz. Extracting by manifest.
2825 silly tarball no local data for @jest/test-sequencer@https://registry.npmjs.org/@jest/test-sequencer/-/test-sequencer-30.2.0.tgz. Extracting by manifest.
2826 silly tarball no local data for human-signals@https://registry.npmjs.org/human-signals/-/human-signals-2.1.0.tgz. Extracting by manifest.
2827 silly tarball no local data for execa@https://registry.npmjs.org/execa/-/execa-5.1.1.tgz. Extracting by manifest.
2828 silly tarball no local data for resolve-cwd@https://registry.npmjs.org/resolve-cwd/-/resolve-cwd-3.0.0.tgz. Extracting by manifest.
2829 silly tarball no local data for get-package-type@https://registry.npmjs.org/get-package-type/-/get-package-type-0.1.0.tgz. Extracting by manifest.
2830 silly tarball no local data for pkg-dir@https://registry.npmjs.org/pkg-dir/-/pkg-dir-4.2.0.tgz. Extracting by manifest.
2831 silly tarball no local data for test-exclude@https://registry.npmjs.org/test-exclude/-/test-exclude-6.0.0.tgz. Extracting by manifest.
2832 silly tarball no local data for camelcase@https://registry.npmjs.org/camelcase/-/camelcase-5.3.1.tgz. Extracting by manifest.
2833 silly tarball no local data for type-fest@https://registry.npmjs.org/type-fest/-/type-fest-0.21.3.tgz. Extracting by manifest.
2834 silly tarball no local data for get-stream@https://registry.npmjs.org/get-stream/-/get-stream-6.0.1.tgz. Extracting by manifest.
2835 silly tarball no local data for html-escaper@https://registry.npmjs.org/html-escaper/-/html-escaper-2.0.2.tgz. Extracting by manifest.
2836 silly tarball no local data for make-dir@https://registry.npmjs.org/make-dir/-/make-dir-4.0.0.tgz. Extracting by manifest.
2837 silly tarball no local data for @istanbuljs/load-nyc-config@https://registry.npmjs.org/@istanbuljs/load-nyc-config/-/load-nyc-config-1.1.0.tgz. Extracting by manifest.
2838 silly tarball no local data for @types/istanbul-lib-report@https://registry.npmjs.org/@types/istanbul-lib-report/-/istanbul-lib-report-3.0.3.tgz. Extracting by manifest.
2839 silly tarball no local data for @istanbuljs/schema@https://registry.npmjs.org/@istanbuljs/schema/-/schema-0.1.3.tgz. Extracting by manifest.
2840 silly tarball no local data for v8-to-istanbul@https://registry.npmjs.org/v8-to-istanbul/-/v8-to-istanbul-9.3.0.tgz. Extracting by manifest.
2841 silly tarball no local data for write-file-atomic@https://registry.npmjs.org/write-file-atomic/-/write-file-atomic-5.0.1.tgz. Extracting by manifest.
2842 silly tarball no local data for @babel/helper-plugin-utils@https://registry.npmjs.org/@babel/helper-plugin-utils/-/helper-plugin-utils-7.28.6.tgz. Extracting by manifest.
2843 silly tarball no local data for @types/yargs@https://registry.npmjs.org/@types/yargs/-/yargs-17.0.35.tgz. Extracting by manifest.
2844 silly tarball no local data for @types/istanbul-reports@https://registry.npmjs.org/@types/istanbul-reports/-/istanbul-reports-3.0.4.tgz. Extracting by manifest.
2845 silly tarball no local data for @sinclair/typebox@https://registry.npmjs.org/@sinclair/typebox/-/typebox-0.34.47.tgz. Extracting by manifest.
2846 silly tarball no local data for @types/yargs-parser@https://registry.npmjs.org/@types/yargs-parser/-/yargs-parser-21.0.3.tgz. Extracting by manifest.
2847 silly tarball no local data for babel-plugin-istanbul@https://registry.npmjs.org/babel-plugin-istanbul/-/babel-plugin-istanbul-7.0.1.tgz. Extracting by manifest.
2848 silly tarball no local data for string-length@https://registry.npmjs.org/string-length/-/string-length-4.0.2.tgz. Extracting by manifest.
2849 silly tarball no local data for jest-worker@https://registry.npmjs.org/jest-worker/-/jest-worker-30.2.0.tgz. Extracting by manifest.
2850 silly tarball no local data for istanbul-reports@https://registry.npmjs.org/istanbul-reports/-/istanbul-reports-3.2.0.tgz. Extracting by manifest.
2851 silly tarball no local data for @jest/schemas@https://registry.npmjs.org/@jest/schemas/-/schemas-30.0.5.tgz. Extracting by manifest.
2852 silly tarball no local data for istanbul-lib-source-maps@https://registry.npmjs.org/istanbul-lib-source-maps/-/istanbul-lib-source-maps-5.0.6.tgz. Extracting by manifest.
2853 silly tarball no local data for @types/istanbul-lib-coverage@https://registry.npmjs.org/@types/istanbul-lib-coverage/-/istanbul-lib-coverage-2.0.6.tgz. Extracting by manifest.
2854 silly tarball no local data for pirates@https://registry.npmjs.org/pirates/-/pirates-4.0.7.tgz. Extracting by manifest.
2855 silly tarball no local data for istanbul-lib-coverage@https://registry.npmjs.org/istanbul-lib-coverage/-/istanbul-lib-coverage-3.2.2.tgz. Extracting by manifest.
2856 silly tarball no local data for istanbul-lib-report@https://registry.npmjs.org/istanbul-lib-report/-/istanbul-lib-report-3.0.1.tgz. Extracting by manifest.
2857 silly tarball no local data for istanbul-lib-instrument@https://registry.npmjs.org/istanbul-lib-instrument/-/istanbul-lib-instrument-6.0.3.tgz. Extracting by manifest.
2858 silly tarball no local data for jest-watcher@https://registry.npmjs.org/jest-watcher/-/jest-watcher-30.2.0.tgz. Extracting by manifest.
2859 silly tarball no local data for collect-v8-coverage@https://registry.npmjs.org/collect-v8-coverage/-/collect-v8-coverage-1.0.3.tgz. Extracting by manifest.
2860 silly tarball no local data for @bcoe/v8-coverage@https://registry.npmjs.org/@bcoe/v8-coverage/-/v8-coverage-0.2.3.tgz. Extracting by manifest.
2861 silly tarball no local data for slash@https://registry.npmjs.org/slash/-/slash-3.0.0.tgz. Extracting by manifest.
2862 silly tarball no local data for jest-snapshot@https://registry.npmjs.org/jest-snapshot/-/jest-snapshot-30.2.0.tgz. Extracting by manifest.
2863 silly tarball no local data for jest-validate@https://registry.npmjs.org/jest-validate/-/jest-validate-30.2.0.tgz. Extracting by manifest.
2864 silly tarball no local data for jest-runner@https://registry.npmjs.org/jest-runner/-/jest-runner-30.2.0.tgz. Extracting by manifest.
2865 silly tarball no local data for jest-resolve-dependencies@https://registry.npmjs.org/jest-resolve-dependencies/-/jest-resolve-dependencies-30.2.0.tgz. Extracting by manifest.
2866 silly tarball no local data for jest-regex-util@https://registry.npmjs.org/jest-regex-util/-/jest-regex-util-30.0.1.tgz. Extracting by manifest.
2867 silly tarball no local data for jest-resolve@https://registry.npmjs.org/jest-resolve/-/jest-resolve-30.2.0.tgz. Extracting by manifest.
2868 silly tarball no local data for jest-runtime@https://registry.npmjs.org/jest-runtime/-/jest-runtime-30.2.0.tgz. Extracting by manifest.
2869 silly tarball no local data for ci-info@https://registry.npmjs.org/ci-info/-/ci-info-4.3.1.tgz. Extracting by manifest.
2870 silly tarball no local data for jest-config@https://registry.npmjs.org/jest-config/-/jest-config-30.2.0.tgz. Extracting by manifest.
2871 silly tarball no local data for jest-haste-map@https://registry.npmjs.org/jest-haste-map/-/jest-haste-map-30.2.0.tgz. Extracting by manifest.
2872 silly tarball no local data for ansi-escapes@https://registry.npmjs.org/ansi-escapes/-/ansi-escapes-4.3.2.tgz. Extracting by manifest.
2873 silly tarball no local data for exit-x@https://registry.npmjs.org/exit-x/-/exit-x-0.2.2.tgz. Extracting by manifest.
2874 silly tarball no local data for jest-changed-files@https://registry.npmjs.org/jest-changed-files/-/jest-changed-files-30.2.0.tgz. Extracting by manifest.
2875 silly tarball no local data for @jest/reporters@https://registry.npmjs.org/@jest/reporters/-/reporters-30.2.0.tgz. Extracting by manifest.
2876 silly tarball no local data for @jest/pattern@https://registry.npmjs.org/@jest/pattern/-/pattern-30.0.1.tgz. Extracting by manifest.
2877 silly tarball no local data for @jest/test-result@https://registry.npmjs.org/@jest/test-result/-/test-result-30.2.0.tgz. Extracting by manifest.
2878 silly tarball no local data for jest-cli@https://registry.npmjs.org/jest-cli/-/jest-cli-30.2.0.tgz. Extracting by manifest.
2879 silly tarball no local data for import-local@https://registry.npmjs.org/import-local/-/import-local-3.2.0.tgz. Extracting by manifest.
2880 silly tarball no local data for @jest/transform@https://registry.npmjs.org/@jest/transform/-/transform-30.2.0.tgz. Extracting by manifest.
2881 silly tarball no local data for toidentifier@https://registry.npmjs.org/toidentifier/-/toidentifier-1.0.1.tgz. Extracting by manifest.
2882 silly tarball no local data for @jest/console@https://registry.npmjs.org/@jest/console/-/console-30.2.0.tgz. Extracting by manifest.
2883 silly tarball no local data for @jest/types@https://registry.npmjs.org/@jest/types/-/types-30.2.0.tgz. Extracting by manifest.
2884 silly tarball no local data for setprototypeof@https://registry.npmjs.org/setprototypeof/-/setprototypeof-1.2.0.tgz. Extracting by manifest.
2885 silly tarball no local data for @jest/core@https://registry.npmjs.org/@jest/core/-/core-30.2.0.tgz. Extracting by manifest.
2886 silly tarball no local data for delayed-stream@https://registry.npmjs.org/delayed-stream/-/delayed-stream-1.0.0.tgz. Extracting by manifest.
2887 silly tarball no local data for asynckit@https://registry.npmjs.org/asynckit/-/asynckit-0.4.0.tgz. Extracting by manifest.
2888 silly tarball no local data for combined-stream@https://registry.npmjs.org/combined-stream/-/combined-stream-1.0.8.tgz. Extracting by manifest.
2889 silly tarball no local data for strtok3@https://registry.npmjs.org/strtok3/-/strtok3-10.3.4.tgz. Extracting by manifest.
2890 silly tarball no local data for uint8array-extras@https://registry.npmjs.org/uint8array-extras/-/uint8array-extras-1.5.0.tgz. Extracting by manifest.
2891 silly tarball no local data for token-types@https://registry.npmjs.org/token-types/-/token-types-6.1.2.tgz. Extracting by manifest.
2892 silly tarball no local data for raw-body@https://registry.npmjs.org/raw-body/-/raw-body-3.0.2.tgz. Extracting by manifest.
2893 silly tarball no local data for negotiator@https://registry.npmjs.org/negotiator/-/negotiator-1.0.0.tgz. Extracting by manifest.
2894 silly tarball no local data for send@https://registry.npmjs.org/send/-/send-1.2.1.tgz. Extracting by manifest.
2895 silly tarball no local data for bytes@https://registry.npmjs.org/bytes/-/bytes-3.1.2.tgz. Extracting by manifest.
2896 silly tarball no local data for type-is@https://registry.npmjs.org/type-is/-/type-is-2.0.1.tgz. Extracting by manifest.
2897 silly tarball no local data for @tokenizer/inflate@https://registry.npmjs.org/@tokenizer/inflate/-/inflate-0.4.1.tgz. Extracting by manifest.
2898 silly tarball no local data for serve-static@https://registry.npmjs.org/serve-static/-/serve-static-2.2.1.tgz. Extracting by manifest.
2899 silly tarball no local data for statuses@https://registry.npmjs.org/statuses/-/statuses-2.0.2.tgz. Extracting by manifest.
2900 silly tarball no local data for router@https://registry.npmjs.org/router/-/router-2.2.0.tgz. Extracting by manifest.
2901 silly tarball no local data for proxy-addr@https://registry.npmjs.org/proxy-addr/-/proxy-addr-2.0.7.tgz. Extracting by manifest.
2902 silly tarball no local data for mime-types@https://registry.npmjs.org/mime-types/-/mime-types-3.0.2.tgz. Extracting by manifest.
2903 silly tarball no local data for once@https://registry.npmjs.org/once/-/once-1.4.0.tgz. Extracting by manifest.
2904 silly tarball no local data for parseurl@https://registry.npmjs.org/parseurl/-/parseurl-1.3.3.tgz. Extracting by manifest.
2905 silly tarball no local data for range-parser@https://registry.npmjs.org/range-parser/-/range-parser-1.2.1.tgz. Extracting by manifest.
2906 silly tarball no local data for qs@https://registry.npmjs.org/qs/-/qs-6.14.1.tgz. Extracting by manifest.
2907 silly tarball no local data for on-finished@https://registry.npmjs.org/on-finished/-/on-finished-2.4.1.tgz. Extracting by manifest.
2908 silly tarball no local data for finalhandler@https://registry.npmjs.org/finalhandler/-/finalhandler-2.1.1.tgz. Extracting by manifest.
2909 silly tarball no local data for fresh@https://registry.npmjs.org/fresh/-/fresh-2.0.0.tgz. Extracting by manifest.
2910 silly tarball no local data for merge-descriptors@https://registry.npmjs.org/merge-descriptors/-/merge-descriptors-2.0.0.tgz. Extracting by manifest.
2911 silly tarball no local data for http-errors@https://registry.npmjs.org/http-errors/-/http-errors-2.0.1.tgz. Extracting by manifest.
2912 silly tarball no local data for etag@https://registry.npmjs.org/etag/-/etag-1.8.1.tgz. Extracting by manifest.
2913 silly tarball no local data for cookie@https://registry.npmjs.org/cookie/-/cookie-0.7.2.tgz. Extracting by manifest.
2914 silly tarball no local data for content-disposition@https://registry.npmjs.org/content-disposition/-/content-disposition-1.0.1.tgz. Extracting by manifest.
2915 silly tarball no local data for encodeurl@https://registry.npmjs.org/encodeurl/-/encodeurl-2.0.0.tgz. Extracting by manifest.
2916 silly tarball no local data for body-parser@https://registry.npmjs.org/body-parser/-/body-parser-2.2.2.tgz. Extracting by manifest.
2917 silly tarball no local data for jest-util@https://registry.npmjs.org/jest-util/-/jest-util-30.2.0.tgz. Extracting by manifest.
2918 silly tarball no local data for accepts@https://registry.npmjs.org/accepts/-/accepts-2.0.0.tgz. Extracting by manifest.
2919 silly tarball no local data for escape-html@https://registry.npmjs.org/escape-html/-/escape-html-1.0.3.tgz. Extracting by manifest.
2920 silly tarball no local data for content-type@https://registry.npmjs.org/content-type/-/content-type-1.0.5.tgz. Extracting by manifest.
2921 silly tarball no local data for depd@https://registry.npmjs.org/depd/-/depd-2.0.0.tgz. Extracting by manifest.
2922 silly tarball no local data for jest-matcher-utils@https://registry.npmjs.org/jest-matcher-utils/-/jest-matcher-utils-30.2.0.tgz. Extracting by manifest.
2923 silly tarball no local data for cookie-signature@https://registry.npmjs.org/cookie-signature/-/cookie-signature-1.2.2.tgz. Extracting by manifest.
2924 silly tarball no local data for jest-mock@https://registry.npmjs.org/jest-mock/-/jest-mock-30.2.0.tgz. Extracting by manifest.
2925 silly tarball no local data for prettier-linter-helpers@https://registry.npmjs.org/prettier-linter-helpers/-/prettier-linter-helpers-1.0.1.tgz. Extracting by manifest.
2926 silly tarball no local data for jest-message-util@https://registry.npmjs.org/jest-message-util/-/jest-message-util-30.2.0.tgz. Extracting by manifest.
2927 silly tarball no local data for synckit@https://registry.npmjs.org/synckit/-/synckit-0.11.12.tgz. Extracting by manifest.
2928 silly tarball no local data for @jest/get-type@https://registry.npmjs.org/@jest/get-type/-/get-type-30.1.0.tgz. Extracting by manifest.
2929 silly tarball no local data for vary@https://registry.npmjs.org/vary/-/vary-1.1.2.tgz. Extracting by manifest.
2930 silly tarball no local data for @jest/expect-utils@https://registry.npmjs.org/@jest/expect-utils/-/expect-utils-30.2.0.tgz. Extracting by manifest.
2931 silly tarball no local data for @types/superagent@https://registry.npmjs.org/@types/superagent/-/superagent-8.1.9.tgz. Extracting by manifest.
2932 silly tarball no local data for form-data@https://registry.npmjs.org/form-data/-/form-data-4.0.5.tgz. Extracting by manifest.
2933 silly tarball no local data for @types/methods@https://registry.npmjs.org/@types/methods/-/methods-1.1.4.tgz. Extracting by manifest.
2934 silly tarball no local data for expect@https://registry.npmjs.org/expect/-/expect-30.2.0.tgz. Extracting by manifest.
2935 silly tarball no local data for @types/http-errors@https://registry.npmjs.org/@types/http-errors/-/http-errors-2.0.5.tgz. Extracting by manifest.
2936 silly tarball no local data for pretty-format@https://registry.npmjs.org/pretty-format/-/pretty-format-30.2.0.tgz. Extracting by manifest.
2937 silly tarball no local data for @types/cookiejar@https://registry.npmjs.org/@types/cookiejar/-/cookiejar-2.1.5.tgz. Extracting by manifest.
2938 silly tarball no local data for @types/send@https://registry.npmjs.org/@types/send/-/send-1.2.1.tgz. Extracting by manifest.
2939 silly tarball no local data for @types/connect@https://registry.npmjs.org/@types/connect/-/connect-3.4.38.tgz. Extracting by manifest.
2940 silly tarball no local data for @types/qs@https://registry.npmjs.org/@types/qs/-/qs-6.14.0.tgz. Extracting by manifest.
2941 silly tarball no local data for @types/range-parser@https://registry.npmjs.org/@types/range-parser/-/range-parser-1.2.7.tgz. Extracting by manifest.
2942 silly tarball no local data for consola@https://registry.npmjs.org/consola/-/consola-3.4.2.tgz. Extracting by manifest.
2943 silly tarball no local data for @types/express-serve-static-core@https://registry.npmjs.org/@types/express-serve-static-core/-/express-serve-static-core-5.1.1.tgz. Extracting by manifest.
2944 silly tarball no local data for @types/serve-static@https://registry.npmjs.org/@types/serve-static/-/serve-static-2.2.0.tgz. Extracting by manifest.
2945 silly tarball no local data for @types/body-parser@https://registry.npmjs.org/@types/body-parser/-/body-parser-1.19.6.tgz. Extracting by manifest.
2946 silly tarball no local data for multer@https://registry.npmjs.org/multer/-/multer-2.0.2.tgz. Extracting by manifest.
2947 silly tarball no local data for cors@https://registry.npmjs.org/cors/-/cors-2.8.5.tgz. Extracting by manifest.
2948 silly tarball no local data for express@https://registry.npmjs.org/express/-/express-5.2.1.tgz. Extracting by manifest.
2949 silly tarball no local data for uid@https://registry.npmjs.org/uid/-/uid-2.0.2.tgz. Extracting by manifest.
2950 silly tarball no local data for fast-safe-stringify@https://registry.npmjs.org/fast-safe-stringify/-/fast-safe-stringify-2.1.1.tgz. Extracting by manifest.
2951 silly tarball no local data for path-to-regexp@https://registry.npmjs.org/path-to-regexp/-/path-to-regexp-8.3.0.tgz. Extracting by manifest.
2952 silly tarball no local data for @nuxt/opencollective@https://registry.npmjs.org/@nuxt/opencollective/-/opencollective-0.4.1.tgz. Extracting by manifest.
2953 silly tarball no local data for load-esm@https://registry.npmjs.org/load-esm/-/load-esm-1.0.3.tgz. Extracting by manifest.
2954 silly tarball no local data for iterare@https://registry.npmjs.org/iterare/-/iterare-1.2.1.tgz. Extracting by manifest.
2955 silly tarball no local data for file-type@https://registry.npmjs.org/file-type/-/file-type-21.3.0.tgz. Extracting by manifest.
2956 silly tarball no local data for ts-node@https://registry.npmjs.org/ts-node/-/ts-node-10.9.2.tgz. Extracting by manifest.
2957 silly tarball no local data for ts-loader@https://registry.npmjs.org/ts-loader/-/ts-loader-9.5.4.tgz. Extracting by manifest.
2958 silly tarball no local data for prettier@https://registry.npmjs.org/prettier/-/prettier-3.8.0.tgz. Extracting by manifest.
2959 silly tarball no local data for ts-jest@https://registry.npmjs.org/ts-jest/-/ts-jest-29.4.6.tgz. Extracting by manifest.
2960 silly tarball no local data for eslint-plugin-prettier@https://registry.npmjs.org/eslint-plugin-prettier/-/eslint-plugin-prettier-5.5.5.tgz. Extracting by manifest.
2961 silly tarball no local data for supertest@https://registry.npmjs.org/supertest/-/supertest-7.2.2.tgz. Extracting by manifest.
2962 silly tarball no local data for jest@https://registry.npmjs.org/jest/-/jest-30.2.0.tgz. Extracting by manifest.
2963 silly tarball no local data for eslint-config-prettier@https://registry.npmjs.org/eslint-config-prettier/-/eslint-config-prettier-10.1.8.tgz. Extracting by manifest.
2964 silly tarball no local data for @types/supertest@https://registry.npmjs.org/@types/supertest/-/supertest-6.0.3.tgz. Extracting by manifest.
2965 silly tarball no local data for rxjs@https://registry.npmjs.org/rxjs/-/rxjs-7.8.2.tgz. Extracting by manifest.
2966 silly tarball no local data for @types/express@https://registry.npmjs.org/@types/express/-/express-5.0.6.tgz. Extracting by manifest.
2967 silly tarball no local data for @types/jest@https://registry.npmjs.org/@types/jest/-/jest-30.0.0.tgz. Extracting by manifest.
2968 silly tarball no local data for @nestjs/platform-express@https://registry.npmjs.org/@nestjs/platform-express/-/platform-express-11.1.12.tgz. Extracting by manifest.
2969 silly tarball no local data for @nestjs/core@https://registry.npmjs.org/@nestjs/core/-/core-11.1.12.tgz. Extracting by manifest.
2970 silly tarball no local data for @nestjs/testing@https://registry.npmjs.org/@nestjs/testing/-/testing-11.1.12.tgz. Extracting by manifest.
2971 silly tarball no local data for @nestjs/common@https://registry.npmjs.org/@nestjs/common/-/common-11.1.12.tgz. Extracting by manifest.
2972 silly tarball no local data for reflect-metadata@https://registry.npmjs.org/reflect-metadata/-/reflect-metadata-0.2.2.tgz. Extracting by manifest.
2973 silly tarball no local data for globals@https://registry.npmjs.org/globals/-/globals-16.5.0.tgz. Extracting by manifest.
2974 silly tarball no local data for strip-ansi@https://registry.npmjs.org/strip-ansi/-/strip-ansi-7.1.2.tgz. Extracting by manifest.
2975 silly tarball no local data for ansi-regex@https://registry.npmjs.org/ansi-regex/-/ansi-regex-6.2.2.tgz. Extracting by manifest.
2976 silly tarball no local data for ansi-styles@https://registry.npmjs.org/ansi-styles/-/ansi-styles-6.2.3.tgz. Extracting by manifest.
2977 silly tarball no local data for @types/node@https://registry.npmjs.org/@types/node/-/node-22.19.7.tgz. Extracting by manifest.
2978 silly tarball no local data for wrap-ansi@https://registry.npmjs.org/wrap-ansi/-/wrap-ansi-8.1.0.tgz. Extracting by manifest.
2979 silly tarball no local data for string-width@https://registry.npmjs.org/string-width/-/string-width-5.1.2.tgz. Extracting by manifest.
2980 silly tarball no local data for wrap-ansi@https://registry.npmjs.org/wrap-ansi/-/wrap-ansi-7.0.0.tgz. Extracting by manifest.
2981 silly tarball no local data for escape-string-regexp@https://registry.npmjs.org/escape-string-regexp/-/escape-string-regexp-2.0.0.tgz. Extracting by manifest.
2982 silly tarball no local data for @jridgewell/trace-mapping@https://registry.npmjs.org/@jridgewell/trace-mapping/-/trace-mapping-0.3.9.tgz. Extracting by manifest.
2983 silly tarball no local data for resolve-from@https://registry.npmjs.org/resolve-from/-/resolve-from-5.0.0.tgz. Extracting by manifest.
2984 silly tarball no local data for find-up@https://registry.npmjs.org/find-up/-/find-up-4.1.0.tgz. Extracting by manifest.
2985 silly tarball no local data for p-limit@https://registry.npmjs.org/p-limit/-/p-limit-2.3.0.tgz. Extracting by manifest.
2986 silly tarball no local data for locate-path@https://registry.npmjs.org/locate-path/-/locate-path-5.0.0.tgz. Extracting by manifest.
2987 silly tarball no local data for p-locate@https://registry.npmjs.org/p-locate/-/p-locate-4.1.0.tgz. Extracting by manifest.
2988 silly tarball no local data for glob@https://registry.npmjs.org/glob/-/glob-7.2.3.tgz. Extracting by manifest.
2989 silly tarball no local data for find-up@https://registry.npmjs.org/find-up/-/find-up-4.1.0.tgz. Extracting by manifest.
2990 silly tarball no local data for resolve-from@https://registry.npmjs.org/resolve-from/-/resolve-from-5.0.0.tgz. Extracting by manifest.
2991 silly tarball no local data for p-locate@https://registry.npmjs.org/p-locate/-/p-locate-4.1.0.tgz. Extracting by manifest.
2992 silly tarball no local data for js-yaml@https://registry.npmjs.org/js-yaml/-/js-yaml-3.14.2.tgz. Extracting by manifest.
2993 silly tarball no local data for p-limit@https://registry.npmjs.org/p-limit/-/p-limit-2.3.0.tgz. Extracting by manifest.
2994 silly tarball no local data for argparse@https://registry.npmjs.org/argparse/-/argparse-1.0.10.tgz. Extracting by manifest.
2995 silly tarball no local data for locate-path@https://registry.npmjs.org/locate-path/-/locate-path-5.0.0.tgz. Extracting by manifest.
2996 silly tarball no local data for camelcase@https://registry.npmjs.org/camelcase/-/camelcase-6.3.0.tgz. Extracting by manifest.
2997 silly tarball no local data for lru-cache@https://registry.npmjs.org/lru-cache/-/lru-cache-10.4.3.tgz. Extracting by manifest.
2998 silly tarball no local data for glob@https://registry.npmjs.org/glob/-/glob-10.5.0.tgz. Extracting by manifest.
2999 silly tarball no local data for path-scurry@https://registry.npmjs.org/path-scurry/-/path-scurry-1.11.1.tgz. Extracting by manifest.
3000 silly tarball no local data for strip-bom@https://registry.npmjs.org/strip-bom/-/strip-bom-4.0.0.tgz. Extracting by manifest.
3001 silly tarball no local data for lru-cache@https://registry.npmjs.org/lru-cache/-/lru-cache-10.4.3.tgz. Extracting by manifest.
3002 silly tarball no local data for glob@https://registry.npmjs.org/glob/-/glob-10.5.0.tgz. Extracting by manifest.
3003 silly tarball no local data for path-scurry@https://registry.npmjs.org/path-scurry/-/path-scurry-1.11.1.tgz. Extracting by manifest.
3004 silly tarball no local data for source-map-support@https://registry.npmjs.org/source-map-support/-/source-map-support-0.5.13.tgz. Extracting by manifest.
3005 silly tarball no local data for path-scurry@https://registry.npmjs.org/path-scurry/-/path-scurry-1.11.1.tgz. Extracting by manifest.
3006 silly tarball no local data for lru-cache@https://registry.npmjs.org/lru-cache/-/lru-cache-10.4.3.tgz. Extracting by manifest.
3007 silly tarball no local data for glob@https://registry.npmjs.org/glob/-/glob-10.5.0.tgz. Extracting by manifest.
3008 silly tarball no local data for react-is@https://registry.npmjs.org/react-is/-/react-is-18.3.1.tgz. Extracting by manifest.
3009 silly tarball no local data for media-typer@https://registry.npmjs.org/media-typer/-/media-typer-0.3.0.tgz. Extracting by manifest.
3010 silly tarball no local data for type-is@https://registry.npmjs.org/type-is/-/type-is-1.6.18.tgz. Extracting by manifest.
3011 silly tarball no local data for ansi-styles@https://registry.npmjs.org/ansi-styles/-/ansi-styles-5.2.0.tgz. Extracting by manifest.
3012 silly tarball no local data for type-fest@https://registry.npmjs.org/type-fest/-/type-fest-4.41.0.tgz. Extracting by manifest.
3013 http fetch GET 200 https://registry.npmjs.org/path-is-absolute/-/path-is-absolute-1.0.1.tgz 26323ms (cache miss)
3014 http fetch GET 200 https://registry.npmjs.org/cliui/-/cliui-8.0.1.tgz 26807ms (cache miss)
3015 http fetch GET 200 https://registry.npmjs.org/yn/-/yn-3.1.1.tgz 28039ms (cache miss)
3016 http fetch GET 200 https://registry.npmjs.org/tmpl/-/tmpl-1.0.5.tgz 29721ms (cache miss)
3017 http fetch GET 200 https://registry.npmjs.org/@tsconfig/node12/-/node12-1.0.11.tgz 30088ms (cache miss)
3018 http fetch GET 200 https://registry.npmjs.org/char-regex/-/char-regex-1.0.2.tgz 30394ms (cache miss)
3019 http fetch GET 200 https://registry.npmjs.org/@tsconfig/node14/-/node14-1.0.3.tgz 30502ms (cache miss)
3020 http fetch GET 200 https://registry.npmjs.org/ee-first/-/ee-first-1.1.1.tgz 30503ms (cache miss)
3021 http fetch GET 200 https://registry.npmjs.org/xtend/-/xtend-4.0.2.tgz 30500ms (cache miss)
3022 http fetch GET 200 https://registry.npmjs.org/typedarray/-/typedarray-0.0.6.tgz 30510ms (cache miss)
3023 http fetch GET 200 https://registry.npmjs.org/@babel/plugin-syntax-typescript/-/plugin-syntax-typescript-7.28.6.tgz 30565ms (cache miss)
3024 http fetch GET 200 https://registry.npmjs.org/jest-leak-detector/-/jest-leak-detector-30.2.0.tgz 30565ms (cache miss)
3025 http fetch GET 200 https://registry.npmjs.org/normalize-path/-/normalize-path-3.0.0.tgz 30661ms (cache miss)
3026 http fetch GET 200 https://registry.npmjs.org/jest-pnp-resolver/-/jest-pnp-resolver-1.2.3.tgz 30677ms (cache miss)
3027 http fetch GET 200 https://registry.npmjs.org/@jest/diff-sequences/-/diff-sequences-30.0.1.tgz 30681ms (cache miss)
3028 http fetch GET 200 https://registry.npmjs.org/bser/-/bser-2.1.1.tgz 30700ms (cache miss)
3029 http fetch GET 200 https://registry.npmjs.org/@types/stack-utils/-/stack-utils-2.0.3.tgz 30718ms (cache miss)
3030 http fetch GET 200 https://registry.npmjs.org/is-generator-fn/-/is-generator-fn-2.1.0.tgz 30707ms (cache miss)
3031 http fetch GET 200 https://registry.npmjs.org/@babel/plugin-syntax-optional-chaining/-/plugin-syntax-optional-chaining-7.8.3.tgz 30679ms (cache miss)
3032 http fetch GET 200 https://registry.npmjs.org/@jest/environment/-/environment-30.2.0.tgz 30734ms (cache miss)
3033 http fetch GET 200 https://registry.npmjs.org/@jest/expect/-/expect-30.2.0.tgz 30742ms (cache miss)
3034 http fetch GET 200 https://registry.npmjs.org/@babel/plugin-syntax-import-meta/-/plugin-syntax-import-meta-7.10.4.tgz 30686ms (cache miss)
3035 http fetch GET 200 https://registry.npmjs.org/@babel/plugin-syntax-top-level-await/-/plugin-syntax-top-level-await-7.14.5.tgz 30758ms (cache miss)
3036 http fetch GET 200 https://registry.npmjs.org/@babel/plugin-syntax-json-strings/-/plugin-syntax-json-strings-7.8.3.tgz 30713ms (cache miss)
3037 http fetch GET 200 https://registry.npmjs.org/@babel/plugin-syntax-import-attributes/-/plugin-syntax-import-attributes-7.28.6.tgz 30708ms (cache miss)
3038 http fetch GET 200 https://registry.npmjs.org/@babel/plugin-syntax-logical-assignment-operators/-/plugin-syntax-logical-assignment-operators-7.10.4.tgz 30719ms (cache miss)
3039 http fetch GET 200 https://registry.npmjs.org/inflight/-/inflight-1.0.6.tgz 31036ms (cache miss)
3040 warn deprecated inflight@1.0.6: This module is not supported, and leaks memory. Do not use it. Check out lru-cache if you want a good and tested way to coalesce async requests by a key value, which is much more comprehensive and powerful.
3041 http fetch GET 200 https://registry.npmjs.org/@babel/plugin-syntax-class-properties/-/plugin-syntax-class-properties-7.12.13.tgz 30699ms (cache miss)
3042 http fetch GET 200 https://registry.npmjs.org/@babel/plugin-syntax-optional-catch-binding/-/plugin-syntax-optional-catch-binding-7.8.3.tgz 30743ms (cache miss)
3043 http fetch GET 200 https://registry.npmjs.org/babel-preset-current-node-syntax/-/babel-preset-current-node-syntax-1.2.0.tgz 30729ms (cache miss)
3044 http fetch GET 200 https://registry.npmjs.org/@babel/plugin-syntax-nullish-coalescing-operator/-/plugin-syntax-nullish-coalescing-operator-7.8.3.tgz 30727ms (cache miss)
3045 http fetch GET 200 https://registry.npmjs.org/babel-preset-jest/-/babel-preset-jest-30.2.0.tgz 30723ms (cache miss)
3046 http fetch GET 200 https://registry.npmjs.org/@babel/plugin-syntax-async-generators/-/plugin-syntax-async-generators-7.8.4.tgz 30753ms (cache miss)
3047 http fetch GET 200 https://registry.npmjs.org/is-stream/-/is-stream-2.0.1.tgz 30733ms (cache miss)
3048 http fetch GET 200 https://registry.npmjs.org/babel-jest/-/babel-jest-30.2.0.tgz 30744ms (cache miss)
3049 http fetch GET 200 https://registry.npmjs.org/npm-run-path/-/npm-run-path-4.0.1.tgz 30772ms (cache miss)
3050 http fetch GET 200 https://registry.npmjs.org/jest-environment-node/-/jest-environment-node-30.2.0.tgz 30803ms (cache miss)
3051 http fetch GET 200 https://registry.npmjs.org/jest-docblock/-/jest-docblock-30.2.0.tgz 30810ms (cache miss)
3052 http fetch GET 200 https://registry.npmjs.org/camelcase/-/camelcase-5.3.1.tgz 30844ms (cache miss)
3053 http fetch GET 200 https://registry.npmjs.org/pkg-dir/-/pkg-dir-4.2.0.tgz 30851ms (cache miss)
3054 http fetch GET 200 https://registry.npmjs.org/get-package-type/-/get-package-type-0.1.0.tgz 30860ms (cache miss)
3055 http fetch GET 200 https://registry.npmjs.org/resolve-cwd/-/resolve-cwd-3.0.0.tgz 30865ms (cache miss)
3056 http fetch GET 200 https://registry.npmjs.org/@types/istanbul-reports/-/istanbul-reports-3.0.4.tgz 30886ms (cache miss)
3057 http fetch GET 200 https://registry.npmjs.org/write-file-atomic/-/write-file-atomic-5.0.1.tgz 30909ms (cache miss)
3058 http fetch GET 200 https://registry.npmjs.org/@babel/helper-plugin-utils/-/helper-plugin-utils-7.28.6.tgz 30934ms (cache miss)
3059 http fetch GET 200 https://registry.npmjs.org/@types/istanbul-lib-report/-/istanbul-lib-report-3.0.3.tgz 30945ms (cache miss)
3060 http fetch GET 200 https://registry.npmjs.org/@types/yargs-parser/-/yargs-parser-21.0.3.tgz 31008ms (cache miss)
3061 http fetch GET 200 https://registry.npmjs.org/string-length/-/string-length-4.0.2.tgz 31026ms (cache miss)
3062 http fetch GET 200 https://registry.npmjs.org/@types/istanbul-lib-coverage/-/istanbul-lib-coverage-2.0.6.tgz 31052ms (cache miss)
3063 http fetch GET 200 https://registry.npmjs.org/@tsconfig/node16/-/node16-1.0.4.tgz 31470ms (cache miss)
3064 http fetch GET 200 https://registry.npmjs.org/dezalgo/-/dezalgo-1.0.4.tgz 31452ms (cache miss)
3065 http fetch GET 200 https://registry.npmjs.org/slash/-/slash-3.0.0.tgz 31063ms (cache miss)
3066 http fetch GET 200 https://registry.npmjs.org/collect-v8-coverage/-/collect-v8-coverage-1.0.3.tgz 31091ms (cache miss)
3067 http fetch GET 200 https://registry.npmjs.org/jest-regex-util/-/jest-regex-util-30.0.1.tgz 31085ms (cache miss)
3068 http fetch GET 200 https://registry.npmjs.org/@tsconfig/node10/-/node10-1.0.12.tgz 31519ms (cache miss)
3069 http fetch GET 200 https://registry.npmjs.org/jest-resolve-dependencies/-/jest-resolve-dependencies-30.2.0.tgz 31107ms (cache miss)
3070 http fetch GET 200 https://registry.npmjs.org/ci-info/-/ci-info-4.3.1.tgz 31099ms (cache miss)
3071 http fetch GET 200 https://registry.npmjs.org/@paralleldrive/cuid2/-/cuid2-2.3.1.tgz 31505ms (cache miss)
3072 http fetch GET 200 https://registry.npmjs.org/ansi-escapes/-/ansi-escapes-4.3.2.tgz 31097ms (cache miss)
3073 http fetch GET 200 https://registry.npmjs.org/is-promise/-/is-promise-4.0.0.tgz 31485ms (cache miss)
3074 http fetch GET 200 https://registry.npmjs.org/import-local/-/import-local-3.2.0.tgz 31086ms (cache miss)
3075 http fetch GET 200 https://registry.npmjs.org/wrappy/-/wrappy-1.0.2.tgz 31473ms (cache miss)
3076 http fetch GET 200 https://registry.npmjs.org/concat-stream/-/concat-stream-2.0.0.tgz 31463ms (cache miss)
3077 http fetch GET 200 https://registry.npmjs.org/setprototypeof/-/setprototypeof-1.2.0.tgz 31092ms (cache miss)
3078 http fetch GET 200 https://registry.npmjs.org/toidentifier/-/toidentifier-1.0.1.tgz 31098ms (cache miss)
3079 http fetch GET 200 https://registry.npmjs.org/@jest/console/-/console-30.2.0.tgz 31099ms (cache miss)
3080 http fetch GET 200 https://registry.npmjs.org/delayed-stream/-/delayed-stream-1.0.0.tgz 31097ms (cache miss)
3081 http fetch GET 200 https://registry.npmjs.org/emittery/-/emittery-0.13.1.tgz 31447ms (cache miss)
3082 http fetch GET 200 https://registry.npmjs.org/@jest/types/-/types-30.2.0.tgz 31113ms (cache miss)
3083 http fetch GET 200 https://registry.npmjs.org/combined-stream/-/combined-stream-1.0.8.tgz 31104ms (cache miss)
3084 http fetch GET 200 https://registry.npmjs.org/serve-static/-/serve-static-2.2.1.tgz 31089ms (cache miss)
3085 http fetch GET 200 https://registry.npmjs.org/once/-/once-1.4.0.tgz 31085ms (cache miss)
3086 http fetch GET 200 https://registry.npmjs.org/send/-/send-1.2.1.tgz 31104ms (cache miss)
3087 http fetch GET 200 https://registry.npmjs.org/range-parser/-/range-parser-1.2.1.tgz 31087ms (cache miss)
3088 http fetch GET 200 https://registry.npmjs.org/parseurl/-/parseurl-1.3.3.tgz 31090ms (cache miss)
3089 http fetch GET 200 https://registry.npmjs.org/on-finished/-/on-finished-2.4.1.tgz 31086ms (cache miss)
3090 http fetch GET 200 https://registry.npmjs.org/node-int64/-/node-int64-0.4.0.tgz 31462ms (cache miss)
3091 http fetch GET 200 https://registry.npmjs.org/detect-newline/-/detect-newline-3.1.0.tgz 31462ms (cache miss)
3092 http fetch GET 200 https://registry.npmjs.org/fb-watchman/-/fb-watchman-2.0.2.tgz 31462ms (cache miss)
3093 http fetch GET 200 https://registry.npmjs.org/stack-utils/-/stack-utils-2.0.6.tgz 31454ms (cache miss)
3094 http fetch GET 200 https://registry.npmjs.org/@tokenizer/token/-/token-0.3.0.tgz 31553ms (cache miss)
3095 http fetch GET 200 https://registry.npmjs.org/anymatch/-/anymatch-3.1.3.tgz 31463ms (cache miss)
3096 http fetch GET 200 https://registry.npmjs.org/http-errors/-/http-errors-2.0.1.tgz 31107ms (cache miss)
3097 http fetch GET 200 https://registry.npmjs.org/merge-descriptors/-/merge-descriptors-2.0.0.tgz 31113ms (cache miss)
3098 http fetch GET 200 https://registry.npmjs.org/@babel/plugin-syntax-numeric-separator/-/plugin-syntax-numeric-separator-7.10.4.tgz 31447ms (cache miss)
3099 http fetch GET 200 https://registry.npmjs.org/dedent/-/dedent-1.7.1.tgz 31462ms (cache miss)
3100 http fetch GET 200 https://registry.npmjs.org/@babel/plugin-syntax-object-rest-spread/-/plugin-syntax-object-rest-spread-7.8.3.tgz 31464ms (cache miss)
3101 http fetch GET 200 https://registry.npmjs.org/@babel/plugin-syntax-class-static-block/-/plugin-syntax-class-static-block-7.14.5.tgz 31373ms (cache miss)
3102 http fetch GET 200 https://registry.npmjs.org/eastasianwidth/-/eastasianwidth-0.2.0.tgz 31730ms (cache miss)
3103 http fetch GET 200 https://registry.npmjs.org/escape-html/-/escape-html-1.0.3.tgz 31128ms (cache miss)
3104 http fetch GET 200 https://registry.npmjs.org/encodeurl/-/encodeurl-2.0.0.tgz 31137ms (cache miss)
3105 http fetch GET 200 https://registry.npmjs.org/content-type/-/content-type-1.0.5.tgz 31130ms (cache miss)
3106 http fetch GET 200 https://registry.npmjs.org/@babel/plugin-syntax-bigint/-/plugin-syntax-bigint-7.8.3.tgz 31370ms (cache miss)
3107 http fetch GET 200 https://registry.npmjs.org/@babel/plugin-syntax-private-property-in-object/-/plugin-syntax-private-property-in-object-7.14.5.tgz 31347ms (cache miss)
3108 http fetch GET 200 https://registry.npmjs.org/strip-final-newline/-/strip-final-newline-2.0.0.tgz 31352ms (cache miss)
3109 http fetch GET 200 https://registry.npmjs.org/@types/babel__generator/-/babel__generator-7.27.0.tgz 31374ms (cache miss)
3110 http fetch GET 200 https://registry.npmjs.org/cookie-signature/-/cookie-signature-1.2.2.tgz 31165ms (cache miss)
3111 http fetch GET 200 https://registry.npmjs.org/prettier-linter-helpers/-/prettier-linter-helpers-1.0.1.tgz 31161ms (cache miss)
3112 http fetch GET 200 https://registry.npmjs.org/@jest/get-type/-/get-type-30.1.0.tgz 31171ms (cache miss)
3113 http fetch GET 200 https://registry.npmjs.org/p-try/-/p-try-2.2.0.tgz 31807ms (cache miss)
3114 http fetch GET 200 https://registry.npmjs.org/test-exclude/-/test-exclude-6.0.0.tgz 31382ms (cache miss)
3115 http fetch GET 200 https://registry.npmjs.org/@types/http-errors/-/http-errors-2.0.5.tgz 31188ms (cache miss)
3116 http fetch GET 200 https://registry.npmjs.org/@types/methods/-/methods-1.1.4.tgz 31197ms (cache miss)
3117 http fetch GET 200 https://registry.npmjs.org/create-require/-/create-require-1.1.1.tgz 31773ms (cache miss)
3118 http fetch GET 200 https://registry.npmjs.org/makeerror/-/makeerror-1.0.12.tgz 31784ms (cache miss)
3119 http fetch GET 200 https://registry.npmjs.org/make-dir/-/make-dir-4.0.0.tgz 31414ms (cache miss)
3120 http fetch GET 200 https://registry.npmjs.org/v8-to-istanbul/-/v8-to-istanbul-9.3.0.tgz 31410ms (cache miss)
3121 http fetch GET 200 https://registry.npmjs.org/@types/send/-/send-1.2.1.tgz 31206ms (cache miss)
3122 http fetch GET 200 https://registry.npmjs.org/@types/qs/-/qs-6.14.0.tgz 31204ms (cache miss)
3123 http fetch GET 200 https://registry.npmjs.org/@types/cookiejar/-/cookiejar-2.1.5.tgz 31211ms (cache miss)
3124 http fetch GET 200 https://registry.npmjs.org/@types/range-parser/-/range-parser-1.2.7.tgz 31204ms (cache miss)
3125 http fetch GET 200 https://registry.npmjs.org/get-caller-file/-/get-caller-file-2.0.5.tgz 31838ms (cache miss)
3126 http fetch GET 200 https://registry.npmjs.org/@types/connect/-/connect-3.4.38.tgz 31209ms (cache miss)
3127 http fetch GET 200 https://registry.npmjs.org/@types/serve-static/-/serve-static-2.2.0.tgz 31226ms (cache miss)
3128 http fetch GET 200 https://registry.npmjs.org/multer/-/multer-2.0.2.tgz 31227ms (cache miss)
3129 http fetch GET 200 https://registry.npmjs.org/@jest/schemas/-/schemas-30.0.5.tgz 31427ms (cache miss)
3130 http fetch GET 200 https://registry.npmjs.org/istanbul-lib-report/-/istanbul-lib-report-3.0.1.tgz 31420ms (cache miss)
3131 http fetch GET 200 https://registry.npmjs.org/@types/body-parser/-/body-parser-1.19.6.tgz 31234ms (cache miss)
3132 http fetch GET 200 https://registry.npmjs.org/pirates/-/pirates-4.0.7.tgz 31430ms (cache miss)
3133 http fetch GET 200 https://registry.npmjs.org/load-esm/-/load-esm-1.0.3.tgz 31237ms (cache miss)
3134 http fetch GET 200 https://registry.npmjs.org/path-to-regexp/-/path-to-regexp-8.3.0.tgz 31241ms (cache miss)
3135 http fetch GET 200 https://registry.npmjs.org/iterare/-/iterare-1.2.1.tgz 31257ms (cache miss)
3136 http fetch GET 200 https://registry.npmjs.org/jest-resolve/-/jest-resolve-30.2.0.tgz 31437ms (cache miss)
3137 http fetch GET 200 https://registry.npmjs.org/@pkgr/core/-/core-0.2.9.tgz 31848ms (cache miss)
3138 http fetch GET 200 https://registry.npmjs.org/component-emitter/-/component-emitter-1.3.1.tgz 31828ms (cache miss)
3139 http fetch GET 200 https://registry.npmjs.org/jest-changed-files/-/jest-changed-files-30.2.0.tgz 31428ms (cache miss)
3140 http fetch GET 200 https://registry.npmjs.org/forwarded/-/forwarded-0.2.0.tgz 31814ms (cache miss)
3141 http fetch GET 200 https://registry.npmjs.org/methods/-/methods-1.1.2.tgz 31833ms (cache miss)
3142 http fetch GET 200 https://registry.npmjs.org/unpipe/-/unpipe-1.0.0.tgz 31810ms (cache miss)
3143 http fetch GET 200 https://registry.npmjs.org/leven/-/leven-3.1.0.tgz 31787ms (cache miss)
3144 http fetch GET 200 https://registry.npmjs.org/mkdirp/-/mkdirp-0.5.6.tgz 31794ms (cache miss)
3145 http fetch GET 200 https://registry.npmjs.org/append-field/-/append-field-1.0.0.tgz 31796ms (cache miss)
3146 http fetch GET 200 https://registry.npmjs.org/@babel/plugin-syntax-jsx/-/plugin-syntax-jsx-7.28.6.tgz 31793ms (cache miss)
3147 http fetch GET 200 https://registry.npmjs.org/uint8array-extras/-/uint8array-extras-1.5.0.tgz 31425ms (cache miss)
3148 http fetch GET 200 https://registry.npmjs.org/raw-body/-/raw-body-3.0.2.tgz 31424ms (cache miss)
3149 http fetch GET 200 https://registry.npmjs.org/token-types/-/token-types-6.1.2.tgz 31428ms (cache miss)
3150 http fetch GET 200 https://registry.npmjs.org/statuses/-/statuses-2.0.2.tgz 31414ms (cache miss)
3151 http fetch GET 200 https://registry.npmjs.org/bytes/-/bytes-3.1.2.tgz 31423ms (cache miss)
3152 http fetch GET 200 https://registry.npmjs.org/negotiator/-/negotiator-1.0.0.tgz 31429ms (cache miss)
3153 http fetch GET 200 https://registry.npmjs.org/proxy-addr/-/proxy-addr-2.0.7.tgz 31416ms (cache miss)
3154 http fetch GET 200 https://registry.npmjs.org/@tokenizer/inflate/-/inflate-0.4.1.tgz 31423ms (cache miss)
3155 http fetch GET 200 https://registry.npmjs.org/etag/-/etag-1.8.1.tgz 31402ms (cache miss)
3156 http fetch GET 200 https://registry.npmjs.org/mime-types/-/mime-types-3.0.2.tgz 31420ms (cache miss)
3157 http fetch GET 200 https://registry.npmjs.org/content-disposition/-/content-disposition-1.0.1.tgz 31404ms (cache miss)
3158 http fetch GET 200 https://registry.npmjs.org/@jest/source-map/-/source-map-30.0.1.tgz 31792ms (cache miss)
3159 http fetch GET 200 https://registry.npmjs.org/@jest/globals/-/globals-30.2.0.tgz 31800ms (cache miss)
3160 http fetch GET 200 https://registry.npmjs.org/type-detect/-/type-detect-4.0.8.tgz 31781ms (cache miss)
3161 http fetch GET 200 https://registry.npmjs.org/walker/-/walker-1.0.8.tgz 31782ms (cache miss)
3162 http fetch GET 200 https://registry.npmjs.org/fresh/-/fresh-2.0.0.tgz 31425ms (cache miss)
3163 http fetch GET 200 https://registry.npmjs.org/finalhandler/-/finalhandler-2.1.1.tgz 31436ms (cache miss)
3164 http fetch GET 200 https://registry.npmjs.org/co/-/co-4.6.0.tgz 31790ms (cache miss)
3165 http fetch GET 200 https://registry.npmjs.org/fs.realpath/-/fs.realpath-1.0.0.tgz 32126ms (cache miss)
3166 http fetch GET 200 https://registry.npmjs.org/@nestjs/testing/-/testing-11.1.12.tgz 31402ms (cache miss)
3167 http fetch GET 200 https://registry.npmjs.org/eslint-config-prettier/-/eslint-config-prettier-10.1.8.tgz 31420ms (cache miss)
3168 http fetch GET 200 https://registry.npmjs.org/@types/supertest/-/supertest-6.0.3.tgz 31420ms (cache miss)
3169 http fetch GET 200 https://registry.npmjs.org/jest/-/jest-30.2.0.tgz 31434ms (cache miss)
3170 http fetch GET 200 https://registry.npmjs.org/body-parser/-/body-parser-2.2.2.tgz 31546ms (cache miss)
3171 http fetch GET 200 https://registry.npmjs.org/@types/express/-/express-5.0.6.tgz 31447ms (cache miss)
3172 http fetch GET 200 https://registry.npmjs.org/accepts/-/accepts-2.0.0.tgz 31546ms (cache miss)
3173 http fetch GET 200 https://registry.npmjs.org/jest-util/-/jest-util-30.2.0.tgz 31550ms (cache miss)
3174 http fetch GET 200 https://registry.npmjs.org/depd/-/depd-2.0.0.tgz 31553ms (cache miss)
3175 http fetch GET 200 https://registry.npmjs.org/@types/babel__template/-/babel__template-7.4.4.tgz 31781ms (cache miss)
3176 http fetch GET 200 https://registry.npmjs.org/vary/-/vary-1.1.2.tgz 31560ms (cache miss)
3177 http fetch GET 200 https://registry.npmjs.org/jest-message-util/-/jest-message-util-30.2.0.tgz 31569ms (cache miss)
3178 http fetch GET 200 https://registry.npmjs.org/@types/superagent/-/superagent-8.1.9.tgz 31599ms (cache miss)
3179 http fetch GET 200 https://registry.npmjs.org/pretty-format/-/pretty-format-30.2.0.tgz 31588ms (cache miss)
3180 http fetch GET 200 https://registry.npmjs.org/media-typer/-/media-typer-1.1.0.tgz 32177ms (cache miss)
3181 http fetch GET 200 https://registry.npmjs.org/html-escaper/-/html-escaper-2.0.2.tgz 31807ms (cache miss)
3182 http fetch GET 200 https://registry.npmjs.org/@istanbuljs/load-nyc-config/-/load-nyc-config-1.1.0.tgz 31814ms (cache miss)
3183 http fetch GET 200 https://registry.npmjs.org/wrap-ansi/-/wrap-ansi-7.0.0.tgz 32265ms (cache miss)
3184 http fetch GET 200 https://registry.npmjs.org/babel-plugin-istanbul/-/babel-plugin-istanbul-7.0.1.tgz 31823ms (cache miss)
3185 http fetch GET 200 https://registry.npmjs.org/cors/-/cors-2.8.5.tgz 31620ms (cache miss)
3186 http fetch GET 200 https://registry.npmjs.org/fast-safe-stringify/-/fast-safe-stringify-2.1.1.tgz 31619ms (cache miss)
3187 http fetch GET 200 https://registry.npmjs.org/istanbul-lib-source-maps/-/istanbul-lib-source-maps-5.0.6.tgz 31824ms (cache miss)
3188 http fetch GET 200 https://registry.npmjs.org/istanbul-lib-coverage/-/istanbul-lib-coverage-3.2.2.tgz 31820ms (cache miss)
3189 http fetch GET 200 https://registry.npmjs.org/@lukeed/csprng/-/csprng-1.1.0.tgz 32226ms (cache miss)
3190 http fetch GET 200 https://registry.npmjs.org/make-error/-/make-error-1.3.6.tgz 32216ms (cache miss)
3191 http fetch GET 200 https://registry.npmjs.org/jest-validate/-/jest-validate-30.2.0.tgz 31813ms (cache miss)
3192 http fetch GET 200 https://registry.npmjs.org/jest-watcher/-/jest-watcher-30.2.0.tgz 31834ms (cache miss)
3193 http fetch GET 200 https://registry.npmjs.org/@nuxt/opencollective/-/opencollective-0.4.1.tgz 31649ms (cache miss)
3194 http fetch GET 200 https://registry.npmjs.org/jest-runtime/-/jest-runtime-30.2.0.tgz 31820ms (cache miss)
3195 http fetch GET 200 https://registry.npmjs.org/cookiejar/-/cookiejar-2.1.4.tgz 32225ms (cache miss)
3196 http fetch GET 200 https://registry.npmjs.org/jest-cli/-/jest-cli-30.2.0.tgz 31808ms (cache miss)
3197 http fetch GET 200 https://registry.npmjs.org/@jest/test-result/-/test-result-30.2.0.tgz 31817ms (cache miss)
3198 http fetch GET 200 https://registry.npmjs.org/@jest/core/-/core-30.2.0.tgz 31821ms (cache miss)
3199 http fetch GET 200 https://registry.npmjs.org/type-is/-/type-is-2.0.1.tgz 31801ms (cache miss)
3200 http fetch GET 200 https://registry.npmjs.org/cookie/-/cookie-0.7.2.tgz 31778ms (cache miss)
3201 http fetch GET 200 https://registry.npmjs.org/jest-each/-/jest-each-30.2.0.tgz 32148ms (cache miss)
3202 http fetch GET 200 https://registry.npmjs.org/jest-matcher-utils/-/jest-matcher-utils-30.2.0.tgz 31780ms (cache miss)
3203 http fetch GET 200 https://registry.npmjs.org/strip-ansi/-/strip-ansi-7.1.2.tgz 31669ms (cache miss)
3204 http fetch GET 200 https://registry.npmjs.org/wrap-ansi/-/wrap-ansi-8.1.0.tgz 31667ms (cache miss)
3205 http fetch GET 200 https://registry.npmjs.org/ansi-regex/-/ansi-regex-6.2.2.tgz 31675ms (cache miss)
3206 http fetch GET 200 https://registry.npmjs.org/string-width/-/string-width-5.1.2.tgz 31670ms (cache miss)
3207 http fetch GET 200 https://registry.npmjs.org/eslint-plugin-prettier/-/eslint-plugin-prettier-5.5.5.tgz 31715ms (cache miss)
3208 http fetch GET 200 https://registry.npmjs.org/@types/jest/-/jest-30.0.0.tgz 31711ms (cache miss)
3209 http fetch GET 200 https://registry.npmjs.org/escape-string-regexp/-/escape-string-regexp-2.0.0.tgz 31695ms (cache miss)
3210 http fetch GET 200 https://registry.npmjs.org/p-locate/-/p-locate-4.1.0.tgz 31682ms (cache miss)
3211 http fetch GET 200 https://registry.npmjs.org/p-limit/-/p-limit-2.3.0.tgz 31693ms (cache miss)
3212 http fetch GET 200 https://registry.npmjs.org/@types/babel__core/-/babel__core-7.20.5.tgz 32034ms (cache miss)
3213 http fetch GET 200 https://registry.npmjs.org/resolve-from/-/resolve-from-5.0.0.tgz 31702ms (cache miss)
3214 http fetch GET 200 https://registry.npmjs.org/require-directory/-/require-directory-2.1.1.tgz 32442ms (cache miss)
3215 http fetch GET 200 https://registry.npmjs.org/find-up/-/find-up-4.1.0.tgz 31685ms (cache miss)
3216 http fetch GET 200 https://registry.npmjs.org/locate-path/-/locate-path-5.0.0.tgz 31703ms (cache miss)
3217 http fetch GET 200 https://registry.npmjs.org/strip-bom/-/strip-bom-4.0.0.tgz 31655ms (cache miss)
3218 http fetch GET 200 https://registry.npmjs.org/@jest/test-sequencer/-/test-sequencer-30.2.0.tgz 32053ms (cache miss)
3219 http fetch GET 200 https://registry.npmjs.org/@jest/expect-utils/-/expect-utils-30.2.0.tgz 31858ms (cache miss)
3220 http fetch GET 200 https://registry.npmjs.org/form-data/-/form-data-4.0.5.tgz 31858ms (cache miss)
3221 http fetch GET 200 https://registry.npmjs.org/media-typer/-/media-typer-0.3.0.tgz 31654ms (cache miss)
3222 http fetch GET 200 https://registry.npmjs.org/react-is/-/react-is-18.3.1.tgz 31663ms (cache miss)
3223 http fetch GET 200 https://registry.npmjs.org/@isaacs/cliui/-/cliui-8.0.2.tgz 32519ms (cache miss)
3224 http fetch GET 200 https://registry.npmjs.org/@types/yargs/-/yargs-17.0.35.tgz 32092ms (cache miss)
3225 http fetch GET 200 https://registry.npmjs.org/jest-runner/-/jest-runner-30.2.0.tgz 32091ms (cache miss)
3226 http fetch GET 200 https://registry.npmjs.org/@borewit/text-codec/-/text-codec-0.2.1.tgz 32497ms (cache miss)
3227 http fetch GET 200 https://registry.npmjs.org/@jest/snapshot-utils/-/snapshot-utils-30.2.0.tgz 32438ms (cache miss)
3228 http fetch GET 200 https://registry.npmjs.org/ansi-styles/-/ansi-styles-6.2.3.tgz 31947ms (cache miss)
3229 http fetch GET 200 https://registry.npmjs.org/supertest/-/supertest-7.2.2.tgz 31999ms (cache miss)
3230 http fetch GET 200 https://registry.npmjs.org/jest-mock/-/jest-mock-30.2.0.tgz 32105ms (cache miss)
3231 http fetch GET 200 https://registry.npmjs.org/glob/-/glob-7.2.3.tgz 32005ms (cache miss)
3232 warn deprecated glob@7.2.3: Glob versions prior to v9 are no longer supported
3233 http fetch GET 200 https://registry.npmjs.org/camelcase/-/camelcase-6.3.0.tgz 31987ms (cache miss)
3234 http fetch GET 200 https://registry.npmjs.org/type-is/-/type-is-1.6.18.tgz 31968ms (cache miss)
3235 http fetch GET 200 https://registry.npmjs.org/y18n/-/y18n-5.0.8.tgz 32825ms (cache miss)
3236 http fetch GET 200 https://registry.npmjs.org/@types/express-serve-static-core/-/express-serve-static-core-5.1.1.tgz 32196ms (cache miss)
3237 http fetch GET 200 https://registry.npmjs.org/uid/-/uid-2.0.2.tgz 32203ms (cache miss)
3238 http fetch GET 200 https://registry.npmjs.org/lodash.memoize/-/lodash.memoize-4.1.2.tgz 32816ms (cache miss)
3239 http fetch GET 200 https://registry.npmjs.org/router/-/router-2.2.0.tgz 32383ms (cache miss)
3240 http fetch GET 200 https://registry.npmjs.org/@types/babel__traverse/-/babel__traverse-7.28.0.tgz 32616ms (cache miss)
3241 http fetch GET 200 https://registry.npmjs.org/babel-plugin-jest-hoist/-/babel-plugin-jest-hoist-30.2.0.tgz 32639ms (cache miss)
3242 http fetch GET 200 https://registry.npmjs.org/v8-compile-cache-lib/-/v8-compile-cache-lib-3.0.1.tgz 33043ms (cache miss)
3243 http fetch GET 200 https://registry.npmjs.org/ansi-styles/-/ansi-styles-5.2.0.tgz 32229ms (cache miss)
3244 http fetch GET 200 https://registry.npmjs.org/source-map-support/-/source-map-support-0.5.13.tgz 32257ms (cache miss)
3245 http fetch GET 200 https://registry.npmjs.org/get-stream/-/get-stream-6.0.1.tgz 32669ms (cache miss)
3246 http fetch GET 200 https://registry.npmjs.org/@jest/transform/-/transform-30.2.0.tgz 32659ms (cache miss)
3247 http fetch GET 200 https://registry.npmjs.org/globals/-/globals-16.5.0.tgz 32491ms (cache miss)
3248 http fetch GET 200 https://registry.npmjs.org/arg/-/arg-4.1.3.tgz 33249ms (cache miss)
3249 http fetch GET 200 https://registry.npmjs.org/wrap-ansi/-/wrap-ansi-7.0.0.tgz 32573ms (cache miss)
3250 http fetch GET 200 https://registry.npmjs.org/@istanbuljs/schema/-/schema-0.1.3.tgz 32871ms (cache miss)
3251 http fetch GET 200 https://registry.npmjs.org/asynckit/-/asynckit-0.4.0.tgz 32828ms (cache miss)
3252 http fetch GET 200 https://registry.npmjs.org/@jest/fake-timers/-/fake-timers-30.2.0.tgz 33163ms (cache miss)
3253 http fetch GET 200 https://registry.npmjs.org/p-locate/-/p-locate-4.1.0.tgz 32653ms (cache miss)
3254 http fetch GET 200 https://registry.npmjs.org/p-limit/-/p-limit-2.3.0.tgz 32656ms (cache miss)
3255 http fetch GET 200 https://registry.npmjs.org/locate-path/-/locate-path-5.0.0.tgz 32652ms (cache miss)
3256 http fetch GET 200 https://registry.npmjs.org/resolve-from/-/resolve-from-5.0.0.tgz 32668ms (cache miss)
3257 http fetch GET 200 https://registry.npmjs.org/find-up/-/find-up-4.1.0.tgz 32697ms (cache miss)
3258 http fetch GET 200 https://registry.npmjs.org/jest-worker/-/jest-worker-30.2.0.tgz 33086ms (cache miss)
3259 http fetch GET 200 https://registry.npmjs.org/jest-config/-/jest-config-30.2.0.tgz 33104ms (cache miss)
3260 http fetch GET 200 https://registry.npmjs.org/@jest/pattern/-/pattern-30.0.1.tgz 33112ms (cache miss)
3261 http fetch GET 200 https://registry.npmjs.org/jest-snapshot/-/jest-snapshot-30.2.0.tgz 33326ms (cache miss)
3262 http fetch GET 200 https://registry.npmjs.org/jest-diff/-/jest-diff-30.2.0.tgz 33651ms (cache miss)
3263 http fetch GET 200 https://registry.npmjs.org/ipaddr.js/-/ipaddr.js-1.9.1.tgz 33885ms (cache miss)
3264 http fetch GET 200 https://registry.npmjs.org/streamsearch/-/streamsearch-1.1.0.tgz 33866ms (cache miss)
3265 http fetch GET 200 https://registry.npmjs.org/expect/-/expect-30.2.0.tgz 33915ms (cache miss)
3266 http fetch GET 200 https://registry.npmjs.org/jest-haste-map/-/jest-haste-map-30.2.0.tgz 34381ms (cache miss)
3267 http fetch GET 200 https://registry.npmjs.org/@ungap/structured-clone/-/structured-clone-1.3.0.tgz 34782ms (cache miss)
3268 http fetch GET 200 https://registry.npmjs.org/@jest/reporters/-/reporters-30.2.0.tgz 35311ms (cache miss)
3269 http fetch GET 200 https://registry.npmjs.org/jest-circus/-/jest-circus-30.2.0.tgz 35700ms (cache miss)
3270 http fetch GET 200 https://registry.npmjs.org/acorn-walk/-/acorn-walk-8.3.4.tgz 36377ms (cache miss)
3271 http fetch GET 200 https://registry.npmjs.org/asap/-/asap-2.0.6.tgz 36466ms (cache miss)
3272 http fetch GET 200 https://registry.npmjs.org/fast-diff/-/fast-diff-1.3.0.tgz 36443ms (cache miss)
3273 http fetch GET 200 https://registry.npmjs.org/express/-/express-5.2.1.tgz 36727ms (cache miss)
3274 http fetch GET 200 https://registry.npmjs.org/file-type/-/file-type-21.3.0.tgz 36951ms (cache miss)
3275 http fetch GET 200 https://registry.npmjs.org/execa/-/execa-5.1.1.tgz 37315ms (cache miss)
3276 http fetch GET 200 https://registry.npmjs.org/exit-x/-/exit-x-0.2.2.tgz 37272ms (cache miss)
3277 http fetch GET 200 https://registry.npmjs.org/reflect-metadata/-/reflect-metadata-0.2.2.tgz 37094ms (cache miss)
3278 http fetch GET 200 https://registry.npmjs.org/@jridgewell/trace-mapping/-/trace-mapping-0.3.9.tgz 37124ms (cache miss)
3279 http fetch GET 200 https://registry.npmjs.org/package-json-from-dist/-/package-json-from-dist-1.0.1.tgz 38104ms (cache miss)
3280 http fetch GET 200 https://registry.npmjs.org/wordwrap/-/wordwrap-1.0.0.tgz 38054ms (cache miss)
3281 http fetch GET 200 https://registry.npmjs.org/diff 38644ms (cache miss)
3282 silly packumentCache corgi:https://registry.npmjs.org/diff set size:undefined disposed:false
3283 http fetch GET 200 https://registry.npmjs.org/sprintf-js/-/sprintf-js-1.0.3.tgz 38538ms (cache miss)
3284 http fetch GET 200 https://registry.npmjs.org/bs-logger/-/bs-logger-0.2.6.tgz 38620ms (cache miss)
3285 http fetch GET 200 https://registry.npmjs.org/mime-db/-/mime-db-1.54.0.tgz 38790ms (cache miss)
3286 http fetch GET 200 https://registry.npmjs.org/@sinonjs/fake-timers/-/fake-timers-13.0.5.tgz 38821ms (cache miss)
3287 http fetch GET 200 https://registry.npmjs.org/istanbul-lib-instrument/-/istanbul-lib-instrument-6.0.3.tgz 39139ms (cache miss)
3288 http fetch GET 200 https://registry.npmjs.org/human-signals/-/human-signals-2.1.0.tgz 39447ms (cache miss)
3289 http fetch GET 200 https://registry.npmjs.org/synckit/-/synckit-0.11.12.tgz 39383ms (cache miss)
3290 http fetch GET 200 https://registry.npmjs.org/mime/-/mime-2.6.0.tgz 39986ms (cache miss)
3291 http fetch GET 200 https://registry.npmjs.org/busboy/-/busboy-1.6.0.tgz 40104ms (cache miss)
3292 http fetch GET 200 https://registry.npmjs.org/@cspotcode/source-map-support/-/source-map-support-0.8.1.tgz 41137ms (cache miss)
3293 http fetch GET 200 https://registry.npmjs.org/@pkgjs/parseargs/-/parseargs-0.11.0.tgz 43344ms (cache miss)
3294 http fetch GET 200 https://registry.npmjs.org/strtok3/-/strtok3-10.3.4.tgz 43607ms (cache miss)
3295 http fetch GET 200 https://registry.npmjs.org/cjs-module-lexer/-/cjs-module-lexer-2.2.0.tgz 43984ms (cache miss)
3296 http fetch GET 200 https://registry.npmjs.org/argparse/-/argparse-1.0.10.tgz 43633ms (cache miss)
3297 silly packumentCache corgi:https://registry.npmjs.org/ts-node cache-miss
3298 http fetch GET 200 https://registry.npmjs.org/foreground-child/-/foreground-child-3.3.1.tgz 46013ms (cache miss)
3299 http fetch GET 200 https://registry.npmjs.org/qs/-/qs-6.14.1.tgz 45610ms (cache miss)
3300 http fetch GET 200 https://registry.npmjs.org/path-scurry/-/path-scurry-1.11.1.tgz 46005ms (cache miss)
3301 http fetch GET 200 https://registry.npmjs.org/path-scurry/-/path-scurry-1.11.1.tgz 46496ms (cache miss)
3302 http fetch GET 200 https://registry.npmjs.org/path-scurry/-/path-scurry-1.11.1.tgz 46476ms (cache miss)
3303 http fetch GET 200 https://registry.npmjs.org/@sinonjs/commons/-/commons-3.0.1.tgz 47287ms (cache miss)
3304 http fetch GET 200 https://registry.npmjs.org/@nestjs/platform-express/-/platform-express-11.1.12.tgz 47401ms (cache miss)
3305 http fetch GET 200 https://registry.npmjs.org/diff/-/diff-4.0.2.tgz 48140ms (cache miss)
3306 http fetch GET 200 https://registry.npmjs.org/js-yaml/-/js-yaml-3.14.2.tgz 49428ms (cache miss)
3307 http fetch GET 200 https://registry.npmjs.org/jackspeak/-/jackspeak-3.4.3.tgz 50426ms (cache miss)
3308 http fetch GET 200 https://registry.npmjs.org/consola/-/consola-3.4.2.tgz 50161ms (cache miss)
3309 http fetch GET 200 https://registry.npmjs.org/ts-loader/-/ts-loader-9.5.4.tgz 50269ms (cache miss)
3310 http fetch GET 200 https://registry.npmjs.org/type-fest/-/type-fest-0.21.3.tgz 51421ms (cache miss)
3311 http fetch GET 200 https://registry.npmjs.org/formidable/-/formidable-3.5.4.tgz 52865ms (cache miss)
3312 http fetch GET 200 https://registry.npmjs.org/lru-cache/-/lru-cache-10.4.3.tgz 54817ms (cache miss)
3313 http fetch GET 200 https://registry.npmjs.org/@bcoe/v8-coverage/-/v8-coverage-0.2.3.tgz 56852ms (cache miss)
3314 http fetch GET 200 https://registry.npmjs.org/lru-cache/-/lru-cache-10.4.3.tgz 56671ms (cache miss)
3315 http fetch GET 200 https://registry.npmjs.org/lru-cache/-/lru-cache-10.4.3.tgz 56663ms (cache miss)
3316 http fetch GET 200 https://registry.npmjs.org/yargs/-/yargs-17.7.2.tgz 58614ms (cache miss)
3317 http fetch GET 200 https://registry.npmjs.org/ts-node 14259ms (cache miss)
3318 silly packumentCache corgi:https://registry.npmjs.org/ts-node set size:undefined disposed:false
3319 http fetch GET 200 https://registry.npmjs.org/superagent/-/superagent-10.3.0.tgz 60114ms (cache miss)
3320 http fetch GET 200 https://registry.npmjs.org/glob/-/glob-10.5.0.tgz 60092ms (cache miss)
3321 http fetch GET 200 https://registry.npmjs.org/glob/-/glob-10.5.0.tgz 61140ms (cache miss)
3322 http fetch GET 200 https://registry.npmjs.org/glob/-/glob-10.5.0.tgz 61344ms (cache miss)
3323 silly packumentCache corgi:https://registry.npmjs.org/jest-config cache-miss
3324 http fetch GET 200 https://registry.npmjs.org/istanbul-reports/-/istanbul-reports-3.2.0.tgz 63192ms (cache miss)
3325 http fetch GET 200 https://registry.npmjs.org/pure-rand/-/pure-rand-7.0.1.tgz 66834ms (cache miss)
3326 http fetch GET 200 https://registry.npmjs.org/uglify-js/-/uglify-js-3.19.3.tgz 67482ms (cache miss)
3327 http fetch GET 200 https://registry.npmjs.org/ts-jest/-/ts-jest-29.4.6.tgz 69782ms (cache miss)
3328 http fetch GET 200 https://registry.npmjs.org/ts-node/-/ts-node-10.9.2.tgz 73205ms (cache miss)
3329 http fetch GET 200 https://registry.npmjs.org/jest-config 12511ms (cache miss)
3330 silly packumentCache corgi:https://registry.npmjs.org/jest-config set size:undefined disposed:false
3331 http fetch GET 200 https://registry.npmjs.org/type-fest/-/type-fest-4.41.0.tgz 74794ms (cache miss)
3332 silly packumentCache corgi:https://registry.npmjs.org/@jest%2fcore cache-miss
3333 silly packumentCache corgi:https://registry.npmjs.org/jest-cli cache-miss
3334 http fetch GET 200 https://registry.npmjs.org/@types/node/-/node-22.19.7.tgz 80638ms (cache miss)
3335 http fetch GET 200 https://registry.npmjs.org/@jest%2fcore 6674ms (cache miss)
3336 silly packumentCache corgi:https://registry.npmjs.org/@jest%2fcore set size:undefined disposed:false
3337 http fetch GET 200 https://registry.npmjs.org/jest-cli 7427ms (cache miss)
3338 silly packumentCache corgi:https://registry.npmjs.org/jest-cli set size:undefined disposed:false
3339 silly packumentCache corgi:https://registry.npmjs.org/jest cache-miss
3340 http fetch GET 200 https://registry.npmjs.org/@noble/hashes/-/hashes-1.8.0.tgz 93095ms (cache miss)
3341 http fetch GET 200 https://registry.npmjs.org/jest 6401ms (cache miss)
3342 silly packumentCache corgi:https://registry.npmjs.org/jest set size:undefined disposed:false
3343 http fetch GET 200 https://registry.npmjs.org/handlebars/-/handlebars-4.7.8.tgz 96445ms (cache miss)
3344 silly packumentCache corgi:https://registry.npmjs.org/ts-jest cache-miss
3345 http fetch GET 200 https://registry.npmjs.org/@nestjs/core/-/core-11.1.12.tgz 98564ms (cache miss)
3346 http fetch GET 200 https://registry.npmjs.org/@nestjs/common/-/common-11.1.12.tgz 102288ms (cache miss)
3347 http fetch GET 200 https://registry.npmjs.org/ts-jest 6317ms (cache miss)
3348 silly packumentCache corgi:https://registry.npmjs.org/ts-jest set size:undefined disposed:false
3349 http fetch GET 200 https://registry.npmjs.org/prettier/-/prettier-3.8.0.tgz 108714ms (cache miss)
3350 http fetch GET 200 https://registry.npmjs.org/@sinclair/typebox/-/typebox-0.34.47.tgz 148226ms (cache miss)
3351 http fetch GET 200 https://registry.npmjs.org/rxjs/-/rxjs-7.8.2.tgz 157506ms (cache miss)
3352 info run @nestjs/core@11.1.12 postinstall node_modules/@nestjs/core opencollective || exit 0
3353 info run @nestjs/core@11.1.12 postinstall { code: 0, signal: null }
3354 silly ADD apps/api/node_modules/tsconfig-paths
3355 silly ADD apps/api/node_modules/globals
3356 silly ADD apps/api/node_modules/@types/node
3357 silly ADD node_modules/path-is-absolute
3358 silly ADD node_modules/inflight
3359 silly ADD node_modules/fs.realpath
3360 silly ADD node_modules/@isaacs/balanced-match
3361 silly ADD node_modules/@isaacs/brace-expansion
3362 silly ADD node_modules/eastasianwidth
3363 silly ADD node_modules/wrap-ansi-cjs
3364 silly ADD node_modules/strip-ansi-cjs
3365 silly ADD node_modules/string-width-cjs
3366 silly ADD node_modules/string-width-cjs/node_modules/emoji-regex
3367 silly ADD node_modules/@pkgjs/parseargs
3368 silly ADD node_modules/@isaacs/cliui
3369 silly ADD node_modules/@isaacs/cliui/node_modules/ansi-styles
3370 silly ADD node_modules/@isaacs/cliui/node_modules/ansi-regex
3371 silly ADD node_modules/@isaacs/cliui/node_modules/wrap-ansi
3372 silly ADD node_modules/@isaacs/cliui/node_modules/strip-ansi
3373 silly ADD node_modules/@isaacs/cliui/node_modules/string-width
3374 silly ADD node_modules/package-json-from-dist
3375 silly ADD node_modules/jackspeak
3376 silly ADD node_modules/foreground-child
3377 silly ADD node_modules/p-try
3378 silly ADD node_modules/sprintf-js
3379 silly ADD node_modules/require-from-string
3380 silly ADD node_modules/fast-uri
3381 silly ADD node_modules/y18n
3382 silly ADD node_modules/require-directory
3383 silly ADD node_modules/get-caller-file
3384 silly ADD node_modules/cliui
3385 silly ADD node_modules/cliui/node_modules/wrap-ansi
3386 silly ADD node_modules/@jridgewell/source-map
3387 silly ADD node_modules/randombytes
3388 silly ADD node_modules/terser
3389 silly ADD node_modules/terser/node_modules/commander
3390 silly ADD node_modules/serialize-javascript
3391 silly ADD node_modules/@xtuc/ieee754
3392 silly ADD node_modules/@webassemblyjs/utf8
3393 silly ADD node_modules/@webassemblyjs/leb128
3394 silly ADD node_modules/@webassemblyjs/ieee754
3395 silly ADD node_modules/@webassemblyjs/wast-printer
3396 silly ADD node_modules/@webassemblyjs/wasm-opt
3397 silly ADD node_modules/@webassemblyjs/wasm-gen
3398 silly ADD node_modules/@webassemblyjs/helper-wasm-section
3399 silly ADD node_modules/@webassemblyjs/helper-buffer
3400 silly ADD node_modules/@xtuc/long
3401 silly ADD node_modules/@webassemblyjs/helper-api-error
3402 silly ADD node_modules/@webassemblyjs/floating-point-hex-parser
3403 silly ADD node_modules/@webassemblyjs/helper-wasm-bytecode
3404 silly ADD node_modules/@webassemblyjs/helper-numbers
3405 silly ADD node_modules/@types/eslint
3406 silly ADD node_modules/webpack-sources
3407 silly ADD node_modules/watchpack
3408 silly ADD node_modules/terser-webpack-plugin
3409 silly ADD node_modules/terser-webpack-plugin/node_modules/json-schema-traverse
3410 silly ADD node_modules/terser-webpack-plugin/node_modules/ajv-keywords
3411 silly ADD node_modules/terser-webpack-plugin/node_modules/ajv-formats
3412 silly ADD node_modules/terser-webpack-plugin/node_modules/ajv
3413 silly ADD node_modules/terser-webpack-plugin/node_modules/supports-color
3414 silly ADD node_modules/terser-webpack-plugin/node_modules/schema-utils
3415 silly ADD node_modules/terser-webpack-plugin/node_modules/jest-worker
3416 silly ADD node_modules/loader-runner
3417 silly ADD node_modules/glob-to-regexp
3418 silly ADD node_modules/events
3419 silly ADD node_modules/es-module-lexer
3420 silly ADD node_modules/chrome-trace-event
3421 silly ADD node_modules/acorn-import-phases
3422 silly ADD node_modules/@webassemblyjs/wasm-parser
3423 silly ADD node_modules/@webassemblyjs/wasm-edit
3424 silly ADD node_modules/@webassemblyjs/ast
3425 silly ADD node_modules/@types/eslint-scope
3426 silly ADD node_modules/clone
3427 silly ADD node_modules/defaults
3428 silly ADD node_modules/tmpl
3429 silly ADD node_modules/makeerror
3430 silly ADD node_modules/@lukeed/csprng
3431 silly ADD node_modules/media-typer
3432 silly ADD node_modules/yn
3433 silly ADD node_modules/v8-compile-cache-lib
3434 silly ADD node_modules/diff
3435 silly ADD node_modules/create-require
3436 silly ADD node_modules/arg
3437 silly ADD node_modules/acorn-walk
3438 silly ADD node_modules/@tsconfig/node16
3439 silly ADD node_modules/@tsconfig/node14
3440 silly ADD node_modules/@tsconfig/node12
3441 silly ADD node_modules/@tsconfig/node10
3442 silly ADD node_modules/@cspotcode/source-map-support
3443 silly ADD node_modules/@cspotcode/source-map-support/node_modules/@jridgewell/trace-mapping
3444 silly ADD node_modules/enhanced-resolve
3445 silly ADD node_modules/wordwrap
3446 silly ADD node_modules/uglify-js
3447 silly ADD node_modules/neo-async
3448 silly ADD node_modules/make-error
3449 silly ADD node_modules/lodash.memoize
3450 silly ADD node_modules/handlebars
3451 silly ADD node_modules/handlebars/node_modules/source-map
3452 silly ADD node_modules/bs-logger
3453 silly ADD node_modules/@borewit/text-codec
3454 silly ADD node_modules/@pkgr/core
3455 silly ADD node_modules/asap
3456 silly ADD node_modules/@noble/hashes
3457 silly ADD node_modules/dezalgo
3458 silly ADD node_modules/@paralleldrive/cuid2
3459 silly ADD node_modules/mime
3460 silly ADD node_modules/formidable
3461 silly ADD node_modules/cookiejar
3462 silly ADD node_modules/component-emitter
3463 silly ADD node_modules/superagent
3464 silly ADD node_modules/methods
3465 silly ADD node_modules/@tokenizer/token
3466 silly ADD node_modules/ansi-regex
3467 silly ADD node_modules/is-fullwidth-code-point
3468 silly ADD node_modules/char-regex
3469 silly ADD node_modules/safe-buffer
3470 silly ADD node_modules/ajv-keywords
3471 silly ADD node_modules/is-promise
3472 silly ADD node_modules/util-deprecate
3473 silly ADD node_modules/string_decoder
3474 silly ADD node_modules/unpipe
3475 silly ADD node_modules/ipaddr.js
3476 silly ADD node_modules/forwarded
3477 silly ADD node_modules/fast-diff
3478 silly ADD node_modules/is-arrayish
3479 silly ADD node_modules/lines-and-columns
3480 silly ADD node_modules/json-parse-even-better-errors
3481 silly ADD node_modules/error-ex
3482 silly ADD node_modules/restore-cursor
3483 silly ADD node_modules/restore-cursor/node_modules/signal-exit
3484 silly ADD node_modules/ieee754
3485 silly ADD node_modules/base64-js
3486 silly ADD node_modules/buffer
3487 silly ADD node_modules/wcwidth
3488 silly ADD node_modules/strip-ansi
3489 silly ADD node_modules/log-symbols
3490 silly ADD node_modules/is-unicode-supported
3491 silly ADD node_modules/is-interactive
3492 silly ADD node_modules/cli-spinners
3493 silly ADD node_modules/cli-cursor
3494 silly ADD node_modules/bl
3495 silly ADD node_modules/mimic-fn
3496 silly ADD node_modules/wrappy
3497 silly ADD node_modules/ee-first
3498 silly ADD node_modules/lodash
3499 silly ADD node_modules/typedarray
3500 silly ADD node_modules/readable-stream
3501 silly ADD node_modules/buffer-from
3502 silly ADD node_modules/streamsearch
3503 silly ADD node_modules/xtend
3504 silly ADD node_modules/mkdirp
3505 silly ADD node_modules/concat-stream
3506 silly ADD node_modules/busboy
3507 silly ADD node_modules/append-field
3508 silly ADD node_modules/mime-db
3509 silly ADD node_modules/fs-monkey
3510 silly ADD node_modules/@ungap/structured-clone
3511 silly ADD node_modules/leven
3512 silly ADD node_modules/@jest/snapshot-utils
3513 silly ADD node_modules/@babel/plugin-syntax-typescript
3514 silly ADD node_modules/@babel/plugin-syntax-jsx
3515 silly ADD node_modules/cjs-module-lexer
3516 silly ADD node_modules/@jest/source-map
3517 silly ADD node_modules/@jest/globals
3518 silly ADD node_modules/jest-leak-detector
3519 silly ADD node_modules/emittery
3520 silly ADD node_modules/jest-pnp-resolver
3521 silly ADD node_modules/@types/stack-utils
3522 silly ADD node_modules/@jest/diff-sequences
3523 silly ADD node_modules/jest-diff
3524 silly ADD node_modules/node-int64
3525 silly ADD node_modules/bser
3526 silly ADD node_modules/normalize-path
3527 silly ADD node_modules/walker
3528 silly ADD
3529 silly ADD node_modules/fb-watchman
3530 silly ADD node_modules/anymatch
3531 silly ADD node_modules/detect-newline
3532 silly ADD node_modules/type-detect
3533 silly ADD node_modules/@sinonjs/commons
3534 silly ADD node_modules/@sinonjs/fake-timers
3535 silly ADD node_modules/@jest/fake-timers
3536 silly ADD node_modules/stack-utils
3537 silly ADD node_modules/stack-utils/node_modules/escape-string-regexp
3538 silly ADD node_modules/pure-rand
3539 silly ADD node_modules/jest-each
3540 silly ADD node_modules/is-generator-fn
3541 silly ADD node_modules/dedent
3542 silly ADD node_modules/co
3543 silly ADD node_modules/@jest/expect
3544 silly ADD node_modules/@jest/environment
3545 silly ADD node_modules/@babel/plugin-syntax-top-level-await
3546 silly ADD node_modules/@babel/plugin-syntax-private-property-in-object
3547 silly ADD node_modules/@babel/plugin-syntax-optional-chaining
3548 silly ADD node_modules/@babel/plugin-syntax-optional-catch-binding
3549 silly ADD node_modules/@babel/plugin-syntax-object-rest-spread
3550 silly ADD node_modules/@babel/plugin-syntax-numeric-separator
3551 silly ADD node_modules/@babel/plugin-syntax-nullish-coalescing-operator
3552 silly ADD node_modules/@babel/plugin-syntax-logical-assignment-operators
3553 silly ADD node_modules/@babel/plugin-syntax-json-strings
3554 silly ADD node_modules/@babel/plugin-syntax-import-meta
3555 silly ADD node_modules/@babel/plugin-syntax-import-attributes
3556 silly ADD node_modules/@babel/plugin-syntax-class-static-block
3557 silly ADD node_modules/@babel/plugin-syntax-class-properties
3558 silly ADD node_modules/@babel/plugin-syntax-bigint
3559 silly ADD node_modules/@babel/plugin-syntax-async-generators
3560 silly ADD node_modules/babel-preset-current-node-syntax
3561 silly ADD node_modules/babel-plugin-jest-hoist
3562 silly ADD node_modules/@types/babel__traverse
3563 silly ADD node_modules/@types/babel__traverse/node_modules/@babel/types
3564 silly ADD node_modules/@types/babel__template
3565 silly ADD node_modules/@types/babel__template/node_modules/@babel/types
3566 silly ADD node_modules/@types/babel__generator
3567 silly ADD node_modules/@types/babel__generator/node_modules/@babel/types
3568 silly ADD node_modules/babel-preset-jest
3569 silly ADD node_modules/@types/babel__core
3570 silly ADD node_modules/@types/babel__core/node_modules/@babel/types
3571 silly ADD node_modules/jest-environment-node
3572 silly ADD node_modules/jest-docblock
3573 silly ADD node_modules/jest-circus
3574 silly ADD node_modules/babel-jest
3575 silly ADD node_modules/@jest/test-sequencer
3576 silly ADD node_modules/yargs
3577 silly ADD node_modules/strip-final-newline
3578 silly ADD node_modules/onetime
3579 silly ADD node_modules/npm-run-path
3580 silly ADD node_modules/merge-stream
3581 silly ADD node_modules/is-stream
3582 silly ADD node_modules/human-signals
3583 silly ADD node_modules/get-stream
3584 silly ADD node_modules/execa
3585 silly ADD node_modules/execa/node_modules/signal-exit
3586 silly ADD node_modules/html-escaper
3587 silly ADD node_modules/make-dir
3588 silly ADD node_modules/make-dir/node_modules/semver
3589 silly ADD node_modules/resolve-cwd
3590 silly ADD node_modules/resolve-cwd/node_modules/resolve-from
3591 silly ADD node_modules/pkg-dir
3592 silly ADD node_modules/pkg-dir/node_modules/p-limit
3593 silly ADD node_modules/pkg-dir/node_modules/p-locate
3594 silly ADD node_modules/pkg-dir/node_modules/locate-path
3595 silly ADD node_modules/pkg-dir/node_modules/find-up
3596 silly ADD node_modules/get-package-type
3597 silly ADD node_modules/camelcase
3598 silly ADD node_modules/test-exclude
3599 silly ADD node_modules/test-exclude/node_modules/glob
3600 silly ADD node_modules/@istanbuljs/schema
3601 silly ADD node_modules/@istanbuljs/load-nyc-config
3602 silly ADD node_modules/@istanbuljs/load-nyc-config/node_modules/p-limit
3603 silly ADD node_modules/@istanbuljs/load-nyc-config/node_modules/p-locate
3604 silly ADD node_modules/@istanbuljs/load-nyc-config/node_modules/argparse
3605 silly ADD node_modules/@istanbuljs/load-nyc-config/node_modules/locate-path
3606 silly ADD node_modules/@istanbuljs/load-nyc-config/node_modules/resolve-from
3607 silly ADD node_modules/@istanbuljs/load-nyc-config/node_modules/js-yaml
3608 silly ADD node_modules/@istanbuljs/load-nyc-config/node_modules/find-up
3609 silly ADD node_modules/@babel/helper-plugin-utils
3610 silly ADD node_modules/type-fest
3611 silly ADD node_modules/@types/yargs-parser
3612 silly ADD node_modules/@types/istanbul-lib-report
3613 silly ADD node_modules/@sinclair/typebox
3614 silly ADD node_modules/@types/yargs
3615 silly ADD node_modules/@types/istanbul-reports
3616 silly ADD node_modules/@jest/schemas
3617 silly ADD node_modules/write-file-atomic
3618 silly ADD node_modules/pirates
3619 silly ADD node_modules/babel-plugin-istanbul
3620 silly ADD node_modules/@types/istanbul-lib-coverage
3621 silly ADD node_modules/v8-to-istanbul
3622 silly ADD node_modules/string-length
3623 silly ADD node_modules/jest-worker
3624 silly ADD node_modules/jest-worker/node_modules/supports-color
3625 silly ADD node_modules/istanbul-reports
3626 silly ADD node_modules/istanbul-lib-source-maps
3627 silly ADD node_modules/istanbul-lib-report
3628 silly ADD node_modules/istanbul-lib-instrument
3629 silly ADD node_modules/istanbul-lib-instrument/node_modules/semver
3630 silly ADD node_modules/istanbul-lib-coverage
3631 silly ADD node_modules/collect-v8-coverage
3632 silly ADD node_modules/@bcoe/v8-coverage
3633 silly ADD node_modules/slash
3634 silly ADD node_modules/jest-watcher
3635 silly ADD node_modules/jest-validate
3636 silly ADD node_modules/jest-validate/node_modules/camelcase
3637 silly ADD node_modules/jest-snapshot
3638 silly ADD node_modules/jest-snapshot/node_modules/semver
3639 silly ADD node_modules/jest-snapshot/node_modules/@babel/types
3640 silly ADD node_modules/jest-runtime
3641 silly ADD node_modules/jest-runtime/node_modules/lru-cache
3642 silly ADD node_modules/jest-runtime/node_modules/brace-expansion
3643 silly ADD node_modules/jest-runtime/node_modules/path-scurry
3644 silly ADD node_modules/jest-runtime/node_modules/minimatch
3645 silly ADD node_modules/jest-runtime/node_modules/strip-bom
3646 silly ADD node_modules/jest-runtime/node_modules/glob
3647 silly ADD node_modules/jest-runner
3648 silly ADD node_modules/jest-runner/node_modules/source-map
3649 silly ADD node_modules/jest-runner/node_modules/source-map-support
3650 silly ADD node_modules/jest-resolve-dependencies
3651 silly ADD node_modules/jest-resolve
3652 silly ADD node_modules/jest-regex-util
3653 silly ADD node_modules/jest-haste-map
3654 silly ADD node_modules/jest-config
3655 silly ADD node_modules/jest-config/node_modules/lru-cache
3656 silly ADD node_modules/jest-config/node_modules/brace-expansion
3657 silly ADD node_modules/jest-config/node_modules/path-scurry
3658 silly ADD node_modules/jest-config/node_modules/minimatch
3659 silly ADD node_modules/jest-config/node_modules/glob
3660 silly ADD node_modules/jest-changed-files
3661 silly ADD node_modules/exit-x
3662 silly ADD node_modules/ci-info
3663 silly ADD node_modules/ansi-escapes
3664 silly ADD node_modules/@jest/transform
3665 silly ADD node_modules/@jest/test-result
3666 silly ADD node_modules/@jest/reporters
3667 silly ADD node_modules/@jest/reporters/node_modules/lru-cache
3668 silly ADD node_modules/@jest/reporters/node_modules/brace-expansion
3669 silly ADD node_modules/@jest/reporters/node_modules/path-scurry
3670 silly ADD node_modules/@jest/reporters/node_modules/minimatch
3671 silly ADD node_modules/@jest/reporters/node_modules/glob
3672 silly ADD node_modules/@jest/pattern
3673 silly ADD node_modules/@jest/console
3674 silly ADD node_modules/jest-cli
3675 silly ADD node_modules/import-local
3676 silly ADD node_modules/@jest/types
3677 silly ADD node_modules/@jest/core
3678 silly ADD node_modules/safer-buffer
3679 silly ADD node_modules/toidentifier
3680 silly ADD node_modules/setprototypeof
3681 silly ADD node_modules/inherits
3682 silly ADD node_modules/path-scurry
3683 silly ADD node_modules/path-scurry/node_modules/lru-cache
3684 silly ADD node_modules/minipass
3685 silly ADD node_modules/universalify
3686 silly ADD node_modules/jsonfile
3687 silly ADD node_modules/graceful-fs
3688 silly ADD node_modules/delayed-stream
3689 silly ADD node_modules/combined-stream
3690 silly ADD node_modules/asynckit
3691 silly ADD node_modules/path-type
3692 silly ADD node_modules/parse-json
3693 silly ADD node_modules/tapable
3694 silly ADD node_modules/schema-utils
3695 silly ADD node_modules/node-abort-controller
3696 silly ADD node_modules/memfs
3697 silly ADD node_modules/fs-extra
3698 silly ADD node_modules/deepmerge
3699 silly ADD node_modules/cosmiconfig
3700 silly ADD node_modules/uint8array-extras
3701 silly ADD node_modules/token-types
3702 silly ADD node_modules/strtok3
3703 silly ADD node_modules/@tokenizer/inflate
3704 silly ADD node_modules/raw-body
3705 silly ADD node_modules/bytes
3706 silly ADD node_modules/negotiator
3707 silly ADD node_modules/type-is
3708 silly ADD node_modules/statuses
3709 silly ADD node_modules/serve-static
3710 silly ADD node_modules/send
3711 silly ADD node_modules/router
3712 silly ADD node_modules/range-parser
3713 silly ADD node_modules/qs
3714 silly ADD node_modules/proxy-addr
3715 silly ADD node_modules/parseurl
3716 silly ADD node_modules/once
3717 silly ADD node_modules/on-finished
3718 silly ADD node_modules/mime-types
3719 silly ADD node_modules/merge-descriptors
3720 silly ADD node_modules/http-errors
3721 silly ADD node_modules/fresh
3722 silly ADD node_modules/finalhandler
3723 silly ADD node_modules/etag
3724 silly ADD node_modules/escape-html
3725 silly ADD node_modules/encodeurl
3726 silly ADD node_modules/depd
3727 silly ADD node_modules/cookie-signature
3728 silly ADD node_modules/cookie
3729 silly ADD node_modules/content-type
3730 silly ADD node_modules/content-disposition
3731 silly ADD node_modules/body-parser
3732 silly ADD node_modules/accepts
3733 silly ADD node_modules/jest-util
3734 silly ADD node_modules/jest-util/node_modules/picomatch
3735 silly ADD node_modules/jest-mock
3736 silly ADD node_modules/jest-message-util
3737 silly ADD node_modules/jest-matcher-utils
3738 silly ADD node_modules/@jest/get-type
3739 silly ADD node_modules/@jest/expect-utils
3740 silly ADD node_modules/synckit
3741 silly ADD node_modules/prettier-linter-helpers
3742 silly ADD node_modules/vary
3743 silly ADD node_modules/esprima
3744 silly ADD node_modules/core-util-is
3745 silly ADD node_modules/array-timsort
3746 silly ADD node_modules/string-width
3747 silly ADD node_modules/string-width/node_modules/emoji-regex
3748 silly ADD node_modules/@colors/colors
3749 silly ADD node_modules/readdirp
3750 silly ADD node_modules/form-data
3751 silly ADD node_modules/form-data/node_modules/mime-db
3752 silly ADD node_modules/form-data/node_modules/mime-types
3753 silly ADD node_modules/@types/cookiejar
3754 silly ADD node_modules/@types/superagent
3755 silly ADD node_modules/@types/methods
3756 silly ADD node_modules/@types/http-errors
3757 silly ADD node_modules/pretty-format
3758 silly ADD node_modules/pretty-format/node_modules/react-is
3759 silly ADD node_modules/pretty-format/node_modules/ansi-styles
3760 silly ADD node_modules/expect
3761 silly ADD node_modules/@types/send
3762 silly ADD node_modules/@types/range-parser
3763 silly ADD node_modules/@types/qs
3764 silly ADD node_modules/@types/connect
3765 silly ADD node_modules/@types/serve-static
3766 silly ADD node_modules/@types/express-serve-static-core
3767 silly ADD node_modules/@types/body-parser
3768 silly ADD node_modules/consola
3769 silly ADD node_modules/pluralize
3770 silly ADD node_modules/comment-json
3771 silly ADD node_modules/multer
3772 silly ADD node_modules/multer/node_modules/mime-db
3773 silly ADD node_modules/multer/node_modules/mime-types
3774 silly ADD node_modules/multer/node_modules/media-typer
3775 silly ADD node_modules/multer/node_modules/type-is
3776 silly ADD node_modules/express
3777 silly ADD node_modules/cors
3778 silly ADD node_modules/path-to-regexp
3779 silly ADD node_modules/fast-safe-stringify
3780 silly ADD node_modules/@nuxt/opencollective
3781 silly ADD node_modules/uid
3782 silly ADD node_modules/load-esm
3783 silly ADD node_modules/iterare
3784 silly ADD node_modules/file-type
3785 silly ADD node_modules/iconv-lite
3786 silly ADD node_modules/chardet
3787 silly ADD node_modules/@inquirer/external-editor
3788 silly ADD node_modules/wrap-ansi
3789 silly ADD node_modules/signal-exit
3790 silly ADD node_modules/mute-stream
3791 silly ADD node_modules/cli-width
3792 silly ADD node_modules/yoctocolors-cjs
3793 silly ADD node_modules/@inquirer/type
3794 silly ADD node_modules/@inquirer/figures
3795 silly ADD node_modules/@inquirer/core
3796 silly ADD node_modules/@inquirer/ansi
3797 silly ADD node_modules/@inquirer/select
3798 silly ADD node_modules/@inquirer/search
3799 silly ADD node_modules/@inquirer/rawlist
3800 silly ADD node_modules/@inquirer/password
3801 silly ADD node_modules/@inquirer/number
3802 silly ADD node_modules/@inquirer/input
3803 silly ADD node_modules/@inquirer/expand
3804 silly ADD node_modules/@inquirer/editor
3805 silly ADD node_modules/@inquirer/confirm
3806 silly ADD node_modules/@inquirer/checkbox
3807 silly ADD node_modules/yargs-parser
3808 silly ADD node_modules/symbol-observable
3809 silly ADD node_modules/ansi-colors
3810 silly ADD node_modules/magic-string
3811 silly ADD node_modules/source-map
3812 silly ADD node_modules/jsonc-parser
3813 silly ADD node_modules/ajv-formats
3814 silly ADD node_modules/ajv-formats/node_modules/json-schema-traverse
3815 silly ADD node_modules/ajv-formats/node_modules/ajv
3816 silly ADD node_modules/webpack-node-externals
3817 silly ADD node_modules/tsconfig-paths-webpack-plugin
3818 silly ADD node_modules/tsconfig-paths-webpack-plugin/node_modules/tsconfig-paths
3819 silly ADD node_modules/ora
3820 silly ADD node_modules/node-emoji
3821 silly ADD node_modules/glob
3822 silly ADD node_modules/glob/node_modules/minimatch
3823 silly ADD node_modules/fork-ts-checker-webpack-plugin
3824 silly ADD node_modules/fork-ts-checker-webpack-plugin/node_modules/semver
3825 silly ADD node_modules/commander
3826 silly ADD node_modules/cli-table3
3827 silly ADD node_modules/chokidar
3828 silly ADD node_modules/ansis
3829 silly ADD node_modules/@inquirer/prompts
3830 silly ADD node_modules/@angular-devkit/schematics-cli
3831 silly ADD node_modules/@angular-devkit/schematics-cli/node_modules/@inquirer/prompts
3832 silly ADD node_modules/@angular-devkit/schematics
3833 silly ADD node_modules/@angular-devkit/schematics/node_modules/rxjs
3834 silly ADD node_modules/@angular-devkit/core
3835 silly ADD node_modules/@angular-devkit/core/node_modules/json-schema-traverse
3836 silly ADD node_modules/@angular-devkit/core/node_modules/rxjs
3837 silly ADD node_modules/@angular-devkit/core/node_modules/picomatch
3838 silly ADD node_modules/@angular-devkit/core/node_modules/ajv
3839 silly ADD node_modules/ts-node
3840 silly ADD node_modules/webpack
3841 silly ADD node_modules/webpack/node_modules/json-schema-traverse
3842 silly ADD node_modules/webpack/node_modules/ajv-keywords
3843 silly ADD node_modules/webpack/node_modules/ajv-formats
3844 silly ADD node_modules/webpack/node_modules/ajv
3845 silly ADD node_modules/webpack/node_modules/mime-db
3846 silly ADD node_modules/webpack/node_modules/estraverse
3847 silly ADD node_modules/webpack/node_modules/schema-utils
3848 silly ADD node_modules/webpack/node_modules/mime-types
3849 silly ADD node_modules/webpack/node_modules/eslint-scope
3850 silly ADD node_modules/ts-loader
3851 silly ADD node_modules/ts-loader/node_modules/semver
3852 silly ADD node_modules/ts-jest
3853 silly ADD node_modules/ts-jest/node_modules/type-fest
3854 silly ADD node_modules/ts-jest/node_modules/semver
3855 silly ADD node_modules/supertest
3856 silly ADD node_modules/source-map-support
3857 silly ADD node_modules/source-map-support/node_modules/source-map
3858 silly ADD node_modules/jest
3859 silly ADD node_modules/prettier
3860 silly ADD node_modules/eslint-plugin-prettier
3861 silly ADD node_modules/eslint-config-prettier
3862 silly ADD node_modules/@types/supertest
3863 silly ADD node_modules/@types/jest
3864 silly ADD node_modules/@types/express
3865 silly ADD node_modules/@nestjs/testing
3866 silly ADD node_modules/@nestjs/schematics
3867 silly ADD node_modules/@nestjs/schematics/node_modules/json-schema-traverse
3868 silly ADD node_modules/@nestjs/schematics/node_modules/rxjs
3869 silly ADD node_modules/@nestjs/schematics/node_modules/picomatch
3870 silly ADD node_modules/@nestjs/schematics/node_modules/ajv
3871 silly ADD node_modules/@nestjs/schematics/node_modules/@angular-devkit/schematics
3872 silly ADD node_modules/@nestjs/schematics/node_modules/@angular-devkit/core
3873 silly ADD node_modules/@nestjs/platform-express
3874 silly ADD node_modules/@nestjs/core
3875 silly ADD node_modules/rxjs
3876 silly ADD node_modules/reflect-metadata
3877 silly ADD node_modules/@nestjs/common
3878 silly ADD node_modules/@nestjs/cli
3879 silly ADD node_modules/@nestjs/cli/node_modules/tsconfig-paths
3880 silly ADD node_modules/api
3881 silly CHANGE node_modules/typescript
3882 silly CHANGE node_modules/eslint
3883 silly CHANGE node_modules/@babel/helper-string-parser
3884 verbose cwd /mnt/c/Users/matma/Documents/MyDigitalSchool/M1/OrigAMI/site/apps/api
3885 verbose os Linux 5.15.167.4-microsoft-standard-WSL2
3886 verbose node v20.17.0
3887 verbose npm  v10.8.2
3888 verbose exit 0
3889 info ok
