0 verbose cli /home/mathieu/.nvm/versions/node/v20.17.0/bin/node /home/mathieu/.nvm/versions/node/v20.17.0/lib/node_modules/npm/bin/npm-cli.js
1 info using npm@10.8.2
2 info using node@v20.17.0
3 silly config load:file:/home/mathieu/.nvm/versions/node/v20.17.0/lib/node_modules/npm/npmrc
4 silly config load:file:/mnt/c/Users/matma/Documents/MyDigitalSchool/M1/OrigAMI/site/.npmrc
5 silly config load:file:/home/mathieu/.npmrc
6 silly config load:file:/home/mathieu/.nvm/versions/node/v20.17.0/etc/npmrc
7 verbose title npm exec @nestjs/cli@latest new api --package-manager npm --skip-git
8 verbose argv "exec" "--" "@nestjs/cli@latest" "new" "api" "--package-manager" "npm" "--skip-git"
9 verbose logfile logs-max:10 dir:/mnt/c/Users/matma/Documents/MyDigitalSchool/M1/OrigAMI/site/.npm-cache/_logs/2026-01-16T13_05_49_977Z-
10 verbose logfile /mnt/c/Users/matma/Documents/MyDigitalSchool/M1/OrigAMI/site/.npm-cache/_logs/2026-01-16T13_05_49_977Z-debug-0.log
11 silly logfile done cleaning log files
12 silly packumentCache heap:2106327040 maxSize:526581760 maxEntrySize:263290880
13 http fetch GET 200 https://registry.npmjs.org/@nestjs%2fcli 403ms (cache miss)
14 silly packumentCache heap:2106327040 maxSize:526581760 maxEntrySize:263290880
15 silly packumentCache heap:2106327040 maxSize:526581760 maxEntrySize:263290880
16 warn exec The following package was not found and will be installed: @nestjs/cli@11.0.16
17 silly idealTree buildDeps
18 silly fetch manifest @nestjs/cli@11.0.16
19 silly packumentCache full:https://registry.npmjs.org/@nestjs%2fcli cache-miss
20 http fetch GET 200 https://registry.npmjs.org/@nestjs%2fcli 804ms (cache miss)
21 silly packumentCache full:https://registry.npmjs.org/@nestjs%2fcli set size:undefined disposed:false
22 silly fetch manifest @swc/cli@^0.1.62 || ^0.3.0 || ^0.4.0 || ^0.5.0 || ^0.6.0 || ^0.7.0
23 silly packumentCache full:https://registry.npmjs.org/@swc%2fcli cache-miss
24 http fetch GET 200 https://registry.npmjs.org/@swc%2fcli 317ms (cache miss)
25 silly packumentCache full:https://registry.npmjs.org/@swc%2fcli set size:undefined disposed:false
26 silly fetch manifest @swc/core@^1.2.66
27 silly packumentCache full:https://registry.npmjs.org/@swc%2fcore cache-miss
28 http fetch GET 200 https://registry.npmjs.org/@swc%2fcore 1086ms (cache miss)
29 silly packumentCache full:https://registry.npmjs.org/@swc%2fcore set size:undefined disposed:false
30 silly fetch manifest @swc/helpers@>=0.5.17
31 silly packumentCache full:https://registry.npmjs.org/@swc%2fhelpers cache-miss
32 http fetch GET 200 https://registry.npmjs.org/@swc%2fhelpers 192ms (cache revalidated)
33 silly packumentCache full:https://registry.npmjs.org/@swc%2fhelpers set size:655395 disposed:false
34 silly fetch manifest chokidar@^4.0.1
35 silly packumentCache full:https://registry.npmjs.org/chokidar cache-miss
36 http fetch GET 200 https://registry.npmjs.org/chokidar 141ms (cache miss)
37 silly packumentCache full:https://registry.npmjs.org/chokidar set size:undefined disposed:false
38 silly placeDep ROOT @nestjs/cli@11.0.16 OK for:  want: 11.0.16
39 silly fetch manifest @angular-devkit/core@19.2.19
40 silly packumentCache full:https://registry.npmjs.org/@angular-devkit%2fcore cache-miss
41 http fetch GET 200 https://registry.npmjs.org/@angular-devkit%2fcore 376ms (cache miss)
42 silly packumentCache full:https://registry.npmjs.org/@angular-devkit%2fcore set size:undefined disposed:false
43 silly fetch manifest @angular-devkit/schematics@19.2.19
44 silly packumentCache full:https://registry.npmjs.org/@angular-devkit%2fschematics cache-miss
45 http fetch GET 200 https://registry.npmjs.org/@angular-devkit%2fschematics 798ms (cache miss)
46 silly packumentCache full:https://registry.npmjs.org/@angular-devkit%2fschematics set size:undefined disposed:false
47 silly fetch manifest @angular-devkit/schematics-cli@19.2.19
48 silly packumentCache full:https://registry.npmjs.org/@angular-devkit%2fschematics-cli cache-miss
49 http fetch GET 200 https://registry.npmjs.org/@angular-devkit%2fschematics-cli 651ms (cache miss)
50 silly packumentCache full:https://registry.npmjs.org/@angular-devkit%2fschematics-cli set size:undefined disposed:false
51 silly fetch manifest @inquirer/prompts@7.10.1
52 silly packumentCache full:https://registry.npmjs.org/@inquirer%2fprompts cache-miss
53 http fetch GET 200 https://registry.npmjs.org/@inquirer%2fprompts 250ms (cache miss)
54 silly packumentCache full:https://registry.npmjs.org/@inquirer%2fprompts set size:undefined disposed:false
55 silly fetch manifest @nestjs/schematics@^11.0.1
56 silly packumentCache full:https://registry.npmjs.org/@nestjs%2fschematics cache-miss
57 http fetch GET 200 https://registry.npmjs.org/@nestjs%2fschematics 480ms (cache miss)
58 silly packumentCache full:https://registry.npmjs.org/@nestjs%2fschematics set size:undefined disposed:false
59 silly fetch manifest ansis@4.2.0
60 silly packumentCache full:https://registry.npmjs.org/ansis cache-miss
61 http fetch GET 200 https://registry.npmjs.org/ansis 268ms (cache miss)
62 silly packumentCache full:https://registry.npmjs.org/ansis set size:undefined disposed:false
63 silly fetch manifest chokidar@4.0.3
64 silly packumentCache full:https://registry.npmjs.org/chokidar cache-miss
65 http fetch GET 200 https://registry.npmjs.org/chokidar 166ms (cache hit)
66 silly packumentCache full:https://registry.npmjs.org/chokidar set size:255902 disposed:false
67 silly fetch manifest cli-table3@0.6.5
68 silly packumentCache full:https://registry.npmjs.org/cli-table3 cache-miss
69 http fetch GET 200 https://registry.npmjs.org/cli-table3 212ms (cache miss)
70 silly packumentCache full:https://registry.npmjs.org/cli-table3 set size:undefined disposed:false
71 silly fetch manifest commander@4.1.1
72 silly packumentCache full:https://registry.npmjs.org/commander cache-miss
73 http fetch GET 200 https://registry.npmjs.org/commander 367ms (cache miss)
74 silly packumentCache full:https://registry.npmjs.org/commander set size:undefined disposed:false
75 silly fetch manifest fork-ts-checker-webpack-plugin@9.1.0
76 silly packumentCache full:https://registry.npmjs.org/fork-ts-checker-webpack-plugin cache-miss
77 http fetch GET 200 https://registry.npmjs.org/fork-ts-checker-webpack-plugin 709ms (cache miss)
78 silly packumentCache full:https://registry.npmjs.org/fork-ts-checker-webpack-plugin set size:undefined disposed:false
79 silly fetch manifest glob@13.0.0
80 silly packumentCache full:https://registry.npmjs.org/glob cache-miss
81 http fetch GET 200 https://registry.npmjs.org/glob 245ms (cache miss)
82 silly packumentCache full:https://registry.npmjs.org/glob set size:undefined disposed:false
83 silly fetch manifest node-emoji@1.11.0
84 silly packumentCache full:https://registry.npmjs.org/node-emoji cache-miss
85 http fetch GET 200 https://registry.npmjs.org/node-emoji 520ms (cache miss)
86 silly packumentCache full:https://registry.npmjs.org/node-emoji set size:undefined disposed:false
87 silly fetch manifest ora@5.4.1
88 silly packumentCache full:https://registry.npmjs.org/ora cache-miss
89 http fetch GET 200 https://registry.npmjs.org/ora 851ms (cache miss)
90 silly packumentCache full:https://registry.npmjs.org/ora set size:undefined disposed:false
91 silly fetch manifest tsconfig-paths@4.2.0
92 silly packumentCache full:https://registry.npmjs.org/tsconfig-paths cache-miss
93 http fetch GET 200 https://registry.npmjs.org/tsconfig-paths 253ms (cache revalidated)
94 silly packumentCache full:https://registry.npmjs.org/tsconfig-paths set size:192565 disposed:false
95 silly fetch manifest tsconfig-paths-webpack-plugin@4.2.0
96 silly packumentCache full:https://registry.npmjs.org/tsconfig-paths-webpack-plugin cache-miss
97 http fetch GET 200 https://registry.npmjs.org/tsconfig-paths-webpack-plugin 449ms (cache miss)
98 silly packumentCache full:https://registry.npmjs.org/tsconfig-paths-webpack-plugin set size:undefined disposed:false
99 silly fetch manifest typescript@5.9.3
100 silly packumentCache full:https://registry.npmjs.org/typescript cache-miss
101 http fetch GET 200 https://registry.npmjs.org/typescript 778ms (cache revalidated)
102 silly packumentCache full:https://registry.npmjs.org/typescript set size:15133370 disposed:false
103 silly fetch manifest webpack@5.104.1
104 silly packumentCache full:https://registry.npmjs.org/webpack cache-miss
105 http fetch GET 200 https://registry.npmjs.org/webpack 1025ms (cache miss)
106 silly packumentCache full:https://registry.npmjs.org/webpack set size:undefined disposed:false
107 silly fetch manifest webpack-node-externals@3.0.0
108 silly packumentCache full:https://registry.npmjs.org/webpack-node-externals cache-miss
109 http fetch GET 200 https://registry.npmjs.org/webpack-node-externals 222ms (cache miss)
110 silly packumentCache full:https://registry.npmjs.org/webpack-node-externals set size:undefined disposed:false
111 silly fetch manifest @types/node@>=18
112 silly packumentCache full:https://registry.npmjs.org/@types%2fnode cache-miss
113 http fetch GET 200 https://registry.npmjs.org/@types%2fnode 555ms (cache revalidated)
114 silly packumentCache full:https://registry.npmjs.org/@types%2fnode set size:10797446 disposed:false
115 silly placeDep ROOT @angular-devkit/core@19.2.19 OK for: @nestjs/cli@11.0.16 want: 19.2.19
116 silly placeDep ROOT @angular-devkit/schematics@19.2.19 OK for: @nestjs/cli@11.0.16 want: 19.2.19
117 silly placeDep ROOT @angular-devkit/schematics-cli@19.2.19 OK for: @nestjs/cli@11.0.16 want: 19.2.19
118 silly placeDep ROOT @inquirer/prompts@7.10.1 OK for: @nestjs/cli@11.0.16 want: 7.10.1
119 silly placeDep ROOT @nestjs/schematics@11.0.9 OK for: @nestjs/cli@11.0.16 want: ^11.0.1
120 silly placeDep ROOT typescript@5.9.3 OK for: @nestjs/schematics@11.0.9 want: >=4.8.2
121 silly placeDep ROOT ansis@4.2.0 OK for: @nestjs/cli@11.0.16 want: 4.2.0
122 silly placeDep ROOT chokidar@4.0.3 OK for: @nestjs/cli@11.0.16 want: 4.0.3
123 silly placeDep ROOT cli-table3@0.6.5 OK for: @nestjs/cli@11.0.16 want: 0.6.5
124 silly placeDep ROOT commander@4.1.1 OK for: @nestjs/cli@11.0.16 want: 4.1.1
125 silly placeDep ROOT fork-ts-checker-webpack-plugin@9.1.0 OK for: @nestjs/cli@11.0.16 want: 9.1.0
126 silly placeDep ROOT webpack@5.104.1 OK for: fork-ts-checker-webpack-plugin@9.1.0 want: ^5.11.0
127 silly placeDep ROOT glob@13.0.0 OK for: @nestjs/cli@11.0.16 want: 13.0.0
128 silly placeDep ROOT node-emoji@1.11.0 OK for: @nestjs/cli@11.0.16 want: 1.11.0
129 silly placeDep ROOT ora@5.4.1 OK for: @nestjs/cli@11.0.16 want: 5.4.1
130 silly placeDep ROOT tsconfig-paths@4.2.0 OK for: @nestjs/cli@11.0.16 want: 4.2.0
131 silly placeDep ROOT tsconfig-paths-webpack-plugin@4.2.0 OK for: @nestjs/cli@11.0.16 want: 4.2.0
132 silly placeDep ROOT webpack-node-externals@3.0.0 OK for: @nestjs/cli@11.0.16 want: 3.0.0
133 silly fetch manifest ajv@8.17.1
134 silly packumentCache full:https://registry.npmjs.org/ajv cache-miss
135 http fetch GET 200 https://registry.npmjs.org/ajv 278ms (cache revalidated)
136 silly packumentCache full:https://registry.npmjs.org/ajv set size:1126055 disposed:false
137 silly fetch manifest rxjs@7.8.1
138 silly packumentCache full:https://registry.npmjs.org/rxjs cache-miss
139 http fetch GET 200 https://registry.npmjs.org/rxjs 382ms (cache miss)
140 silly packumentCache full:https://registry.npmjs.org/rxjs set size:undefined disposed:false
141 silly fetch manifest picomatch@4.0.2
142 silly packumentCache full:https://registry.npmjs.org/picomatch cache-miss
143 http fetch GET 200 https://registry.npmjs.org/picomatch 253ms (cache revalidated)
144 silly packumentCache full:https://registry.npmjs.org/picomatch set size:118818 disposed:false
145 silly fetch manifest source-map@0.7.4
146 silly packumentCache full:https://registry.npmjs.org/source-map cache-miss
147 http fetch GET 200 https://registry.npmjs.org/source-map 341ms (cache miss)
148 silly packumentCache full:https://registry.npmjs.org/source-map set size:undefined disposed:false
149 silly fetch manifest ajv-formats@3.0.1
150 silly packumentCache full:https://registry.npmjs.org/ajv-formats cache-miss
151 http fetch GET 200 https://registry.npmjs.org/ajv-formats 669ms (cache miss)
152 silly packumentCache full:https://registry.npmjs.org/ajv-formats set size:undefined disposed:false
153 silly fetch manifest jsonc-parser@3.3.1
154 silly packumentCache full:https://registry.npmjs.org/jsonc-parser cache-miss
155 http fetch GET 200 https://registry.npmjs.org/jsonc-parser 908ms (cache miss)
156 silly packumentCache full:https://registry.npmjs.org/jsonc-parser set size:undefined disposed:false
157 silly fetch manifest magic-string@0.30.17
158 silly packumentCache full:https://registry.npmjs.org/magic-string cache-miss
159 http fetch GET 200 https://registry.npmjs.org/magic-string 528ms (cache miss)
160 silly packumentCache full:https://registry.npmjs.org/magic-string set size:undefined disposed:false
161 silly fetch manifest ansi-colors@4.1.3
162 silly packumentCache full:https://registry.npmjs.org/ansi-colors cache-miss
163 http fetch GET 200 https://registry.npmjs.org/ansi-colors 1698ms (cache miss)
164 silly packumentCache full:https://registry.npmjs.org/ansi-colors set size:undefined disposed:false
165 silly fetch manifest yargs-parser@21.1.1
166 silly packumentCache full:https://registry.npmjs.org/yargs-parser cache-miss
167 http fetch GET 200 https://registry.npmjs.org/yargs-parser 1065ms (cache miss)
168 silly packumentCache full:https://registry.npmjs.org/yargs-parser set size:undefined disposed:false
169 silly fetch manifest @inquirer/prompts@7.3.2
170 silly packumentCache full:https://registry.npmjs.org/@inquirer%2fprompts cache-miss
171 http fetch GET 200 https://registry.npmjs.org/@inquirer%2fprompts 210ms (cache hit)
172 silly packumentCache full:https://registry.npmjs.org/@inquirer%2fprompts set size:300040 disposed:false
173 silly fetch manifest symbol-observable@4.0.0
174 silly packumentCache full:https://registry.npmjs.org/symbol-observable cache-miss
175 http fetch GET 200 https://registry.npmjs.org/symbol-observable 490ms (cache miss)
176 silly packumentCache full:https://registry.npmjs.org/symbol-observable set size:undefined disposed:false
177 silly fetch manifest @inquirer/input@^4.3.1
178 silly packumentCache full:https://registry.npmjs.org/@inquirer%2finput cache-miss
179 http fetch GET 200 https://registry.npmjs.org/@inquirer%2finput 505ms (cache miss)
180 silly packumentCache full:https://registry.npmjs.org/@inquirer%2finput set size:undefined disposed:false
181 silly fetch manifest @inquirer/editor@^4.2.23
182 silly packumentCache full:https://registry.npmjs.org/@inquirer%2feditor cache-miss
183 http fetch GET 200 https://registry.npmjs.org/@inquirer%2feditor 371ms (cache miss)
184 silly packumentCache full:https://registry.npmjs.org/@inquirer%2feditor set size:undefined disposed:false
185 silly fetch manifest @inquirer/expand@^4.0.23
186 silly packumentCache full:https://registry.npmjs.org/@inquirer%2fexpand cache-miss
187 http fetch GET 200 https://registry.npmjs.org/@inquirer%2fexpand 349ms (cache miss)
188 silly packumentCache full:https://registry.npmjs.org/@inquirer%2fexpand set size:undefined disposed:false
189 silly fetch manifest @inquirer/number@^3.0.23
190 silly packumentCache full:https://registry.npmjs.org/@inquirer%2fnumber cache-miss
191 http fetch GET 200 https://registry.npmjs.org/@inquirer%2fnumber 143ms (cache miss)
192 silly packumentCache full:https://registry.npmjs.org/@inquirer%2fnumber set size:undefined disposed:false
193 silly fetch manifest @inquirer/search@^3.2.2
194 silly packumentCache full:https://registry.npmjs.org/@inquirer%2fsearch cache-miss
195 http fetch GET 200 https://registry.npmjs.org/@inquirer%2fsearch 197ms (cache miss)
196 silly packumentCache full:https://registry.npmjs.org/@inquirer%2fsearch set size:undefined disposed:false
197 silly fetch manifest @inquirer/select@^4.4.2
198 silly packumentCache full:https://registry.npmjs.org/@inquirer%2fselect cache-miss
199 http fetch GET 200 https://registry.npmjs.org/@inquirer%2fselect 341ms (cache miss)
200 silly packumentCache full:https://registry.npmjs.org/@inquirer%2fselect set size:undefined disposed:false
201 silly fetch manifest @inquirer/confirm@^5.1.21
202 silly packumentCache full:https://registry.npmjs.org/@inquirer%2fconfirm cache-miss
203 http fetch GET 200 https://registry.npmjs.org/@inquirer%2fconfirm 987ms (cache miss)
204 silly packumentCache full:https://registry.npmjs.org/@inquirer%2fconfirm set size:undefined disposed:false
205 silly fetch manifest @inquirer/rawlist@^4.1.11
206 silly packumentCache full:https://registry.npmjs.org/@inquirer%2frawlist cache-miss
207 http fetch GET 200 https://registry.npmjs.org/@inquirer%2frawlist 564ms (cache miss)
208 silly packumentCache full:https://registry.npmjs.org/@inquirer%2frawlist set size:undefined disposed:false
209 silly fetch manifest @inquirer/checkbox@^4.3.2
210 silly packumentCache full:https://registry.npmjs.org/@inquirer%2fcheckbox cache-miss
211 http fetch GET 200 https://registry.npmjs.org/@inquirer%2fcheckbox 294ms (cache miss)
212 silly packumentCache full:https://registry.npmjs.org/@inquirer%2fcheckbox set size:undefined disposed:false
213 silly fetch manifest @inquirer/password@^4.0.23
214 silly packumentCache full:https://registry.npmjs.org/@inquirer%2fpassword cache-miss
215 http fetch GET 200 https://registry.npmjs.org/@inquirer%2fpassword 328ms (cache miss)
216 silly packumentCache full:https://registry.npmjs.org/@inquirer%2fpassword set size:undefined disposed:false
217 silly fetch manifest @angular-devkit/core@19.2.17
218 silly packumentCache full:https://registry.npmjs.org/@angular-devkit%2fcore cache-miss
219 http fetch GET 200 https://registry.npmjs.org/@angular-devkit%2fcore 439ms (cache hit)
220 silly packumentCache full:https://registry.npmjs.org/@angular-devkit%2fcore set size:2240704 disposed:false
221 silly fetch manifest @angular-devkit/schematics@19.2.17
222 silly packumentCache full:https://registry.npmjs.org/@angular-devkit%2fschematics cache-miss
223 http fetch GET 200 https://registry.npmjs.org/@angular-devkit%2fschematics 204ms (cache hit)
224 silly packumentCache full:https://registry.npmjs.org/@angular-devkit%2fschematics set size:2218802 disposed:false
225 silly fetch manifest comment-json@4.4.1
226 silly packumentCache full:https://registry.npmjs.org/comment-json cache-miss
227 http fetch GET 200 https://registry.npmjs.org/comment-json 252ms (cache miss)
228 silly packumentCache full:https://registry.npmjs.org/comment-json set size:undefined disposed:false
229 silly fetch manifest pluralize@8.0.0
230 silly packumentCache full:https://registry.npmjs.org/pluralize cache-miss
231 http fetch GET 200 https://registry.npmjs.org/pluralize 283ms (cache miss)
232 silly packumentCache full:https://registry.npmjs.org/pluralize set size:undefined disposed:false
233 silly fetch manifest readdirp@^4.0.1
234 silly packumentCache full:https://registry.npmjs.org/readdirp cache-miss
235 http fetch GET 200 https://registry.npmjs.org/readdirp 226ms (cache miss)
236 silly packumentCache full:https://registry.npmjs.org/readdirp set size:undefined disposed:false
237 silly fetch manifest string-width@^4.2.0
238 silly packumentCache full:https://registry.npmjs.org/string-width cache-miss
239 http fetch GET 200 https://registry.npmjs.org/string-width 212ms (cache miss)
240 silly packumentCache full:https://registry.npmjs.org/string-width set size:undefined disposed:false
241 silly fetch manifest @colors/colors@1.5.0
242 silly packumentCache full:https://registry.npmjs.org/@colors%2fcolors cache-miss
243 http fetch GET 200 https://registry.npmjs.org/@colors%2fcolors 328ms (cache miss)
244 silly packumentCache full:https://registry.npmjs.org/@colors%2fcolors set size:undefined disposed:false
245 silly fetch manifest @babel/code-frame@^7.16.7
246 silly packumentCache full:https://registry.npmjs.org/@babel%2fcode-frame cache-miss
247 http fetch GET 200 https://registry.npmjs.org/@babel%2fcode-frame 302ms (cache revalidated)
248 silly packumentCache full:https://registry.npmjs.org/@babel%2fcode-frame set size:188246 disposed:false
249 silly fetch manifest chalk@^4.1.2
250 silly packumentCache full:https://registry.npmjs.org/chalk cache-miss
251 http fetch GET 200 https://registry.npmjs.org/chalk 466ms (cache revalidated)
252 silly packumentCache full:https://registry.npmjs.org/chalk set size:117861 disposed:false
253 silly fetch manifest cosmiconfig@^8.2.0
254 silly packumentCache full:https://registry.npmjs.org/cosmiconfig cache-miss
255 http fetch GET 200 https://registry.npmjs.org/cosmiconfig 460ms (cache miss)
256 silly packumentCache full:https://registry.npmjs.org/cosmiconfig set size:undefined disposed:false
257 silly fetch manifest deepmerge@^4.2.2
258 silly packumentCache full:https://registry.npmjs.org/deepmerge cache-miss
259 http fetch GET 200 https://registry.npmjs.org/deepmerge 293ms (cache miss)
260 silly packumentCache full:https://registry.npmjs.org/deepmerge set size:undefined disposed:false
261 silly fetch manifest fs-extra@^10.0.0
262 silly packumentCache full:https://registry.npmjs.org/fs-extra cache-miss
263 http fetch GET 200 https://registry.npmjs.org/fs-extra 212ms (cache miss)
264 silly packumentCache full:https://registry.npmjs.org/fs-extra set size:undefined disposed:false
265 silly fetch manifest memfs@^3.4.1
266 silly packumentCache full:https://registry.npmjs.org/memfs cache-miss
267 http fetch GET 200 https://registry.npmjs.org/memfs 546ms (cache miss)
268 silly packumentCache full:https://registry.npmjs.org/memfs set size:undefined disposed:false
269 silly fetch manifest minimatch@^3.0.4
270 silly packumentCache full:https://registry.npmjs.org/minimatch cache-miss
271 http fetch GET 200 https://registry.npmjs.org/minimatch 316ms (cache revalidated)
272 silly packumentCache full:https://registry.npmjs.org/minimatch set size:303959 disposed:false
273 silly fetch manifest node-abort-controller@^3.0.1
274 silly packumentCache full:https://registry.npmjs.org/node-abort-controller cache-miss
275 http fetch GET 200 https://registry.npmjs.org/node-abort-controller 213ms (cache miss)
276 silly packumentCache full:https://registry.npmjs.org/node-abort-controller set size:undefined disposed:false
277 silly fetch manifest schema-utils@^3.1.1
278 silly packumentCache full:https://registry.npmjs.org/schema-utils cache-miss
279 http fetch GET 200 https://registry.npmjs.org/schema-utils 243ms (cache miss)
280 silly packumentCache full:https://registry.npmjs.org/schema-utils set size:undefined disposed:false
281 silly fetch manifest semver@^7.3.5
282 silly packumentCache full:https://registry.npmjs.org/semver cache-miss
283 http fetch GET 200 https://registry.npmjs.org/semver 412ms (cache revalidated)
284 silly packumentCache full:https://registry.npmjs.org/semver set size:226907 disposed:false
285 silly fetch manifest tapable@^2.2.1
286 silly packumentCache full:https://registry.npmjs.org/tapable cache-miss
287 http fetch GET 200 https://registry.npmjs.org/tapable 240ms (cache miss)
288 silly packumentCache full:https://registry.npmjs.org/tapable set size:undefined disposed:false
289 silly fetch manifest @types/eslint-scope@^3.7.7
290 silly packumentCache full:https://registry.npmjs.org/@types%2feslint-scope cache-miss
291 http fetch GET 200 https://registry.npmjs.org/@types%2feslint-scope 232ms (cache miss)
292 silly packumentCache full:https://registry.npmjs.org/@types%2feslint-scope set size:undefined disposed:false
293 silly fetch manifest @types/estree@^1.0.8
294 silly packumentCache full:https://registry.npmjs.org/@types%2festree cache-miss
295 http fetch GET 200 https://registry.npmjs.org/@types%2festree 328ms (cache revalidated)
296 silly packumentCache full:https://registry.npmjs.org/@types%2festree set size:74091 disposed:false
297 silly fetch manifest @types/json-schema@^7.0.15
298 silly packumentCache full:https://registry.npmjs.org/@types%2fjson-schema cache-miss
299 http fetch GET 200 https://registry.npmjs.org/@types%2fjson-schema 509ms (cache revalidated)
300 silly packumentCache full:https://registry.npmjs.org/@types%2fjson-schema set size:44704 disposed:false
301 silly fetch manifest @webassemblyjs/ast@^1.14.1
302 silly packumentCache full:https://registry.npmjs.org/@webassemblyjs%2fast cache-miss
303 http fetch GET 200 https://registry.npmjs.org/@webassemblyjs%2fast 367ms (cache miss)
304 silly packumentCache full:https://registry.npmjs.org/@webassemblyjs%2fast set size:undefined disposed:false
305 silly fetch manifest @webassemblyjs/wasm-edit@^1.14.1
306 silly packumentCache full:https://registry.npmjs.org/@webassemblyjs%2fwasm-edit cache-miss
307 http fetch GET 200 https://registry.npmjs.org/@webassemblyjs%2fwasm-edit 313ms (cache miss)
308 silly packumentCache full:https://registry.npmjs.org/@webassemblyjs%2fwasm-edit set size:undefined disposed:false
309 silly fetch manifest @webassemblyjs/wasm-parser@^1.14.1
310 silly packumentCache full:https://registry.npmjs.org/@webassemblyjs%2fwasm-parser cache-miss
311 http fetch GET 200 https://registry.npmjs.org/@webassemblyjs%2fwasm-parser 387ms (cache miss)
312 silly packumentCache full:https://registry.npmjs.org/@webassemblyjs%2fwasm-parser set size:undefined disposed:false
313 silly fetch manifest acorn@^8.15.0
314 silly packumentCache full:https://registry.npmjs.org/acorn cache-miss
315 http fetch GET 200 https://registry.npmjs.org/acorn 222ms (cache revalidated)
316 silly packumentCache full:https://registry.npmjs.org/acorn set size:377362 disposed:false
317 silly fetch manifest acorn-import-phases@^1.0.3
318 silly packumentCache full:https://registry.npmjs.org/acorn-import-phases cache-miss
319 http fetch GET 200 https://registry.npmjs.org/acorn-import-phases 122ms (cache miss)
320 silly packumentCache full:https://registry.npmjs.org/acorn-import-phases set size:undefined disposed:false
321 silly fetch manifest browserslist@^4.28.1
322 silly packumentCache full:https://registry.npmjs.org/browserslist cache-miss
323 http fetch GET 200 https://registry.npmjs.org/browserslist 154ms (cache revalidated)
324 silly packumentCache full:https://registry.npmjs.org/browserslist set size:502989 disposed:false
325 silly fetch manifest chrome-trace-event@^1.0.2
326 silly packumentCache full:https://registry.npmjs.org/chrome-trace-event cache-miss
327 http fetch GET 200 https://registry.npmjs.org/chrome-trace-event 157ms (cache miss)
328 silly packumentCache full:https://registry.npmjs.org/chrome-trace-event set size:undefined disposed:false
329 silly fetch manifest enhanced-resolve@^5.17.4
330 silly packumentCache full:https://registry.npmjs.org/enhanced-resolve cache-miss
331 http fetch GET 200 https://registry.npmjs.org/enhanced-resolve 186ms (cache miss)
332 silly packumentCache full:https://registry.npmjs.org/enhanced-resolve set size:undefined disposed:false
333 silly fetch manifest es-module-lexer@^2.0.0
334 silly packumentCache full:https://registry.npmjs.org/es-module-lexer cache-miss
335 http fetch GET 200 https://registry.npmjs.org/es-module-lexer 151ms (cache miss)
336 silly packumentCache full:https://registry.npmjs.org/es-module-lexer set size:undefined disposed:false
337 silly fetch manifest eslint-scope@5.1.1
338 silly packumentCache full:https://registry.npmjs.org/eslint-scope cache-miss
339 http fetch GET 200 https://registry.npmjs.org/eslint-scope 251ms (cache revalidated)
340 silly packumentCache full:https://registry.npmjs.org/eslint-scope set size:90946 disposed:false
341 silly fetch manifest events@^3.2.0
342 silly packumentCache full:https://registry.npmjs.org/events cache-miss
343 http fetch GET 200 https://registry.npmjs.org/events 366ms (cache miss)
344 silly packumentCache full:https://registry.npmjs.org/events set size:undefined disposed:false
345 silly fetch manifest glob-to-regexp@^0.4.1
346 silly packumentCache full:https://registry.npmjs.org/glob-to-regexp cache-miss
347 http fetch GET 200 https://registry.npmjs.org/glob-to-regexp 270ms (cache miss)
348 silly packumentCache full:https://registry.npmjs.org/glob-to-regexp set size:undefined disposed:false
349 silly fetch manifest graceful-fs@^4.2.11
350 silly packumentCache full:https://registry.npmjs.org/graceful-fs cache-miss
351 http fetch GET 200 https://registry.npmjs.org/graceful-fs 303ms (cache miss)
352 silly packumentCache full:https://registry.npmjs.org/graceful-fs set size:undefined disposed:false
353 silly fetch manifest json-parse-even-better-errors@^2.3.1
354 silly packumentCache full:https://registry.npmjs.org/json-parse-even-better-errors cache-miss
355 http fetch GET 200 https://registry.npmjs.org/json-parse-even-better-errors 222ms (cache miss)
356 silly packumentCache full:https://registry.npmjs.org/json-parse-even-better-errors set size:undefined disposed:false
357 silly fetch manifest loader-runner@^4.3.1
358 silly packumentCache full:https://registry.npmjs.org/loader-runner cache-miss
359 http fetch GET 200 https://registry.npmjs.org/loader-runner 578ms (cache miss)
360 silly packumentCache full:https://registry.npmjs.org/loader-runner set size:undefined disposed:false
361 silly fetch manifest mime-types@^2.1.27
362 silly packumentCache full:https://registry.npmjs.org/mime-types cache-miss
363 http fetch GET 200 https://registry.npmjs.org/mime-types 252ms (cache miss)
364 silly packumentCache full:https://registry.npmjs.org/mime-types set size:undefined disposed:false
365 silly fetch manifest neo-async@^2.6.2
366 silly packumentCache full:https://registry.npmjs.org/neo-async cache-miss
367 http fetch GET 200 https://registry.npmjs.org/neo-async 130ms (cache miss)
368 silly packumentCache full:https://registry.npmjs.org/neo-async set size:undefined disposed:false
369 silly fetch manifest schema-utils@^4.3.3
370 silly packumentCache full:https://registry.npmjs.org/schema-utils cache-miss
371 http fetch GET 200 https://registry.npmjs.org/schema-utils 96ms (cache hit)
372 silly packumentCache full:https://registry.npmjs.org/schema-utils set size:166364 disposed:false
373 silly fetch manifest tapable@^2.3.0
374 silly packumentCache full:https://registry.npmjs.org/tapable cache-miss
375 http fetch GET 200 https://registry.npmjs.org/tapable 122ms (cache hit)
376 silly packumentCache full:https://registry.npmjs.org/tapable set size:110219 disposed:false
377 silly fetch manifest terser-webpack-plugin@^5.3.16
378 silly packumentCache full:https://registry.npmjs.org/terser-webpack-plugin cache-miss
379 http fetch GET 200 https://registry.npmjs.org/terser-webpack-plugin 256ms (cache miss)
380 silly packumentCache full:https://registry.npmjs.org/terser-webpack-plugin set size:undefined disposed:false
381 silly fetch manifest watchpack@^2.4.4
382 silly packumentCache full:https://registry.npmjs.org/watchpack cache-miss
383 http fetch GET 200 https://registry.npmjs.org/watchpack 188ms (cache miss)
384 silly packumentCache full:https://registry.npmjs.org/watchpack set size:undefined disposed:false
385 silly fetch manifest webpack-sources@^3.3.3
386 silly packumentCache full:https://registry.npmjs.org/webpack-sources cache-miss
387 http fetch GET 200 https://registry.npmjs.org/webpack-sources 291ms (cache miss)
388 silly packumentCache full:https://registry.npmjs.org/webpack-sources set size:undefined disposed:false
389 silly fetch manifest minipass@^7.1.2
390 silly packumentCache full:https://registry.npmjs.org/minipass cache-miss
391 http fetch GET 200 https://registry.npmjs.org/minipass 292ms (cache miss)
392 silly packumentCache full:https://registry.npmjs.org/minipass set size:undefined disposed:false
393 silly fetch manifest minimatch@^10.1.1
394 silly packumentCache full:https://registry.npmjs.org/minimatch cache-hit
395 silly fetch manifest path-scurry@^2.0.0
396 silly packumentCache full:https://registry.npmjs.org/path-scurry cache-miss
397 http fetch GET 200 https://registry.npmjs.org/path-scurry 252ms (cache miss)
398 silly packumentCache full:https://registry.npmjs.org/path-scurry set size:undefined disposed:false
399 silly fetch manifest lodash@^4.17.21
400 silly packumentCache full:https://registry.npmjs.org/lodash cache-miss
401 http fetch GET 200 https://registry.npmjs.org/lodash 240ms (cache miss)
402 silly packumentCache full:https://registry.npmjs.org/lodash set size:undefined disposed:false
403 silly fetch manifest bl@^4.1.0
404 silly packumentCache full:https://registry.npmjs.org/bl cache-miss
405 http fetch GET 200 https://registry.npmjs.org/bl 434ms (cache miss)
406 silly packumentCache full:https://registry.npmjs.org/bl set size:undefined disposed:false
407 silly fetch manifest chalk@^4.1.0
408 silly packumentCache full:https://registry.npmjs.org/chalk cache-hit
409 silly fetch manifest wcwidth@^1.0.1
410 silly packumentCache full:https://registry.npmjs.org/wcwidth cache-miss
411 http fetch GET 200 https://registry.npmjs.org/wcwidth 266ms (cache miss)
412 silly packumentCache full:https://registry.npmjs.org/wcwidth set size:undefined disposed:false
413 silly fetch manifest cli-cursor@^3.1.0
414 silly packumentCache full:https://registry.npmjs.org/cli-cursor cache-miss
415 http fetch GET 200 https://registry.npmjs.org/cli-cursor 205ms (cache miss)
416 silly packumentCache full:https://registry.npmjs.org/cli-cursor set size:undefined disposed:false
417 silly fetch manifest strip-ansi@^6.0.0
418 silly packumentCache full:https://registry.npmjs.org/strip-ansi cache-miss
419 http fetch GET 200 https://registry.npmjs.org/strip-ansi 239ms (cache miss)
420 silly packumentCache full:https://registry.npmjs.org/strip-ansi set size:undefined disposed:false
421 silly fetch manifest log-symbols@^4.1.0
422 silly packumentCache full:https://registry.npmjs.org/log-symbols cache-miss
423 http fetch GET 200 https://registry.npmjs.org/log-symbols 208ms (cache miss)
424 silly packumentCache full:https://registry.npmjs.org/log-symbols set size:undefined disposed:false
425 silly fetch manifest cli-spinners@^2.5.0
426 silly packumentCache full:https://registry.npmjs.org/cli-spinners cache-miss
427 http fetch GET 200 https://registry.npmjs.org/cli-spinners 278ms (cache miss)
428 silly packumentCache full:https://registry.npmjs.org/cli-spinners set size:undefined disposed:false
429 silly fetch manifest is-interactive@^1.0.0
430 silly packumentCache full:https://registry.npmjs.org/is-interactive cache-miss
431 http fetch GET 200 https://registry.npmjs.org/is-interactive 265ms (cache miss)
432 silly packumentCache full:https://registry.npmjs.org/is-interactive set size:undefined disposed:false
433 silly fetch manifest is-unicode-supported@^0.1.0
434 silly packumentCache full:https://registry.npmjs.org/is-unicode-supported cache-miss
435 http fetch GET 200 https://registry.npmjs.org/is-unicode-supported 219ms (cache miss)
436 silly packumentCache full:https://registry.npmjs.org/is-unicode-supported set size:undefined disposed:false
437 silly fetch manifest json5@^2.2.2
438 silly packumentCache full:https://registry.npmjs.org/json5 cache-miss
439 http fetch GET 200 https://registry.npmjs.org/json5 210ms (cache revalidated)
440 silly packumentCache full:https://registry.npmjs.org/json5 set size:86136 disposed:false
441 silly fetch manifest minimist@^1.2.6
442 silly packumentCache full:https://registry.npmjs.org/minimist cache-miss
443 http fetch GET 200 https://registry.npmjs.org/minimist 265ms (cache revalidated)
444 silly packumentCache full:https://registry.npmjs.org/minimist set size:77082 disposed:false
445 silly fetch manifest strip-bom@^3.0.0
446 silly packumentCache full:https://registry.npmjs.org/strip-bom cache-miss
447 http fetch GET 200 https://registry.npmjs.org/strip-bom 329ms (cache revalidated)
448 silly packumentCache full:https://registry.npmjs.org/strip-bom set size:19359 disposed:false
449 silly fetch manifest enhanced-resolve@^5.7.0
450 silly packumentCache full:https://registry.npmjs.org/enhanced-resolve cache-miss
451 http fetch GET 200 https://registry.npmjs.org/enhanced-resolve 175ms (cache hit)
452 silly packumentCache full:https://registry.npmjs.org/enhanced-resolve set size:343981 disposed:false
453 silly placeDep ROOT ajv@8.17.1 OK for: @angular-devkit/core@19.2.19 want: 8.17.1
454 silly placeDep ROOT ajv-formats@3.0.1 OK for: @angular-devkit/core@19.2.19 want: 3.0.1
455 silly placeDep ROOT jsonc-parser@3.3.1 OK for: @angular-devkit/core@19.2.19 want: 3.3.1
456 silly placeDep ROOT picomatch@4.0.2 OK for: @angular-devkit/core@19.2.19 want: 4.0.2
457 silly placeDep ROOT rxjs@7.8.1 OK for: @angular-devkit/core@19.2.19 want: 7.8.1
458 silly placeDep ROOT source-map@0.7.4 OK for: @angular-devkit/core@19.2.19 want: 0.7.4
459 silly fetch manifest fast-uri@^3.0.1
460 silly packumentCache full:https://registry.npmjs.org/fast-uri cache-miss
461 http fetch GET 200 https://registry.npmjs.org/fast-uri 246ms (cache miss)
462 silly packumentCache full:https://registry.npmjs.org/fast-uri set size:undefined disposed:false
463 silly fetch manifest fast-deep-equal@^3.1.3
464 silly packumentCache full:https://registry.npmjs.org/fast-deep-equal cache-miss
465 http fetch GET 200 https://registry.npmjs.org/fast-deep-equal 265ms (cache revalidated)
466 silly packumentCache full:https://registry.npmjs.org/fast-deep-equal set size:48634 disposed:false
467 silly fetch manifest require-from-string@^2.0.2
468 silly packumentCache full:https://registry.npmjs.org/require-from-string cache-miss
469 http fetch GET 200 https://registry.npmjs.org/require-from-string 207ms (cache miss)
470 silly packumentCache full:https://registry.npmjs.org/require-from-string set size:undefined disposed:false
471 silly fetch manifest json-schema-traverse@^1.0.0
472 silly packumentCache full:https://registry.npmjs.org/json-schema-traverse cache-miss
473 http fetch GET 200 https://registry.npmjs.org/json-schema-traverse 159ms (cache revalidated)
474 silly packumentCache full:https://registry.npmjs.org/json-schema-traverse set size:23537 disposed:false
475 silly fetch manifest tslib@^2.1.0
476 silly packumentCache full:https://registry.npmjs.org/tslib cache-miss
477 http fetch GET 200 https://registry.npmjs.org/tslib 143ms (cache revalidated)
478 silly packumentCache full:https://registry.npmjs.org/tslib set size:108760 disposed:false
479 silly placeDep ROOT magic-string@0.30.17 OK for: @angular-devkit/schematics@19.2.19 want: 0.30.17
480 silly fetch manifest @jridgewell/sourcemap-codec@^1.5.0
481 silly packumentCache full:https://registry.npmjs.org/@jridgewell%2fsourcemap-codec cache-miss
482 http fetch GET 200 https://registry.npmjs.org/@jridgewell%2fsourcemap-codec 174ms (cache revalidated)
483 silly packumentCache full:https://registry.npmjs.org/@jridgewell%2fsourcemap-codec set size:59275 disposed:false
484 silly placeDep node_modules/@angular-devkit/schematics-cli @inquirer/prompts@7.3.2 OK for: @angular-devkit/schematics-cli@19.2.19 want: 7.3.2
485 silly placeDep ROOT ansi-colors@4.1.3 OK for: @angular-devkit/schematics-cli@19.2.19 want: 4.1.3
486 silly placeDep ROOT symbol-observable@4.0.0 OK for: @angular-devkit/schematics-cli@19.2.19 want: 4.0.0
487 silly placeDep ROOT yargs-parser@21.1.1 OK for: @angular-devkit/schematics-cli@19.2.19 want: 21.1.1
488 silly fetch manifest @inquirer/input@^4.1.6
489 silly packumentCache full:https://registry.npmjs.org/@inquirer%2finput cache-miss
490 http fetch GET 200 https://registry.npmjs.org/@inquirer%2finput 97ms (cache hit)
491 silly packumentCache full:https://registry.npmjs.org/@inquirer%2finput set size:289994 disposed:false
492 silly fetch manifest @inquirer/editor@^4.2.7
493 silly packumentCache full:https://registry.npmjs.org/@inquirer%2feditor cache-miss
494 http fetch GET 200 https://registry.npmjs.org/@inquirer%2feditor 95ms (cache hit)
495 silly packumentCache full:https://registry.npmjs.org/@inquirer%2feditor set size:292907 disposed:false
496 silly fetch manifest @inquirer/expand@^4.0.9
497 silly packumentCache full:https://registry.npmjs.org/@inquirer%2fexpand cache-miss
498 http fetch GET 200 https://registry.npmjs.org/@inquirer%2fexpand 113ms (cache hit)
499 silly packumentCache full:https://registry.npmjs.org/@inquirer%2fexpand set size:292632 disposed:false
500 silly fetch manifest @inquirer/number@^3.0.9
501 silly packumentCache full:https://registry.npmjs.org/@inquirer%2fnumber cache-miss
502 http fetch GET 200 https://registry.npmjs.org/@inquirer%2fnumber 165ms (cache hit)
503 silly packumentCache full:https://registry.npmjs.org/@inquirer%2fnumber set size:115566 disposed:false
504 silly fetch manifest @inquirer/search@^3.0.9
505 silly packumentCache full:https://registry.npmjs.org/@inquirer%2fsearch cache-miss
506 http fetch GET 200 https://registry.npmjs.org/@inquirer%2fsearch 161ms (cache hit)
507 silly packumentCache full:https://registry.npmjs.org/@inquirer%2fsearch set size:115655 disposed:false
508 silly fetch manifest @inquirer/select@^4.0.9
509 silly packumentCache full:https://registry.npmjs.org/@inquirer%2fselect cache-miss
510 http fetch GET 200 https://registry.npmjs.org/@inquirer%2fselect 207ms (cache hit)
511 silly packumentCache full:https://registry.npmjs.org/@inquirer%2fselect set size:307392 disposed:false
512 silly fetch manifest @inquirer/confirm@^5.1.6
513 silly packumentCache full:https://registry.npmjs.org/@inquirer%2fconfirm cache-miss
514 http fetch GET 200 https://registry.npmjs.org/@inquirer%2fconfirm 144ms (cache hit)
515 silly packumentCache full:https://registry.npmjs.org/@inquirer%2fconfirm set size:293808 disposed:false
516 silly fetch manifest @inquirer/rawlist@^4.0.9
517 silly packumentCache full:https://registry.npmjs.org/@inquirer%2frawlist cache-miss
518 http fetch GET 200 https://registry.npmjs.org/@inquirer%2frawlist 158ms (cache hit)
519 silly packumentCache full:https://registry.npmjs.org/@inquirer%2frawlist set size:261582 disposed:false
520 silly fetch manifest @inquirer/checkbox@^4.1.2
521 silly packumentCache full:https://registry.npmjs.org/@inquirer%2fcheckbox cache-miss
522 http fetch GET 200 https://registry.npmjs.org/@inquirer%2fcheckbox 361ms (cache hit)
523 silly packumentCache full:https://registry.npmjs.org/@inquirer%2fcheckbox set size:318534 disposed:false
524 silly fetch manifest @inquirer/password@^4.0.9
525 silly packumentCache full:https://registry.npmjs.org/@inquirer%2fpassword cache-miss
526 http fetch GET 200 https://registry.npmjs.org/@inquirer%2fpassword 225ms (cache hit)
527 silly packumentCache full:https://registry.npmjs.org/@inquirer%2fpassword set size:291455 disposed:false
528 silly placeDep ROOT @inquirer/checkbox@4.3.2 OK for: @inquirer/prompts@7.10.1 want: ^4.3.2
529 silly placeDep ROOT @inquirer/confirm@5.1.21 OK for: @inquirer/prompts@7.10.1 want: ^5.1.21
530 silly placeDep ROOT @inquirer/editor@4.2.23 OK for: @inquirer/prompts@7.10.1 want: ^4.2.23
531 silly placeDep ROOT @inquirer/expand@4.0.23 OK for: @inquirer/prompts@7.10.1 want: ^4.0.23
532 silly placeDep ROOT @inquirer/input@4.3.1 OK for: @inquirer/prompts@7.10.1 want: ^4.3.1
533 silly placeDep ROOT @inquirer/number@3.0.23 OK for: @inquirer/prompts@7.10.1 want: ^3.0.23
534 silly placeDep ROOT @inquirer/password@4.0.23 OK for: @inquirer/prompts@7.10.1 want: ^4.0.23
535 silly placeDep ROOT @inquirer/rawlist@4.1.11 OK for: @inquirer/prompts@7.10.1 want: ^4.1.11
536 silly placeDep ROOT @inquirer/search@3.2.2 OK for: @inquirer/prompts@7.10.1 want: ^3.2.2
537 silly placeDep ROOT @inquirer/select@4.4.2 OK for: @inquirer/prompts@7.10.1 want: ^4.4.2
538 silly fetch manifest @inquirer/ansi@^1.0.2
539 silly packumentCache full:https://registry.npmjs.org/@inquirer%2fansi cache-miss
540 http fetch GET 200 https://registry.npmjs.org/@inquirer%2fansi 234ms (cache miss)
541 silly packumentCache full:https://registry.npmjs.org/@inquirer%2fansi set size:undefined disposed:false
542 silly fetch manifest @inquirer/core@^10.3.2
543 silly packumentCache full:https://registry.npmjs.org/@inquirer%2fcore cache-miss
544 http fetch GET 200 https://registry.npmjs.org/@inquirer%2fcore 355ms (cache miss)
545 silly packumentCache full:https://registry.npmjs.org/@inquirer%2fcore set size:undefined disposed:false
546 silly fetch manifest @inquirer/type@^3.0.10
547 silly packumentCache full:https://registry.npmjs.org/@inquirer%2ftype cache-miss
548 http fetch GET 200 https://registry.npmjs.org/@inquirer%2ftype 267ms (cache miss)
549 silly packumentCache full:https://registry.npmjs.org/@inquirer%2ftype set size:undefined disposed:false
550 silly fetch manifest yoctocolors-cjs@^2.1.3
551 silly packumentCache full:https://registry.npmjs.org/yoctocolors-cjs cache-miss
552 http fetch GET 200 https://registry.npmjs.org/yoctocolors-cjs 276ms (cache miss)
553 silly packumentCache full:https://registry.npmjs.org/yoctocolors-cjs set size:undefined disposed:false
554 silly fetch manifest @inquirer/figures@^1.0.15
555 silly packumentCache full:https://registry.npmjs.org/@inquirer%2ffigures cache-miss
556 http fetch GET 200 https://registry.npmjs.org/@inquirer%2ffigures 264ms (cache miss)
557 silly packumentCache full:https://registry.npmjs.org/@inquirer%2ffigures set size:undefined disposed:false
558 silly fetch manifest @inquirer/external-editor@^1.0.3
559 silly packumentCache full:https://registry.npmjs.org/@inquirer%2fexternal-editor cache-miss
560 http fetch GET 200 https://registry.npmjs.org/@inquirer%2fexternal-editor 419ms (cache miss)
561 silly packumentCache full:https://registry.npmjs.org/@inquirer%2fexternal-editor set size:undefined disposed:false
562 silly placeDep ROOT @inquirer/ansi@1.0.2 OK for: @inquirer/checkbox@4.3.2 want: ^1.0.2
563 silly placeDep ROOT @inquirer/core@10.3.2 OK for: @inquirer/checkbox@4.3.2 want: ^10.3.2
564 silly placeDep ROOT @inquirer/figures@1.0.15 OK for: @inquirer/checkbox@4.3.2 want: ^1.0.15
565 silly placeDep ROOT @inquirer/type@3.0.10 OK for: @inquirer/checkbox@4.3.2 want: ^3.0.10
566 silly placeDep ROOT yoctocolors-cjs@2.1.3 OK for: @inquirer/checkbox@4.3.2 want: ^2.1.3
567 silly fetch manifest cli-width@^4.1.0
568 silly packumentCache full:https://registry.npmjs.org/cli-width cache-miss
569 http fetch GET 200 https://registry.npmjs.org/cli-width 309ms (cache miss)
570 silly packumentCache full:https://registry.npmjs.org/cli-width set size:undefined disposed:false
571 silly fetch manifest wrap-ansi@^6.2.0
572 silly packumentCache full:https://registry.npmjs.org/wrap-ansi cache-miss
573 http fetch GET 200 https://registry.npmjs.org/wrap-ansi 278ms (cache miss)
574 silly packumentCache full:https://registry.npmjs.org/wrap-ansi set size:undefined disposed:false
575 silly fetch manifest mute-stream@^2.0.0
576 silly packumentCache full:https://registry.npmjs.org/mute-stream cache-miss
577 http fetch GET 200 https://registry.npmjs.org/mute-stream 224ms (cache miss)
578 silly packumentCache full:https://registry.npmjs.org/mute-stream set size:undefined disposed:false
579 silly fetch manifest signal-exit@^4.1.0
580 silly packumentCache full:https://registry.npmjs.org/signal-exit cache-miss
581 http fetch GET 200 https://registry.npmjs.org/signal-exit 269ms (cache miss)
582 silly packumentCache full:https://registry.npmjs.org/signal-exit set size:undefined disposed:false
583 silly placeDep ROOT cli-width@4.1.0 OK for: @inquirer/core@10.3.2 want: ^4.1.0
584 silly placeDep ROOT mute-stream@2.0.0 OK for: @inquirer/core@10.3.2 want: ^2.0.0
585 silly placeDep ROOT signal-exit@4.1.0 OK for: @inquirer/core@10.3.2 want: ^4.1.0
586 silly placeDep ROOT wrap-ansi@6.2.0 OK for: @inquirer/core@10.3.2 want: ^6.2.0
587 silly fetch manifest ansi-styles@^4.0.0
588 silly packumentCache full:https://registry.npmjs.org/ansi-styles cache-miss
589 http fetch GET 200 https://registry.npmjs.org/ansi-styles 323ms (cache revalidated)
590 silly packumentCache full:https://registry.npmjs.org/ansi-styles set size:63233 disposed:false
591 silly fetch manifest string-width@^4.1.0
592 silly packumentCache full:https://registry.npmjs.org/string-width cache-miss
593 http fetch GET 200 https://registry.npmjs.org/string-width 178ms (cache hit)
594 silly packumentCache full:https://registry.npmjs.org/string-width set size:64158 disposed:false
595 silly placeDep ROOT @inquirer/external-editor@1.0.3 OK for: @inquirer/editor@4.2.23 want: ^1.0.3
596 silly fetch manifest chardet@^2.1.1
597 silly packumentCache full:https://registry.npmjs.org/chardet cache-miss
598 http fetch GET 200 https://registry.npmjs.org/chardet 181ms (cache miss)
599 silly packumentCache full:https://registry.npmjs.org/chardet set size:undefined disposed:false
600 silly fetch manifest iconv-lite@^0.7.0
601 silly packumentCache full:https://registry.npmjs.org/iconv-lite cache-miss
602 http fetch GET 200 https://registry.npmjs.org/iconv-lite 116ms (cache miss)
603 silly packumentCache full:https://registry.npmjs.org/iconv-lite set size:undefined disposed:false
604 silly placeDep ROOT chardet@2.1.1 OK for: @inquirer/external-editor@1.0.3 want: ^2.1.1
605 silly placeDep ROOT iconv-lite@0.7.2 OK for: @inquirer/external-editor@1.0.3 want: ^0.7.0
606 silly fetch manifest safer-buffer@>= 2.1.2 < 3.0.0
607 silly packumentCache full:https://registry.npmjs.org/safer-buffer cache-miss
608 http fetch GET 200 https://registry.npmjs.org/safer-buffer 151ms (cache miss)
609 silly packumentCache full:https://registry.npmjs.org/safer-buffer set size:undefined disposed:false
610 silly fetch manifest chokidar@^4.0.0
611 silly packumentCache full:https://registry.npmjs.org/chokidar cache-hit
612 silly placeDep node_modules/@nestjs/schematics @angular-devkit/core@19.2.17 OK for: @nestjs/schematics@11.0.9 want: 19.2.17
613 silly placeDep node_modules/@nestjs/schematics @angular-devkit/schematics@19.2.17 OK for: @nestjs/schematics@11.0.9 want: 19.2.17
614 silly placeDep ROOT comment-json@4.4.1 OK for: @nestjs/schematics@11.0.9 want: 4.4.1
615 silly placeDep ROOT pluralize@8.0.0 OK for: @nestjs/schematics@11.0.9 want: 8.0.0
616 silly fetch manifest esprima@^4.0.1
617 silly packumentCache full:https://registry.npmjs.org/esprima cache-miss
618 http fetch GET 200 https://registry.npmjs.org/esprima 154ms (cache miss)
619 silly packumentCache full:https://registry.npmjs.org/esprima set size:undefined disposed:false
620 silly fetch manifest core-util-is@^1.0.3
621 silly packumentCache full:https://registry.npmjs.org/core-util-is cache-miss
622 http fetch GET 200 https://registry.npmjs.org/core-util-is 207ms (cache miss)
623 silly packumentCache full:https://registry.npmjs.org/core-util-is set size:undefined disposed:false
624 silly fetch manifest array-timsort@^1.0.3
625 silly packumentCache full:https://registry.npmjs.org/array-timsort cache-miss
626 http fetch GET 200 https://registry.npmjs.org/array-timsort 264ms (cache miss)
627 silly packumentCache full:https://registry.npmjs.org/array-timsort set size:undefined disposed:false
628 silly placeDep ROOT fast-deep-equal@3.1.3 OK for: ajv@8.17.1 want: ^3.1.3
629 silly placeDep ROOT fast-uri@3.1.0 OK for: ajv@8.17.1 want: ^3.0.1
630 silly placeDep ROOT json-schema-traverse@1.0.0 OK for: ajv@8.17.1 want: ^1.0.0
631 silly placeDep ROOT require-from-string@2.0.2 OK for: ajv@8.17.1 want: ^2.0.2
632 silly placeDep ROOT readdirp@4.1.2 OK for: chokidar@4.0.3 want: ^4.0.1
633 silly placeDep ROOT @colors/colors@1.5.0 OK for: cli-table3@0.6.5 want: 1.5.0
634 silly placeDep ROOT string-width@4.2.3 OK for: cli-table3@0.6.5 want: ^4.2.0
635 silly fetch manifest strip-ansi@^6.0.1
636 silly packumentCache full:https://registry.npmjs.org/strip-ansi cache-miss
637 http fetch GET 200 https://registry.npmjs.org/strip-ansi 153ms (cache hit)
638 silly packumentCache full:https://registry.npmjs.org/strip-ansi set size:41855 disposed:false
639 silly fetch manifest emoji-regex@^8.0.0
640 silly packumentCache full:https://registry.npmjs.org/emoji-regex cache-miss
641 http fetch GET 200 https://registry.npmjs.org/emoji-regex 250ms (cache revalidated)
642 silly packumentCache full:https://registry.npmjs.org/emoji-regex set size:89088 disposed:false
643 silly fetch manifest is-fullwidth-code-point@^3.0.0
644 silly packumentCache full:https://registry.npmjs.org/is-fullwidth-code-point cache-miss
645 http fetch GET 200 https://registry.npmjs.org/is-fullwidth-code-point 252ms (cache miss)
646 silly packumentCache full:https://registry.npmjs.org/is-fullwidth-code-point set size:undefined disposed:false
647 silly placeDep ROOT array-timsort@1.0.3 OK for: comment-json@4.4.1 want: ^1.0.3
648 silly placeDep ROOT core-util-is@1.0.3 OK for: comment-json@4.4.1 want: ^1.0.3
649 silly placeDep ROOT esprima@4.0.1 OK for: comment-json@4.4.1 want: ^4.0.1
650 silly fetch manifest typescript@>3.6.0
651 silly packumentCache full:https://registry.npmjs.org/typescript cache-miss
652 http fetch GET 200 https://registry.npmjs.org/typescript 319ms (cache hit)
653 silly packumentCache full:https://registry.npmjs.org/typescript set size:15133370 disposed:false
654 silly placeDep ROOT @babel/code-frame@7.28.6 OK for: fork-ts-checker-webpack-plugin@9.1.0 want: ^7.16.7
655 silly placeDep ROOT chalk@4.1.2 OK for: fork-ts-checker-webpack-plugin@9.1.0 want: ^4.1.2
656 silly placeDep ROOT cosmiconfig@8.3.6 OK for: fork-ts-checker-webpack-plugin@9.1.0 want: ^8.2.0
657 silly placeDep ROOT deepmerge@4.3.1 OK for: fork-ts-checker-webpack-plugin@9.1.0 want: ^4.2.2
658 silly placeDep ROOT fs-extra@10.1.0 OK for: fork-ts-checker-webpack-plugin@9.1.0 want: ^10.0.0
659 silly placeDep ROOT memfs@3.5.3 OK for: fork-ts-checker-webpack-plugin@9.1.0 want: ^3.4.1
660 silly placeDep ROOT minimatch@3.1.2 OK for: fork-ts-checker-webpack-plugin@9.1.0 want: ^3.0.4
661 silly placeDep ROOT node-abort-controller@3.1.1 OK for: fork-ts-checker-webpack-plugin@9.1.0 want: ^3.0.1
662 silly placeDep ROOT schema-utils@3.3.0 OK for: fork-ts-checker-webpack-plugin@9.1.0 want: ^3.1.1
663 silly placeDep ROOT semver@7.7.3 OK for: fork-ts-checker-webpack-plugin@9.1.0 want: ^7.3.5
664 silly placeDep ROOT tapable@2.3.0 OK for: fork-ts-checker-webpack-plugin@9.1.0 want: ^2.2.1
665 silly fetch manifest @babel/helper-validator-identifier@^7.28.5
666 silly packumentCache full:https://registry.npmjs.org/@babel%2fhelper-validator-identifier cache-miss
667 http fetch GET 200 https://registry.npmjs.org/@babel%2fhelper-validator-identifier 132ms (cache revalidated)
668 silly packumentCache full:https://registry.npmjs.org/@babel%2fhelper-validator-identifier set size:110831 disposed:false
669 silly fetch manifest js-tokens@^4.0.0
670 silly packumentCache full:https://registry.npmjs.org/js-tokens cache-miss
671 http fetch GET 200 https://registry.npmjs.org/js-tokens 148ms (cache revalidated)
672 silly packumentCache full:https://registry.npmjs.org/js-tokens set size:41947 disposed:false
673 silly fetch manifest picocolors@^1.1.1
674 silly packumentCache full:https://registry.npmjs.org/picocolors cache-miss
675 http fetch GET 200 https://registry.npmjs.org/picocolors 169ms (cache revalidated)
676 silly packumentCache full:https://registry.npmjs.org/picocolors set size:16648 disposed:false
677 silly fetch manifest ansi-styles@^4.1.0
678 silly packumentCache full:https://registry.npmjs.org/ansi-styles cache-hit
679 silly fetch manifest supports-color@^7.1.0
680 silly packumentCache full:https://registry.npmjs.org/supports-color cache-miss
681 http fetch GET 200 https://registry.npmjs.org/supports-color 265ms (cache revalidated)
682 silly packumentCache full:https://registry.npmjs.org/supports-color set size:118680 disposed:false
683 silly fetch manifest import-fresh@^3.3.0
684 silly packumentCache full:https://registry.npmjs.org/import-fresh cache-miss
685 http fetch GET 200 https://registry.npmjs.org/import-fresh 306ms (cache revalidated)
686 silly packumentCache full:https://registry.npmjs.org/import-fresh set size:21461 disposed:false
687 silly fetch manifest js-yaml@^4.1.0
688 silly packumentCache full:https://registry.npmjs.org/js-yaml cache-miss
689 http fetch GET 200 https://registry.npmjs.org/js-yaml 489ms (cache revalidated)
690 silly packumentCache full:https://registry.npmjs.org/js-yaml set size:152232 disposed:false
691 silly fetch manifest parse-json@^5.2.0
692 silly packumentCache full:https://registry.npmjs.org/parse-json cache-miss
693 http fetch GET 200 https://registry.npmjs.org/parse-json 495ms (cache miss)
694 silly packumentCache full:https://registry.npmjs.org/parse-json set size:undefined disposed:false
695 silly fetch manifest path-type@^4.0.0
696 silly packumentCache full:https://registry.npmjs.org/path-type cache-miss
697 http fetch GET 200 https://registry.npmjs.org/path-type 432ms (cache miss)
698 silly packumentCache full:https://registry.npmjs.org/path-type set size:undefined disposed:false
699 silly fetch manifest jsonfile@^6.0.1
700 silly packumentCache full:https://registry.npmjs.org/jsonfile cache-miss
701 http fetch GET 200 https://registry.npmjs.org/jsonfile 414ms (cache miss)
702 silly packumentCache full:https://registry.npmjs.org/jsonfile set size:undefined disposed:false
703 silly fetch manifest graceful-fs@^4.2.0
704 silly packumentCache full:https://registry.npmjs.org/graceful-fs cache-miss
705 http fetch GET 200 https://registry.npmjs.org/graceful-fs 1214ms (cache hit)
706 silly packumentCache full:https://registry.npmjs.org/graceful-fs set size:124285 disposed:false
707 silly fetch manifest universalify@^2.0.0
708 silly packumentCache full:https://registry.npmjs.org/universalify cache-miss
709 http fetch GET 200 https://registry.npmjs.org/universalify 367ms (cache miss)
710 silly packumentCache full:https://registry.npmjs.org/universalify set size:undefined disposed:false
711 silly fetch manifest fs-monkey@^1.0.4
712 silly packumentCache full:https://registry.npmjs.org/fs-monkey cache-miss
713 http fetch GET 200 https://registry.npmjs.org/fs-monkey 240ms (cache miss)
714 silly packumentCache full:https://registry.npmjs.org/fs-monkey set size:undefined disposed:false
715 silly fetch manifest brace-expansion@^1.1.7
716 silly packumentCache full:https://registry.npmjs.org/brace-expansion cache-miss
717 http fetch GET 200 https://registry.npmjs.org/brace-expansion 179ms (cache revalidated)
718 silly packumentCache full:https://registry.npmjs.org/brace-expansion set size:46250 disposed:false
719 silly fetch manifest ajv@^6.12.5
720 silly packumentCache full:https://registry.npmjs.org/ajv cache-miss
721 http fetch GET 200 https://registry.npmjs.org/ajv 88ms (cache hit)
722 silly packumentCache full:https://registry.npmjs.org/ajv set size:1126055 disposed:false
723 silly fetch manifest ajv-keywords@^3.5.2
724 silly packumentCache full:https://registry.npmjs.org/ajv-keywords cache-miss
725 http fetch GET 200 https://registry.npmjs.org/ajv-keywords 157ms (cache miss)
726 silly packumentCache full:https://registry.npmjs.org/ajv-keywords set size:undefined disposed:false
727 silly fetch manifest @types/json-schema@^7.0.8
728 silly packumentCache full:https://registry.npmjs.org/@types%2fjson-schema cache-hit
729 silly placeDep ROOT @babel/helper-validator-identifier@7.28.5 OK for: @babel/code-frame@7.28.6 want: ^7.28.5
730 silly placeDep ROOT js-tokens@4.0.0 OK for: @babel/code-frame@7.28.6 want: ^4.0.0
731 silly placeDep ROOT picocolors@1.1.1 OK for: @babel/code-frame@7.28.6 want: ^1.1.1
732 silly placeDep ROOT ansi-styles@4.3.0 OK for: chalk@4.1.2 want: ^4.1.0
733 silly placeDep ROOT supports-color@7.2.0 OK for: chalk@4.1.2 want: ^7.1.0
734 silly fetch manifest color-convert@^2.0.1
735 silly packumentCache full:https://registry.npmjs.org/color-convert cache-miss
736 http fetch GET 200 https://registry.npmjs.org/color-convert 158ms (cache revalidated)
737 silly packumentCache full:https://registry.npmjs.org/color-convert set size:72663 disposed:false
738 silly fetch manifest has-flag@^4.0.0
739 silly packumentCache full:https://registry.npmjs.org/has-flag cache-miss
740 http fetch GET 200 https://registry.npmjs.org/has-flag 189ms (cache revalidated)
741 silly packumentCache full:https://registry.npmjs.org/has-flag set size:15180 disposed:false
742 silly placeDep ROOT color-convert@2.0.1 OK for: ansi-styles@4.3.0 want: ^2.0.1
743 silly fetch manifest color-name@~1.1.4
744 silly packumentCache full:https://registry.npmjs.org/color-name cache-miss
745 http fetch GET 200 https://registry.npmjs.org/color-name 175ms (cache revalidated)
746 silly packumentCache full:https://registry.npmjs.org/color-name set size:19467 disposed:false
747 silly placeDep ROOT color-name@1.1.4 OK for: color-convert@2.0.1 want: ~1.1.4
748 silly placeDep ROOT import-fresh@3.3.1 OK for: cosmiconfig@8.3.6 want: ^3.3.0
749 silly placeDep ROOT js-yaml@4.1.1 OK for: cosmiconfig@8.3.6 want: ^4.1.0
750 silly placeDep ROOT parse-json@5.2.0 OK for: cosmiconfig@8.3.6 want: ^5.2.0
751 silly placeDep ROOT path-type@4.0.0 OK for: cosmiconfig@8.3.6 want: ^4.0.0
752 silly fetch manifest parent-module@^1.0.0
753 silly packumentCache full:https://registry.npmjs.org/parent-module cache-miss
754 http fetch GET 200 https://registry.npmjs.org/parent-module 191ms (cache revalidated)
755 silly packumentCache full:https://registry.npmjs.org/parent-module set size:18255 disposed:false
756 silly fetch manifest resolve-from@^4.0.0
757 silly packumentCache full:https://registry.npmjs.org/resolve-from cache-miss
758 http fetch GET 200 https://registry.npmjs.org/resolve-from 214ms (cache revalidated)
759 silly packumentCache full:https://registry.npmjs.org/resolve-from set size:12911 disposed:false
760 silly fetch manifest argparse@^2.0.1
761 silly packumentCache full:https://registry.npmjs.org/argparse cache-miss
762 http fetch GET 200 https://registry.npmjs.org/argparse 195ms (cache revalidated)
763 silly packumentCache full:https://registry.npmjs.org/argparse set size:49266 disposed:false
764 silly fetch manifest error-ex@^1.3.1
765 silly packumentCache full:https://registry.npmjs.org/error-ex cache-miss
766 http fetch GET 200 https://registry.npmjs.org/error-ex 216ms (cache miss)
767 silly packumentCache full:https://registry.npmjs.org/error-ex set size:undefined disposed:false
768 silly fetch manifest lines-and-columns@^1.1.6
769 silly packumentCache full:https://registry.npmjs.org/lines-and-columns cache-miss
770 http fetch GET 200 https://registry.npmjs.org/lines-and-columns 135ms (cache miss)
771 silly packumentCache full:https://registry.npmjs.org/lines-and-columns set size:undefined disposed:false
772 silly fetch manifest json-parse-even-better-errors@^2.3.0
773 silly packumentCache full:https://registry.npmjs.org/json-parse-even-better-errors cache-miss
774 http fetch GET 200 https://registry.npmjs.org/json-parse-even-better-errors 96ms (cache hit)
775 silly packumentCache full:https://registry.npmjs.org/json-parse-even-better-errors set size:34572 disposed:false
776 silly placeDep ROOT graceful-fs@4.2.11 OK for: fs-extra@10.1.0 want: ^4.2.0
777 silly placeDep ROOT jsonfile@6.2.0 OK for: fs-extra@10.1.0 want: ^6.0.1
778 silly placeDep ROOT universalify@2.0.1 OK for: fs-extra@10.1.0 want: ^2.0.0
779 silly placeDep node_modules/glob minimatch@10.1.1 OK for: glob@13.0.0 want: ^10.1.1
780 silly placeDep ROOT minipass@7.1.2 OK for: glob@13.0.0 want: ^7.1.2
781 silly placeDep ROOT path-scurry@2.0.1 OK for: glob@13.0.0 want: ^2.0.0
782 silly fetch manifest @isaacs/brace-expansion@^5.0.0
783 silly packumentCache full:https://registry.npmjs.org/@isaacs%2fbrace-expansion cache-miss
784 http fetch GET 200 https://registry.npmjs.org/@isaacs%2fbrace-expansion 157ms (cache miss)
785 silly packumentCache full:https://registry.npmjs.org/@isaacs%2fbrace-expansion set size:undefined disposed:false
786 silly fetch manifest lru-cache@^11.0.0
787 silly packumentCache full:https://registry.npmjs.org/lru-cache cache-miss
788 http fetch GET 200 https://registry.npmjs.org/lru-cache 210ms (cache revalidated)
789 silly packumentCache full:https://registry.npmjs.org/lru-cache set size:406394 disposed:false
790 silly placeDep ROOT safer-buffer@2.1.2 OK for: iconv-lite@0.7.2 want: >= 2.1.2 < 3.0.0
791 silly placeDep ROOT parent-module@1.0.1 OK for: import-fresh@3.3.1 want: ^1.0.0
792 silly placeDep ROOT resolve-from@4.0.0 OK for: import-fresh@3.3.1 want: ^4.0.0
793 silly fetch manifest callsites@^3.0.0
794 silly packumentCache full:https://registry.npmjs.org/callsites cache-miss
795 http fetch GET 200 https://registry.npmjs.org/callsites 144ms (cache revalidated)
796 silly packumentCache full:https://registry.npmjs.org/callsites set size:21349 disposed:false
797 silly placeDep ROOT argparse@2.0.1 OK for: js-yaml@4.1.1 want: ^2.0.1
798 silly placeDep ROOT @jridgewell/sourcemap-codec@1.5.5 OK for: magic-string@0.30.17 want: ^1.5.0
799 silly placeDep ROOT fs-monkey@1.1.0 OK for: memfs@3.5.3 want: ^1.0.4
800 silly placeDep ROOT brace-expansion@1.1.12 OK for: minimatch@3.1.2 want: ^1.1.7
801 silly fetch manifest balanced-match@^1.0.0
802 silly packumentCache full:https://registry.npmjs.org/balanced-match cache-miss
803 http fetch GET 200 https://registry.npmjs.org/balanced-match 136ms (cache revalidated)
804 silly packumentCache full:https://registry.npmjs.org/balanced-match set size:33860 disposed:false
805 silly fetch manifest concat-map@0.0.1
806 silly packumentCache full:https://registry.npmjs.org/concat-map cache-miss
807 http fetch GET 200 https://registry.npmjs.org/concat-map 198ms (cache revalidated)
808 silly packumentCache full:https://registry.npmjs.org/concat-map set size:9290 disposed:false
809 silly placeDep ROOT balanced-match@1.0.2 OK for: brace-expansion@1.1.12 want: ^1.0.0
810 silly placeDep ROOT concat-map@0.0.1 OK for: brace-expansion@1.1.12 want: 0.0.1
811 silly placeDep ROOT lodash@4.17.21 OK for: node-emoji@1.11.0 want: ^4.17.21
812 silly placeDep ROOT bl@4.1.0 OK for: ora@5.4.1 want: ^4.1.0
813 silly placeDep ROOT cli-cursor@3.1.0 OK for: ora@5.4.1 want: ^3.1.0
814 silly placeDep ROOT cli-spinners@2.9.2 OK for: ora@5.4.1 want: ^2.5.0
815 silly placeDep ROOT is-interactive@1.0.0 OK for: ora@5.4.1 want: ^1.0.0
816 silly placeDep ROOT is-unicode-supported@0.1.0 OK for: ora@5.4.1 want: ^0.1.0
817 silly placeDep ROOT log-symbols@4.1.0 OK for: ora@5.4.1 want: ^4.1.0
818 silly placeDep ROOT strip-ansi@6.0.1 OK for: ora@5.4.1 want: ^6.0.0
819 silly placeDep ROOT wcwidth@1.0.1 OK for: ora@5.4.1 want: ^1.0.1
820 silly fetch manifest buffer@^5.5.0
821 silly packumentCache full:https://registry.npmjs.org/buffer cache-miss
822 http fetch GET 200 https://registry.npmjs.org/buffer 159ms (cache miss)
823 silly packumentCache full:https://registry.npmjs.org/buffer set size:undefined disposed:false
824 silly fetch manifest inherits@^2.0.4
825 silly packumentCache full:https://registry.npmjs.org/inherits cache-miss
826 http fetch GET 200 https://registry.npmjs.org/inherits 140ms (cache miss)
827 silly packumentCache full:https://registry.npmjs.org/inherits set size:undefined disposed:false
828 silly fetch manifest readable-stream@^3.4.0
829 silly packumentCache full:https://registry.npmjs.org/readable-stream cache-miss
830 http fetch GET 200 https://registry.npmjs.org/readable-stream 232ms (cache miss)
831 silly packumentCache full:https://registry.npmjs.org/readable-stream set size:undefined disposed:false
832 silly fetch manifest restore-cursor@^3.1.0
833 silly packumentCache full:https://registry.npmjs.org/restore-cursor cache-miss
834 http fetch GET 200 https://registry.npmjs.org/restore-cursor 142ms (cache miss)
835 silly packumentCache full:https://registry.npmjs.org/restore-cursor set size:undefined disposed:false
836 silly fetch manifest ansi-regex@^5.0.1
837 silly packumentCache full:https://registry.npmjs.org/ansi-regex cache-miss
838 http fetch GET 200 https://registry.npmjs.org/ansi-regex 144ms (cache miss)
839 silly packumentCache full:https://registry.npmjs.org/ansi-regex set size:undefined disposed:false
840 silly fetch manifest defaults@^1.0.3
841 silly packumentCache full:https://registry.npmjs.org/defaults cache-miss
842 http fetch GET 200 https://registry.npmjs.org/defaults 959ms (cache miss)
843 silly packumentCache full:https://registry.npmjs.org/defaults set size:undefined disposed:false
844 silly placeDep ROOT buffer@5.7.1 OK for: bl@4.1.0 want: ^5.5.0
845 silly placeDep ROOT inherits@2.0.4 OK for: bl@4.1.0 want: ^2.0.4
846 silly placeDep ROOT readable-stream@3.6.2 OK for: bl@4.1.0 want: ^3.4.0
847 silly fetch manifest base64-js@^1.3.1
848 silly packumentCache full:https://registry.npmjs.org/base64-js cache-miss
849 http fetch GET 200 https://registry.npmjs.org/base64-js 317ms (cache miss)
850 silly packumentCache full:https://registry.npmjs.org/base64-js set size:undefined disposed:false
851 silly fetch manifest ieee754@^1.1.13
852 silly packumentCache full:https://registry.npmjs.org/ieee754 cache-miss
853 http fetch GET 200 https://registry.npmjs.org/ieee754 305ms (cache miss)
854 silly packumentCache full:https://registry.npmjs.org/ieee754 set size:undefined disposed:false
855 silly fetch manifest string_decoder@^1.1.1
856 silly packumentCache full:https://registry.npmjs.org/string_decoder cache-miss
857 http fetch GET 200 https://registry.npmjs.org/string_decoder 350ms (cache miss)
858 silly packumentCache full:https://registry.npmjs.org/string_decoder set size:undefined disposed:false
859 silly fetch manifest util-deprecate@^1.0.1
860 silly packumentCache full:https://registry.npmjs.org/util-deprecate cache-miss
861 http fetch GET 200 https://registry.npmjs.org/util-deprecate 270ms (cache miss)
862 silly packumentCache full:https://registry.npmjs.org/util-deprecate set size:undefined disposed:false
863 silly placeDep ROOT base64-js@1.5.1 OK for: buffer@5.7.1 want: ^1.3.1
864 silly placeDep ROOT ieee754@1.2.1 OK for: buffer@5.7.1 want: ^1.1.13
865 silly placeDep ROOT restore-cursor@3.1.0 OK for: cli-cursor@3.1.0 want: ^3.1.0
866 silly fetch manifest onetime@^5.1.0
867 silly packumentCache full:https://registry.npmjs.org/onetime cache-miss
868 http fetch GET 200 https://registry.npmjs.org/onetime 139ms (cache miss)
869 silly packumentCache full:https://registry.npmjs.org/onetime set size:undefined disposed:false
870 silly fetch manifest signal-exit@^3.0.2
871 silly packumentCache full:https://registry.npmjs.org/signal-exit cache-miss
872 http fetch GET 200 https://registry.npmjs.org/signal-exit 105ms (cache hit)
873 silly packumentCache full:https://registry.npmjs.org/signal-exit set size:53489 disposed:false
874 silly placeDep ROOT callsites@3.1.0 OK for: parent-module@1.0.1 want: ^3.0.0
875 silly placeDep ROOT error-ex@1.3.4 OK for: parse-json@5.2.0 want: ^1.3.1
876 silly placeDep ROOT json-parse-even-better-errors@2.3.1 OK for: parse-json@5.2.0 want: ^2.3.0
877 silly placeDep ROOT lines-and-columns@1.2.4 OK for: parse-json@5.2.0 want: ^1.1.6
878 silly fetch manifest is-arrayish@^0.2.1
879 silly packumentCache full:https://registry.npmjs.org/is-arrayish cache-miss
880 http fetch GET 200 https://registry.npmjs.org/is-arrayish 151ms (cache miss)
881 silly packumentCache full:https://registry.npmjs.org/is-arrayish set size:undefined disposed:false
882 silly placeDep ROOT is-arrayish@0.2.1 OK for: error-ex@1.3.4 want: ^0.2.1
883 silly placeDep ROOT lru-cache@11.2.4 OK for: path-scurry@2.0.1 want: ^11.0.0
884 silly placeDep ROOT string_decoder@1.3.0 OK for: readable-stream@3.6.2 want: ^1.1.1
885 silly placeDep ROOT util-deprecate@1.0.2 OK for: readable-stream@3.6.2 want: ^1.0.1
886 silly fetch manifest safe-buffer@~5.2.0
887 silly packumentCache full:https://registry.npmjs.org/safe-buffer cache-miss
888 http fetch GET 200 https://registry.npmjs.org/safe-buffer 170ms (cache miss)
889 silly packumentCache full:https://registry.npmjs.org/safe-buffer set size:undefined disposed:false
890 silly placeDep ROOT onetime@5.1.2 OK for: restore-cursor@3.1.0 want: ^5.1.0
891 silly placeDep node_modules/restore-cursor signal-exit@3.0.7 OK for: restore-cursor@3.1.0 want: ^3.0.2
892 silly fetch manifest mimic-fn@^2.1.0
893 silly packumentCache full:https://registry.npmjs.org/mimic-fn cache-miss
894 http fetch GET 200 https://registry.npmjs.org/mimic-fn 196ms (cache miss)
895 silly packumentCache full:https://registry.npmjs.org/mimic-fn set size:undefined disposed:false
896 silly placeDep ROOT mimic-fn@2.1.0 OK for: onetime@5.1.2 want: ^2.1.0
897 silly placeDep ROOT tslib@2.8.1 OK for: rxjs@7.8.1 want: ^2.1.0
898 silly placeDep ROOT @types/json-schema@7.0.15 OK for: schema-utils@3.3.0 want: ^7.0.8
899 silly placeDep node_modules/schema-utils ajv@6.12.6 OK for: schema-utils@3.3.0 want: ^6.12.5
900 silly placeDep node_modules/schema-utils ajv-keywords@3.5.2 OK for: schema-utils@3.3.0 want: ^3.5.2
901 silly fetch manifest uri-js@^4.2.2
902 silly packumentCache full:https://registry.npmjs.org/uri-js cache-miss
903 http fetch GET 200 https://registry.npmjs.org/uri-js 323ms (cache revalidated)
904 silly packumentCache full:https://registry.npmjs.org/uri-js set size:42559 disposed:false
905 silly fetch manifest json-schema-traverse@^0.4.1
906 silly packumentCache full:https://registry.npmjs.org/json-schema-traverse cache-hit
907 silly fetch manifest fast-json-stable-stringify@^2.0.0
908 silly packumentCache full:https://registry.npmjs.org/fast-json-stable-stringify cache-miss
909 http fetch GET 200 https://registry.npmjs.org/fast-json-stable-stringify 299ms (cache revalidated)
910 silly packumentCache full:https://registry.npmjs.org/fast-json-stable-stringify set size:11337 disposed:false
911 silly placeDep ROOT safe-buffer@5.2.1 OK for: string_decoder@1.3.0 want: ~5.2.0
912 silly placeDep ROOT emoji-regex@8.0.0 OK for: string-width@4.2.3 want: ^8.0.0
913 silly placeDep ROOT is-fullwidth-code-point@3.0.0 OK for: string-width@4.2.3 want: ^3.0.0
914 silly placeDep ROOT ansi-regex@5.0.1 OK for: strip-ansi@6.0.1 want: ^5.0.1
915 silly placeDep ROOT has-flag@4.0.0 OK for: supports-color@7.2.0 want: ^4.0.0
916 silly placeDep ROOT json5@2.2.3 OK for: tsconfig-paths@4.2.0 want: ^2.2.2
917 silly placeDep ROOT minimist@1.2.8 OK for: tsconfig-paths@4.2.0 want: ^1.2.6
918 silly placeDep ROOT strip-bom@3.0.0 OK for: tsconfig-paths@4.2.0 want: ^3.0.0
919 silly placeDep ROOT enhanced-resolve@5.18.4 OK for: tsconfig-paths-webpack-plugin@4.2.0 want: ^5.7.0
920 silly placeDep ROOT defaults@1.0.4 OK for: wcwidth@1.0.1 want: ^1.0.3
921 silly fetch manifest clone@^1.0.2
922 silly packumentCache full:https://registry.npmjs.org/clone cache-miss
923 http fetch GET 200 https://registry.npmjs.org/clone 360ms (cache miss)
924 silly packumentCache full:https://registry.npmjs.org/clone set size:undefined disposed:false
925 silly placeDep ROOT clone@1.0.4 OK for: defaults@1.0.4 want: ^1.0.2
926 silly fetch manifest webpack@^5.1.0
927 silly packumentCache full:https://registry.npmjs.org/webpack cache-miss
928 http fetch GET 200 https://registry.npmjs.org/webpack 440ms (cache hit)
929 silly packumentCache full:https://registry.npmjs.org/webpack set size:4926367 disposed:false
930 silly placeDep ROOT @types/eslint-scope@3.7.7 OK for: webpack@5.104.1 want: ^3.7.7
931 silly placeDep ROOT @types/estree@1.0.8 OK for: webpack@5.104.1 want: ^1.0.8
932 silly placeDep ROOT @webassemblyjs/ast@1.14.1 OK for: webpack@5.104.1 want: ^1.14.1
933 silly placeDep ROOT @webassemblyjs/wasm-edit@1.14.1 OK for: webpack@5.104.1 want: ^1.14.1
934 silly placeDep ROOT @webassemblyjs/wasm-parser@1.14.1 OK for: webpack@5.104.1 want: ^1.14.1
935 silly placeDep ROOT acorn@8.15.0 OK for: webpack@5.104.1 want: ^8.15.0
936 silly placeDep ROOT acorn-import-phases@1.0.4 OK for: webpack@5.104.1 want: ^1.0.3
937 silly placeDep ROOT browserslist@4.28.1 OK for: webpack@5.104.1 want: ^4.28.1
938 silly placeDep ROOT chrome-trace-event@1.0.4 OK for: webpack@5.104.1 want: ^1.0.2
939 silly placeDep ROOT es-module-lexer@2.0.0 OK for: webpack@5.104.1 want: ^2.0.0
940 silly placeDep ROOT eslint-scope@5.1.1 OK for: webpack@5.104.1 want: 5.1.1
941 silly placeDep ROOT events@3.3.0 OK for: webpack@5.104.1 want: ^3.2.0
942 silly placeDep ROOT glob-to-regexp@0.4.1 OK for: webpack@5.104.1 want: ^0.4.1
943 silly placeDep ROOT loader-runner@4.3.1 OK for: webpack@5.104.1 want: ^4.3.1
944 silly placeDep ROOT mime-types@2.1.35 OK for: webpack@5.104.1 want: ^2.1.27
945 silly placeDep ROOT neo-async@2.6.2 OK for: webpack@5.104.1 want: ^2.6.2
946 silly placeDep node_modules/webpack schema-utils@4.3.3 OK for: webpack@5.104.1 want: ^4.3.3
947 silly placeDep ROOT terser-webpack-plugin@5.3.16 OK for: webpack@5.104.1 want: ^5.3.16
948 silly placeDep ROOT watchpack@2.5.1 OK for: webpack@5.104.1 want: ^2.4.4
949 silly placeDep ROOT webpack-sources@3.3.3 OK for: webpack@5.104.1 want: ^3.3.3
950 silly fetch manifest @types/eslint@*
951 silly packumentCache full:https://registry.npmjs.org/@types%2feslint cache-miss
952 http fetch GET 200 https://registry.npmjs.org/@types%2feslint 257ms (cache miss)
953 silly packumentCache full:https://registry.npmjs.org/@types%2feslint set size:undefined disposed:false
954 silly fetch manifest @types/estree@*
955 silly packumentCache full:https://registry.npmjs.org/@types%2festree cache-hit
956 silly fetch manifest @webassemblyjs/helper-numbers@1.13.2
957 silly packumentCache full:https://registry.npmjs.org/@webassemblyjs%2fhelper-numbers cache-miss
958 http fetch GET 200 https://registry.npmjs.org/@webassemblyjs%2fhelper-numbers 155ms (cache miss)
959 silly packumentCache full:https://registry.npmjs.org/@webassemblyjs%2fhelper-numbers set size:undefined disposed:false
960 silly fetch manifest @webassemblyjs/helper-wasm-bytecode@1.13.2
961 silly packumentCache full:https://registry.npmjs.org/@webassemblyjs%2fhelper-wasm-bytecode cache-miss
962 http fetch GET 200 https://registry.npmjs.org/@webassemblyjs%2fhelper-wasm-bytecode 170ms (cache miss)
963 silly packumentCache full:https://registry.npmjs.org/@webassemblyjs%2fhelper-wasm-bytecode set size:undefined disposed:false
964 silly fetch manifest @webassemblyjs/helper-buffer@1.14.1
965 silly packumentCache full:https://registry.npmjs.org/@webassemblyjs%2fhelper-buffer cache-miss
966 http fetch GET 200 https://registry.npmjs.org/@webassemblyjs%2fhelper-buffer 157ms (cache miss)
967 silly packumentCache full:https://registry.npmjs.org/@webassemblyjs%2fhelper-buffer set size:undefined disposed:false
968 silly fetch manifest @webassemblyjs/helper-wasm-section@1.14.1
969 silly packumentCache full:https://registry.npmjs.org/@webassemblyjs%2fhelper-wasm-section cache-miss
970 http fetch GET 200 https://registry.npmjs.org/@webassemblyjs%2fhelper-wasm-section 184ms (cache miss)
971 silly packumentCache full:https://registry.npmjs.org/@webassemblyjs%2fhelper-wasm-section set size:undefined disposed:false
972 silly fetch manifest @webassemblyjs/wasm-gen@1.14.1
973 silly packumentCache full:https://registry.npmjs.org/@webassemblyjs%2fwasm-gen cache-miss
974 http fetch GET 200 https://registry.npmjs.org/@webassemblyjs%2fwasm-gen 210ms (cache miss)
975 silly packumentCache full:https://registry.npmjs.org/@webassemblyjs%2fwasm-gen set size:undefined disposed:false
976 silly fetch manifest @webassemblyjs/wasm-opt@1.14.1
977 silly packumentCache full:https://registry.npmjs.org/@webassemblyjs%2fwasm-opt cache-miss
978 http fetch GET 200 https://registry.npmjs.org/@webassemblyjs%2fwasm-opt 205ms (cache miss)
979 silly packumentCache full:https://registry.npmjs.org/@webassemblyjs%2fwasm-opt set size:undefined disposed:false
980 silly fetch manifest @webassemblyjs/wasm-parser@1.14.1
981 silly packumentCache full:https://registry.npmjs.org/@webassemblyjs%2fwasm-parser cache-miss
982 http fetch GET 200 https://registry.npmjs.org/@webassemblyjs%2fwasm-parser 82ms (cache hit)
983 silly packumentCache full:https://registry.npmjs.org/@webassemblyjs%2fwasm-parser set size:214115 disposed:false
984 silly fetch manifest @webassemblyjs/wast-printer@1.14.1
985 silly packumentCache full:https://registry.npmjs.org/@webassemblyjs%2fwast-printer cache-miss
986 http fetch GET 200 https://registry.npmjs.org/@webassemblyjs%2fwast-printer 144ms (cache miss)
987 silly packumentCache full:https://registry.npmjs.org/@webassemblyjs%2fwast-printer set size:undefined disposed:false
988 silly fetch manifest @webassemblyjs/helper-api-error@1.13.2
989 silly packumentCache full:https://registry.npmjs.org/@webassemblyjs%2fhelper-api-error cache-miss
990 http fetch GET 200 https://registry.npmjs.org/@webassemblyjs%2fhelper-api-error 151ms (cache miss)
991 silly packumentCache full:https://registry.npmjs.org/@webassemblyjs%2fhelper-api-error set size:undefined disposed:false
992 silly fetch manifest @webassemblyjs/ieee754@1.13.2
993 silly packumentCache full:https://registry.npmjs.org/@webassemblyjs%2fieee754 cache-miss
994 http fetch GET 200 https://registry.npmjs.org/@webassemblyjs%2fieee754 129ms (cache miss)
995 silly packumentCache full:https://registry.npmjs.org/@webassemblyjs%2fieee754 set size:undefined disposed:false
996 silly fetch manifest @webassemblyjs/leb128@1.13.2
997 silly packumentCache full:https://registry.npmjs.org/@webassemblyjs%2fleb128 cache-miss
998 http fetch GET 200 https://registry.npmjs.org/@webassemblyjs%2fleb128 182ms (cache miss)
999 silly packumentCache full:https://registry.npmjs.org/@webassemblyjs%2fleb128 set size:undefined disposed:false
1000 silly fetch manifest @webassemblyjs/utf8@1.13.2
1001 silly packumentCache full:https://registry.npmjs.org/@webassemblyjs%2futf8 cache-miss
1002 http fetch GET 200 https://registry.npmjs.org/@webassemblyjs%2futf8 251ms (cache miss)
1003 silly packumentCache full:https://registry.npmjs.org/@webassemblyjs%2futf8 set size:undefined disposed:false
1004 silly fetch manifest baseline-browser-mapping@^2.9.0
1005 silly packumentCache full:https://registry.npmjs.org/baseline-browser-mapping cache-miss
1006 http fetch GET 200 https://registry.npmjs.org/baseline-browser-mapping 496ms (cache revalidated)
1007 silly packumentCache full:https://registry.npmjs.org/baseline-browser-mapping set size:367517 disposed:false
1008 silly fetch manifest caniuse-lite@^1.0.30001759
1009 silly packumentCache full:https://registry.npmjs.org/caniuse-lite cache-miss
1010 http fetch GET 200 https://registry.npmjs.org/caniuse-lite 626ms (cache revalidated)
1011 silly packumentCache full:https://registry.npmjs.org/caniuse-lite set size:2242439 disposed:false
1012 silly fetch manifest electron-to-chromium@^1.5.263
1013 silly packumentCache full:https://registry.npmjs.org/electron-to-chromium cache-miss
1014 http fetch GET 200 https://registry.npmjs.org/electron-to-chromium 570ms (cache revalidated)
1015 silly packumentCache full:https://registry.npmjs.org/electron-to-chromium set size:4707129 disposed:false
1016 silly fetch manifest node-releases@^2.0.27
1017 silly packumentCache full:https://registry.npmjs.org/node-releases cache-miss
1018 http fetch GET 200 https://registry.npmjs.org/node-releases 261ms (cache revalidated)
1019 silly packumentCache full:https://registry.npmjs.org/node-releases set size:269192 disposed:false
1020 silly fetch manifest update-browserslist-db@^1.2.0
1021 silly packumentCache full:https://registry.npmjs.org/update-browserslist-db cache-miss
1022 http fetch GET 200 https://registry.npmjs.org/update-browserslist-db 154ms (cache revalidated)
1023 silly packumentCache full:https://registry.npmjs.org/update-browserslist-db set size:62000 disposed:false
1024 silly fetch manifest esrecurse@^4.3.0
1025 silly packumentCache full:https://registry.npmjs.org/esrecurse cache-miss
1026 http fetch GET 200 https://registry.npmjs.org/esrecurse 153ms (cache revalidated)
1027 silly packumentCache full:https://registry.npmjs.org/esrecurse set size:29005 disposed:false
1028 silly fetch manifest estraverse@^4.1.1
1029 silly packumentCache full:https://registry.npmjs.org/estraverse cache-miss
1030 http fetch GET 200 https://registry.npmjs.org/estraverse 170ms (cache revalidated)
1031 silly packumentCache full:https://registry.npmjs.org/estraverse set size:62412 disposed:false
1032 silly fetch manifest mime-db@1.52.0
1033 silly packumentCache full:https://registry.npmjs.org/mime-db cache-miss
1034 http fetch GET 200 https://registry.npmjs.org/mime-db 136ms (cache miss)
1035 silly packumentCache full:https://registry.npmjs.org/mime-db set size:undefined disposed:false
1036 silly fetch manifest ajv-formats@^2.1.1
1037 silly packumentCache full:https://registry.npmjs.org/ajv-formats cache-miss
1038 http fetch GET 200 https://registry.npmjs.org/ajv-formats 91ms (cache hit)
1039 silly packumentCache full:https://registry.npmjs.org/ajv-formats set size:141264 disposed:false
1040 silly fetch manifest ajv-keywords@^5.1.0
1041 silly packumentCache full:https://registry.npmjs.org/ajv-keywords cache-miss
1042 http fetch GET 200 https://registry.npmjs.org/ajv-keywords 91ms (cache hit)
1043 silly packumentCache full:https://registry.npmjs.org/ajv-keywords set size:310004 disposed:false
1044 silly fetch manifest @jridgewell/trace-mapping@^0.3.25
1045 silly packumentCache full:https://registry.npmjs.org/@jridgewell%2ftrace-mapping cache-miss
1046 http fetch GET 200 https://registry.npmjs.org/@jridgewell%2ftrace-mapping 455ms (cache revalidated)
1047 silly packumentCache full:https://registry.npmjs.org/@jridgewell%2ftrace-mapping set size:170909 disposed:false
1048 silly fetch manifest jest-worker@^27.4.5
1049 silly packumentCache full:https://registry.npmjs.org/jest-worker cache-miss
1050 http fetch GET 200 https://registry.npmjs.org/jest-worker 756ms (cache miss)
1051 silly packumentCache full:https://registry.npmjs.org/jest-worker set size:undefined disposed:false
1052 silly fetch manifest schema-utils@^4.3.0
1053 silly packumentCache full:https://registry.npmjs.org/schema-utils cache-hit
1054 silly fetch manifest serialize-javascript@^6.0.2
1055 silly packumentCache full:https://registry.npmjs.org/serialize-javascript cache-miss
1056 http fetch GET 200 https://registry.npmjs.org/serialize-javascript 147ms (cache miss)
1057 silly packumentCache full:https://registry.npmjs.org/serialize-javascript set size:undefined disposed:false
1058 silly fetch manifest terser@^5.31.1
1059 silly packumentCache full:https://registry.npmjs.org/terser cache-miss
1060 http fetch GET 200 https://registry.npmjs.org/terser 258ms (cache miss)
1061 silly packumentCache full:https://registry.npmjs.org/terser set size:undefined disposed:false
1062 silly placeDep ROOT @types/eslint@9.6.1 OK for: @types/eslint-scope@3.7.7 want: *
1063 silly placeDep ROOT @webassemblyjs/helper-numbers@1.13.2 OK for: @webassemblyjs/ast@1.14.1 want: 1.13.2
1064 silly placeDep ROOT @webassemblyjs/helper-wasm-bytecode@1.13.2 OK for: @webassemblyjs/ast@1.14.1 want: 1.13.2
1065 silly fetch manifest @xtuc/long@4.2.2
1066 silly packumentCache full:https://registry.npmjs.org/@xtuc%2flong cache-miss
1067 http fetch GET 200 https://registry.npmjs.org/@xtuc%2flong 161ms (cache miss)
1068 silly packumentCache full:https://registry.npmjs.org/@xtuc%2flong set size:undefined disposed:false
1069 silly fetch manifest @webassemblyjs/floating-point-hex-parser@1.13.2
1070 silly packumentCache full:https://registry.npmjs.org/@webassemblyjs%2ffloating-point-hex-parser cache-miss
1071 http fetch GET 200 https://registry.npmjs.org/@webassemblyjs%2ffloating-point-hex-parser 187ms (cache miss)
1072 silly packumentCache full:https://registry.npmjs.org/@webassemblyjs%2ffloating-point-hex-parser set size:undefined disposed:false
1073 silly placeDep ROOT @webassemblyjs/floating-point-hex-parser@1.13.2 OK for: @webassemblyjs/helper-numbers@1.13.2 want: 1.13.2
1074 silly placeDep ROOT @webassemblyjs/helper-api-error@1.13.2 OK for: @webassemblyjs/helper-numbers@1.13.2 want: 1.13.2
1075 silly placeDep ROOT @xtuc/long@4.2.2 OK for: @webassemblyjs/helper-numbers@1.13.2 want: 4.2.2
1076 silly placeDep ROOT @webassemblyjs/helper-buffer@1.14.1 OK for: @webassemblyjs/wasm-edit@1.14.1 want: 1.14.1
1077 silly placeDep ROOT @webassemblyjs/helper-wasm-section@1.14.1 OK for: @webassemblyjs/wasm-edit@1.14.1 want: 1.14.1
1078 silly placeDep ROOT @webassemblyjs/wasm-gen@1.14.1 OK for: @webassemblyjs/wasm-edit@1.14.1 want: 1.14.1
1079 silly placeDep ROOT @webassemblyjs/wasm-opt@1.14.1 OK for: @webassemblyjs/wasm-edit@1.14.1 want: 1.14.1
1080 silly placeDep ROOT @webassemblyjs/wast-printer@1.14.1 OK for: @webassemblyjs/wasm-edit@1.14.1 want: 1.14.1
1081 silly placeDep ROOT @webassemblyjs/ieee754@1.13.2 OK for: @webassemblyjs/wasm-gen@1.14.1 want: 1.13.2
1082 silly placeDep ROOT @webassemblyjs/leb128@1.13.2 OK for: @webassemblyjs/wasm-gen@1.14.1 want: 1.13.2
1083 silly placeDep ROOT @webassemblyjs/utf8@1.13.2 OK for: @webassemblyjs/wasm-gen@1.14.1 want: 1.13.2
1084 silly fetch manifest @xtuc/ieee754@^1.2.0
1085 silly packumentCache full:https://registry.npmjs.org/@xtuc%2fieee754 cache-miss
1086 http fetch GET 200 https://registry.npmjs.org/@xtuc%2fieee754 160ms (cache miss)
1087 silly packumentCache full:https://registry.npmjs.org/@xtuc%2fieee754 set size:undefined disposed:false
1088 silly placeDep ROOT @xtuc/ieee754@1.2.0 OK for: @webassemblyjs/ieee754@1.13.2 want: ^1.2.0
1089 silly fetch manifest browserslist@>= 4.21.0
1090 silly packumentCache full:https://registry.npmjs.org/browserslist cache-hit
1091 silly placeDep ROOT baseline-browser-mapping@2.9.14 OK for: browserslist@4.28.1 want: ^2.9.0
1092 silly placeDep ROOT caniuse-lite@1.0.30001764 OK for: browserslist@4.28.1 want: ^1.0.30001759
1093 silly placeDep ROOT electron-to-chromium@1.5.267 OK for: browserslist@4.28.1 want: ^1.5.263
1094 silly placeDep ROOT node-releases@2.0.27 OK for: browserslist@4.28.1 want: ^2.0.27
1095 silly placeDep ROOT update-browserslist-db@1.2.3 OK for: browserslist@4.28.1 want: ^1.2.0
1096 silly fetch manifest escalade@^3.2.0
1097 silly packumentCache full:https://registry.npmjs.org/escalade cache-miss
1098 http fetch GET 200 https://registry.npmjs.org/escalade 256ms (cache revalidated)
1099 silly packumentCache full:https://registry.npmjs.org/escalade set size:33724 disposed:false
1100 silly placeDep ROOT esrecurse@4.3.0 OK for: eslint-scope@5.1.1 want: ^4.3.0
1101 silly placeDep ROOT estraverse@4.3.0 OK for: eslint-scope@5.1.1 want: ^4.1.1
1102 silly fetch manifest estraverse@^5.2.0
1103 silly packumentCache full:https://registry.npmjs.org/estraverse cache-hit
1104 silly placeDep node_modules/esrecurse estraverse@5.3.0 OK for: esrecurse@4.3.0 want: ^5.2.0
1105 silly placeDep ROOT mime-db@1.52.0 OK for: mime-types@2.1.35 want: 1.52.0
1106 silly placeDep ROOT @jridgewell/trace-mapping@0.3.31 OK for: terser-webpack-plugin@5.3.16 want: ^0.3.25
1107 silly placeDep ROOT jest-worker@27.5.1 OK for: terser-webpack-plugin@5.3.16 want: ^27.4.5
1108 silly placeDep node_modules/terser-webpack-plugin schema-utils@4.3.3 OK for: terser-webpack-plugin@5.3.16 want: ^4.3.0
1109 silly placeDep ROOT serialize-javascript@6.0.2 OK for: terser-webpack-plugin@5.3.16 want: ^6.0.2
1110 silly placeDep ROOT terser@5.46.0 OK for: terser-webpack-plugin@5.3.16 want: ^5.31.1
1111 silly fetch manifest @jridgewell/resolve-uri@^3.1.0
1112 silly packumentCache full:https://registry.npmjs.org/@jridgewell%2fresolve-uri cache-miss
1113 http fetch GET 200 https://registry.npmjs.org/@jridgewell%2fresolve-uri 233ms (cache revalidated)
1114 silly packumentCache full:https://registry.npmjs.org/@jridgewell%2fresolve-uri set size:57361 disposed:false
1115 silly fetch manifest @types/node@*
1116 silly packumentCache full:https://registry.npmjs.org/@types%2fnode cache-miss
1117 http fetch GET 200 https://registry.npmjs.org/@types%2fnode 288ms (cache hit)
1118 silly packumentCache full:https://registry.npmjs.org/@types%2fnode set size:10797446 disposed:false
1119 silly fetch manifest merge-stream@^2.0.0
1120 silly packumentCache full:https://registry.npmjs.org/merge-stream cache-miss
1121 http fetch GET 200 https://registry.npmjs.org/merge-stream 154ms (cache miss)
1122 silly packumentCache full:https://registry.npmjs.org/merge-stream set size:undefined disposed:false
1123 silly fetch manifest supports-color@^8.0.0
1124 silly packumentCache full:https://registry.npmjs.org/supports-color cache-hit
1125 silly fetch manifest randombytes@^2.1.0
1126 silly packumentCache full:https://registry.npmjs.org/randombytes cache-miss
1127 http fetch GET 200 https://registry.npmjs.org/randombytes 128ms (cache miss)
1128 silly packumentCache full:https://registry.npmjs.org/randombytes set size:undefined disposed:false
1129 silly fetch manifest @jridgewell/source-map@^0.3.3
1130 silly packumentCache full:https://registry.npmjs.org/@jridgewell%2fsource-map cache-miss
1131 http fetch GET 200 https://registry.npmjs.org/@jridgewell%2fsource-map 140ms (cache miss)
1132 silly packumentCache full:https://registry.npmjs.org/@jridgewell%2fsource-map set size:undefined disposed:false
1133 silly fetch manifest commander@^2.20.0
1134 silly packumentCache full:https://registry.npmjs.org/commander cache-miss
1135 http fetch GET 200 https://registry.npmjs.org/commander 138ms (cache hit)
1136 silly packumentCache full:https://registry.npmjs.org/commander set size:345426 disposed:false
1137 silly fetch manifest source-map-support@~0.5.20
1138 silly packumentCache full:https://registry.npmjs.org/source-map-support cache-miss
1139 http fetch GET 200 https://registry.npmjs.org/source-map-support 163ms (cache miss)
1140 silly packumentCache full:https://registry.npmjs.org/source-map-support set size:undefined disposed:false
1141 silly placeDep ROOT @jridgewell/resolve-uri@3.1.2 OK for: @jridgewell/trace-mapping@0.3.31 want: ^3.1.0
1142 silly placeDep ROOT @types/node@25.0.9 OK for: jest-worker@27.5.1 want: *
1143 silly placeDep ROOT merge-stream@2.0.0 OK for: jest-worker@27.5.1 want: ^2.0.0
1144 silly placeDep node_modules/jest-worker supports-color@8.1.1 OK for: jest-worker@27.5.1 want: ^8.0.0
1145 silly fetch manifest undici-types@~7.16.0
1146 silly packumentCache full:https://registry.npmjs.org/undici-types cache-miss
1147 http fetch GET 200 https://registry.npmjs.org/undici-types 293ms (cache revalidated)
1148 silly packumentCache full:https://registry.npmjs.org/undici-types set size:159252 disposed:false
1149 silly placeDep ROOT undici-types@7.16.0 OK for: @types/node@25.0.9 want: ~7.16.0
1150 silly placeDep ROOT randombytes@2.1.0 OK for: serialize-javascript@6.0.2 want: ^2.1.0
1151 silly placeDep ROOT @jridgewell/source-map@0.3.11 OK for: terser@5.46.0 want: ^0.3.3
1152 silly placeDep node_modules/terser commander@2.20.3 OK for: terser@5.46.0 want: ^2.20.0
1153 silly placeDep ROOT source-map-support@0.5.21 OK for: terser@5.46.0 want: ~0.5.20
1154 silly fetch manifest @jridgewell/gen-mapping@^0.3.5
1155 silly packumentCache full:https://registry.npmjs.org/@jridgewell%2fgen-mapping cache-miss
1156 http fetch GET 200 https://registry.npmjs.org/@jridgewell%2fgen-mapping 448ms (cache revalidated)
1157 silly packumentCache full:https://registry.npmjs.org/@jridgewell%2fgen-mapping set size:80719 disposed:false
1158 silly fetch manifest buffer-from@^1.0.0
1159 silly packumentCache full:https://registry.npmjs.org/buffer-from cache-miss
1160 http fetch GET 200 https://registry.npmjs.org/buffer-from 599ms (cache miss)
1161 silly packumentCache full:https://registry.npmjs.org/buffer-from set size:undefined disposed:false
1162 silly fetch manifest source-map@^0.6.0
1163 silly packumentCache full:https://registry.npmjs.org/source-map cache-miss
1164 http fetch GET 200 https://registry.npmjs.org/source-map 497ms (cache hit)
1165 silly packumentCache full:https://registry.npmjs.org/source-map set size:226141 disposed:false
1166 silly placeDep ROOT @jridgewell/gen-mapping@0.3.13 OK for: @jridgewell/source-map@0.3.11 want: ^0.3.5
1167 silly placeDep ROOT buffer-from@1.1.2 OK for: source-map-support@0.5.21 want: ^1.0.0
1168 silly placeDep node_modules/source-map-support source-map@0.6.1 OK for: source-map-support@0.5.21 want: ^0.6.0
1169 silly placeDep ROOT escalade@3.2.0 OK for: update-browserslist-db@1.2.3 want: ^3.2.0
1170 silly placeDep ROOT @isaacs/brace-expansion@5.0.0 OK for: minimatch@10.1.1 want: ^5.0.0
1171 silly fetch manifest @isaacs/balanced-match@^4.0.1
1172 silly packumentCache full:https://registry.npmjs.org/@isaacs%2fbalanced-match cache-miss
1173 http fetch GET 200 https://registry.npmjs.org/@isaacs%2fbalanced-match 359ms (cache miss)
1174 silly packumentCache full:https://registry.npmjs.org/@isaacs%2fbalanced-match set size:undefined disposed:false
1175 silly placeDep ROOT @isaacs/balanced-match@4.0.1 OK for: @isaacs/brace-expansion@5.0.0 want: ^4.0.1
1176 silly placeDep ROOT fast-json-stable-stringify@2.1.0 OK for: ajv@6.12.6 want: ^2.0.0
1177 silly placeDep node_modules/schema-utils json-schema-traverse@0.4.1 OK for: ajv@6.12.6 want: ^0.4.1
1178 silly placeDep ROOT uri-js@4.4.1 OK for: ajv@6.12.6 want: ^4.2.2
1179 silly fetch manifest punycode@^2.1.0
1180 silly packumentCache full:https://registry.npmjs.org/punycode cache-miss
1181 http fetch GET 200 https://registry.npmjs.org/punycode 193ms (cache revalidated)
1182 silly packumentCache full:https://registry.npmjs.org/punycode set size:61302 disposed:false
1183 silly placeDep ROOT punycode@2.3.1 OK for: uri-js@4.4.1 want: ^2.1.0
1184 silly fetch manifest ajv@^8.9.0
1185 silly packumentCache full:https://registry.npmjs.org/ajv cache-miss
1186 http fetch GET 200 https://registry.npmjs.org/ajv 114ms (cache hit)
1187 silly packumentCache full:https://registry.npmjs.org/ajv set size:1126055 disposed:false
1188 silly placeDep node_modules/terser-webpack-plugin ajv-formats@2.1.1 OK for: schema-utils@4.3.3 want: ^2.1.1
1189 silly placeDep ROOT ajv-keywords@5.1.0 OK for: schema-utils@4.3.3 want: ^5.1.0
1190 silly placeDep node_modules/webpack ajv-formats@2.1.1 OK for: schema-utils@4.3.3 want: ^2.1.1
1191 silly reify moves {}
1192 silly audit bulk request {
1192 silly audit   '@nestjs/cli': [ '11.0.16' ],
1192 silly audit   '@angular-devkit/core': [ '19.2.19', '19.2.17' ],
1192 silly audit   '@angular-devkit/schematics': [ '19.2.19', '19.2.17' ],
1192 silly audit   '@angular-devkit/schematics-cli': [ '19.2.19' ],
1192 silly audit   '@inquirer/prompts': [ '7.10.1', '7.3.2' ],
1192 silly audit   '@nestjs/schematics': [ '11.0.9' ],
1192 silly audit   typescript: [ '5.9.3' ],
1192 silly audit   ansis: [ '4.2.0' ],
1192 silly audit   chokidar: [ '4.0.3' ],
1192 silly audit   'cli-table3': [ '0.6.5' ],
1192 silly audit   commander: [ '4.1.1', '2.20.3' ],
1192 silly audit   'fork-ts-checker-webpack-plugin': [ '9.1.0' ],
1192 silly audit   webpack: [ '5.104.1' ],
1192 silly audit   glob: [ '13.0.0' ],
1192 silly audit   'node-emoji': [ '1.11.0' ],
1192 silly audit   ora: [ '5.4.1' ],
1192 silly audit   'tsconfig-paths': [ '4.2.0' ],
1192 silly audit   'tsconfig-paths-webpack-plugin': [ '4.2.0' ],
1192 silly audit   'webpack-node-externals': [ '3.0.0' ],
1192 silly audit   ajv: [ '8.17.1', '6.12.6' ],
1192 silly audit   'ajv-formats': [ '3.0.1', '2.1.1' ],
1192 silly audit   'jsonc-parser': [ '3.3.1' ],
1192 silly audit   picomatch: [ '4.0.2' ],
1192 silly audit   rxjs: [ '7.8.1' ],
1192 silly audit   'source-map': [ '0.7.4', '0.6.1' ],
1192 silly audit   'magic-string': [ '0.30.17' ],
1192 silly audit   'ansi-colors': [ '4.1.3' ],
1192 silly audit   'symbol-observable': [ '4.0.0' ],
1192 silly audit   'yargs-parser': [ '21.1.1' ],
1192 silly audit   '@inquirer/checkbox': [ '4.3.2' ],
1192 silly audit   '@inquirer/confirm': [ '5.1.21' ],
1192 silly audit   '@inquirer/editor': [ '4.2.23' ],
1192 silly audit   '@inquirer/expand': [ '4.0.23' ],
1192 silly audit   '@inquirer/input': [ '4.3.1' ],
1192 silly audit   '@inquirer/number': [ '3.0.23' ],
1192 silly audit   '@inquirer/password': [ '4.0.23' ],
1192 silly audit   '@inquirer/rawlist': [ '4.1.11' ],
1192 silly audit   '@inquirer/search': [ '3.2.2' ],
1192 silly audit   '@inquirer/select': [ '4.4.2' ],
1192 silly audit   '@inquirer/ansi': [ '1.0.2' ],
1192 silly audit   '@inquirer/core': [ '10.3.2' ],
1192 silly audit   '@inquirer/figures': [ '1.0.15' ],
1192 silly audit   '@inquirer/type': [ '3.0.10' ],
1192 silly audit   'yoctocolors-cjs': [ '2.1.3' ],
1192 silly audit   'cli-width': [ '4.1.0' ],
1192 silly audit   'mute-stream': [ '2.0.0' ],
1192 silly audit   'signal-exit': [ '4.1.0', '3.0.7' ],
1192 silly audit   'wrap-ansi': [ '6.2.0' ],
1192 silly audit   '@inquirer/external-editor': [ '1.0.3' ],
1192 silly audit   chardet: [ '2.1.1' ],
1192 silly audit   'iconv-lite': [ '0.7.2' ],
1192 silly audit   'comment-json': [ '4.4.1' ],
1192 silly audit   pluralize: [ '8.0.0' ],
1192 silly audit   'fast-deep-equal': [ '3.1.3' ],
1192 silly audit   'fast-uri': [ '3.1.0' ],
1192 silly audit   'json-schema-traverse': [ '1.0.0', '0.4.1' ],
1192 silly audit   'require-from-string': [ '2.0.2' ],
1192 silly audit   readdirp: [ '4.1.2' ],
1192 silly audit   '@colors/colors': [ '1.5.0' ],
1192 silly audit   'string-width': [ '4.2.3' ],
1192 silly audit   'array-timsort': [ '1.0.3' ],
1192 silly audit   'core-util-is': [ '1.0.3' ],
1192 silly audit   esprima: [ '4.0.1' ],
1192 silly audit   '@babel/code-frame': [ '7.28.6' ],
1192 silly audit   chalk: [ '4.1.2' ],
1192 silly audit   cosmiconfig: [ '8.3.6' ],
1192 silly audit   deepmerge: [ '4.3.1' ],
1192 silly audit   'fs-extra': [ '10.1.0' ],
1192 silly audit   memfs: [ '3.5.3' ],
1192 silly audit   minimatch: [ '3.1.2', '10.1.1' ],
1192 silly audit   'node-abort-controller': [ '3.1.1' ],
1192 silly audit   'schema-utils': [ '3.3.0', '4.3.3' ],
1192 silly audit   semver: [ '7.7.3' ],
1192 silly audit   tapable: [ '2.3.0' ],
1192 silly audit   '@babel/helper-validator-identifier': [ '7.28.5' ],
1192 silly audit   'js-tokens': [ '4.0.0' ],
1192 silly audit   picocolors: [ '1.1.1' ],
1192 silly audit   'ansi-styles': [ '4.3.0' ],
1192 silly audit   'supports-color': [ '7.2.0', '8.1.1' ],
1192 silly audit   'color-convert': [ '2.0.1' ],
1192 silly audit   'color-name': [ '1.1.4' ],
1192 silly audit   'import-fresh': [ '3.3.1' ],
1192 silly audit   'js-yaml': [ '4.1.1' ],
1192 silly audit   'parse-json': [ '5.2.0' ],
1192 silly audit   'path-type': [ '4.0.0' ],
1192 silly audit   'graceful-fs': [ '4.2.11' ],
1192 silly audit   jsonfile: [ '6.2.0' ],
1192 silly audit   universalify: [ '2.0.1' ],
1192 silly audit   minipass: [ '7.1.2' ],
1192 silly audit   'path-scurry': [ '2.0.1' ],
1192 silly audit   'safer-buffer': [ '2.1.2' ],
1192 silly audit   'parent-module': [ '1.0.1' ],
1192 silly audit   'resolve-from': [ '4.0.0' ],
1192 silly audit   argparse: [ '2.0.1' ],
1192 silly audit   '@jridgewell/sourcemap-codec': [ '1.5.5' ],
1192 silly audit   'fs-monkey': [ '1.1.0' ],
1192 silly audit   'brace-expansion': [ '1.1.12' ],
1192 silly audit   'balanced-match': [ '1.0.2' ],
1192 silly audit   'concat-map': [ '0.0.1' ],
1192 silly audit   lodash: [ '4.17.21' ],
1192 silly audit   bl: [ '4.1.0' ],
1192 silly audit   'cli-cursor': [ '3.1.0' ],
1192 silly audit   'cli-spinners': [ '2.9.2' ],
1192 silly audit   'is-interactive': [ '1.0.0' ],
1192 silly audit   'is-unicode-supported': [ '0.1.0' ],
1192 silly audit   'log-symbols': [ '4.1.0' ],
1192 silly audit   'strip-ansi': [ '6.0.1' ],
1192 silly audit   wcwidth: [ '1.0.1' ],
1192 silly audit   buffer: [ '5.7.1' ],
1192 silly audit   inherits: [ '2.0.4' ],
1192 silly audit   'readable-stream': [ '3.6.2' ],
1192 silly audit   'base64-js': [ '1.5.1' ],
1192 silly audit   ieee754: [ '1.2.1' ],
1192 silly audit   'restore-cursor': [ '3.1.0' ],
1192 silly audit   callsites: [ '3.1.0' ],
1192 silly audit   'error-ex': [ '1.3.4' ],
1192 silly audit   'json-parse-even-better-errors': [ '2.3.1' ],
1192 silly audit   'lines-and-columns': [ '1.2.4' ],
1192 silly audit   'is-arrayish': [ '0.2.1' ],
1192 silly audit   'lru-cache': [ '11.2.4' ],
1192 silly audit   string_decoder: [ '1.3.0' ],
1192 silly audit   'util-deprecate': [ '1.0.2' ],
1192 silly audit   onetime: [ '5.1.2' ],
1192 silly audit   'mimic-fn': [ '2.1.0' ],
1192 silly audit   tslib: [ '2.8.1' ],
1192 silly audit   '@types/json-schema': [ '7.0.15' ],
1192 silly audit   'ajv-keywords': [ '3.5.2', '5.1.0' ],
1192 silly audit   'safe-buffer': [ '5.2.1' ],
1192 silly audit   'emoji-regex': [ '8.0.0' ],
1192 silly audit   'is-fullwidth-code-point': [ '3.0.0' ],
1192 silly audit   'ansi-regex': [ '5.0.1' ],
1192 silly audit   'has-flag': [ '4.0.0' ],
1192 silly audit   json5: [ '2.2.3' ],
1192 silly audit   minimist: [ '1.2.8' ],
1192 silly audit   'strip-bom': [ '3.0.0' ],
1192 silly audit   'enhanced-resolve': [ '5.18.4' ],
1192 silly audit   defaults: [ '1.0.4' ],
1192 silly audit   clone: [ '1.0.4' ],
1192 silly audit   '@types/eslint-scope': [ '3.7.7' ],
1192 silly audit   '@types/estree': [ '1.0.8' ],
1192 silly audit   '@webassemblyjs/ast': [ '1.14.1' ],
1192 silly audit   '@webassemblyjs/wasm-edit': [ '1.14.1' ],
1192 silly audit   '@webassemblyjs/wasm-parser': [ '1.14.1' ],
1192 silly audit   acorn: [ '8.15.0' ],
1192 silly audit   'acorn-import-phases': [ '1.0.4' ],
1192 silly audit   browserslist: [ '4.28.1' ],
1192 silly audit   'chrome-trace-event': [ '1.0.4' ],
1192 silly audit   'es-module-lexer': [ '2.0.0' ],
1192 silly audit   'eslint-scope': [ '5.1.1' ],
1192 silly audit   events: [ '3.3.0' ],
1192 silly audit   'glob-to-regexp': [ '0.4.1' ],
1192 silly audit   'loader-runner': [ '4.3.1' ],
1192 silly audit   'mime-types': [ '2.1.35' ],
1192 silly audit   'neo-async': [ '2.6.2' ],
1192 silly audit   'terser-webpack-plugin': [ '5.3.16' ],
1192 silly audit   watchpack: [ '2.5.1' ],
1192 silly audit   'webpack-sources': [ '3.3.3' ],
1192 silly audit   '@types/eslint': [ '9.6.1' ],
1192 silly audit   '@webassemblyjs/helper-numbers': [ '1.13.2' ],
1192 silly audit   '@webassemblyjs/helper-wasm-bytecode': [ '1.13.2' ],
1192 silly audit   '@webassemblyjs/floating-point-hex-parser': [ '1.13.2' ],
1192 silly audit   '@webassemblyjs/helper-api-error': [ '1.13.2' ],
1192 silly audit   '@xtuc/long': [ '4.2.2' ],
1192 silly audit   '@webassemblyjs/helper-buffer': [ '1.14.1' ],
1192 silly audit   '@webassemblyjs/helper-wasm-section': [ '1.14.1' ],
1192 silly audit   '@webassemblyjs/wasm-gen': [ '1.14.1' ],
1192 silly audit   '@webassemblyjs/wasm-opt': [ '1.14.1' ],
1192 silly audit   '@webassemblyjs/wast-printer': [ '1.14.1' ],
1192 silly audit   '@webassemblyjs/ieee754': [ '1.13.2' ],
1192 silly audit   '@webassemblyjs/leb128': [ '1.13.2' ],
1192 silly audit   '@webassemblyjs/utf8': [ '1.13.2' ],
1192 silly audit   '@xtuc/ieee754': [ '1.2.0' ],
1192 silly audit   'baseline-browser-mapping': [ '2.9.14' ],
1192 silly audit   'caniuse-lite': [ '1.0.30001764' ],
1192 silly audit   'electron-to-chromium': [ '1.5.267' ],
1192 silly audit   'node-releases': [ '2.0.27' ],
1192 silly audit   'update-browserslist-db': [ '1.2.3' ],
1192 silly audit   esrecurse: [ '4.3.0' ],
1192 silly audit   estraverse: [ '4.3.0', '5.3.0' ],
1192 silly audit   'mime-db': [ '1.52.0' ],
1192 silly audit   '@jridgewell/trace-mapping': [ '0.3.31' ],
1192 silly audit   'jest-worker': [ '27.5.1' ],
1192 silly audit   'serialize-javascript': [ '6.0.2' ],
1192 silly audit   terser: [ '5.46.0' ],
1192 silly audit   '@jridgewell/resolve-uri': [ '3.1.2' ],
1192 silly audit   '@types/node': [ '25.0.9' ],
1192 silly audit   'merge-stream': [ '2.0.0' ],
1192 silly audit   'undici-types': [ '7.16.0' ],
1192 silly audit   randombytes: [ '2.1.0' ],
1192 silly audit   '@jridgewell/source-map': [ '0.3.11' ],
1192 silly audit   'source-map-support': [ '0.5.21' ],
1192 silly audit   '@jridgewell/gen-mapping': [ '0.3.13' ],
1192 silly audit   'buffer-from': [ '1.1.2' ],
1192 silly audit   escalade: [ '3.2.0' ],
1192 silly audit   '@isaacs/brace-expansion': [ '5.0.0' ],
1192 silly audit   '@isaacs/balanced-match': [ '4.0.1' ],
1192 silly audit   'fast-json-stable-stringify': [ '2.1.0' ],
1192 silly audit   'uri-js': [ '4.4.1' ],
1192 silly audit   punycode: [ '2.3.1' ]
1192 silly audit }
1193 http fetch POST 200 https://registry.npmjs.org/-/npm/v1/security/advisories/bulk 1276ms
1194 silly audit report {}
1195 silly tarball no local data for @isaacs/balanced-match@https://registry.npmjs.org/@isaacs/balanced-match/-/balanced-match-4.0.1.tgz. Extracting by manifest.
1196 silly tarball no local data for ajv-keywords@https://registry.npmjs.org/ajv-keywords/-/ajv-keywords-5.1.0.tgz. Extracting by manifest.
1197 silly tarball no local data for buffer-from@https://registry.npmjs.org/buffer-from/-/buffer-from-1.1.2.tgz. Extracting by manifest.
1198 silly tarball no local data for @isaacs/brace-expansion@https://registry.npmjs.org/@isaacs/brace-expansion/-/brace-expansion-5.0.0.tgz. Extracting by manifest.
1199 silly tarball no local data for randombytes@https://registry.npmjs.org/randombytes/-/randombytes-2.1.0.tgz. Extracting by manifest.
1200 silly tarball no local data for source-map-support@https://registry.npmjs.org/source-map-support/-/source-map-support-0.5.21.tgz. Extracting by manifest.
1201 silly tarball no local data for terser@https://registry.npmjs.org/terser/-/terser-5.46.0.tgz. Extracting by manifest.
1202 silly tarball no local data for undici-types@https://registry.npmjs.org/undici-types/-/undici-types-7.16.0.tgz. Extracting by manifest.
1203 silly tarball no local data for merge-stream@https://registry.npmjs.org/merge-stream/-/merge-stream-2.0.0.tgz. Extracting by manifest.
1204 silly tarball no local data for serialize-javascript@https://registry.npmjs.org/serialize-javascript/-/serialize-javascript-6.0.2.tgz. Extracting by manifest.
1205 silly tarball no local data for @jridgewell/source-map@https://registry.npmjs.org/@jridgewell/source-map/-/source-map-0.3.11.tgz. Extracting by manifest.
1206 silly tarball no local data for jest-worker@https://registry.npmjs.org/jest-worker/-/jest-worker-27.5.1.tgz. Extracting by manifest.
1207 silly tarball no local data for @types/node@https://registry.npmjs.org/@types/node/-/node-25.0.9.tgz. Extracting by manifest.
1208 silly tarball no local data for estraverse@https://registry.npmjs.org/estraverse/-/estraverse-4.3.0.tgz. Extracting by manifest.
1209 silly tarball no local data for mime-db@https://registry.npmjs.org/mime-db/-/mime-db-1.52.0.tgz. Extracting by manifest.
1210 silly tarball no local data for @xtuc/ieee754@https://registry.npmjs.org/@xtuc/ieee754/-/ieee754-1.2.0.tgz. Extracting by manifest.
1211 silly tarball no local data for @webassemblyjs/ieee754@https://registry.npmjs.org/@webassemblyjs/ieee754/-/ieee754-1.13.2.tgz. Extracting by manifest.
1212 silly tarball no local data for @webassemblyjs/wasm-opt@https://registry.npmjs.org/@webassemblyjs/wasm-opt/-/wasm-opt-1.14.1.tgz. Extracting by manifest.
1213 silly tarball no local data for @webassemblyjs/helper-wasm-section@https://registry.npmjs.org/@webassemblyjs/helper-wasm-section/-/helper-wasm-section-1.14.1.tgz. Extracting by manifest.
1214 silly tarball no local data for @webassemblyjs/utf8@https://registry.npmjs.org/@webassemblyjs/utf8/-/utf8-1.13.2.tgz. Extracting by manifest.
1215 silly tarball no local data for @webassemblyjs/leb128@https://registry.npmjs.org/@webassemblyjs/leb128/-/leb128-1.13.2.tgz. Extracting by manifest.
1216 silly tarball no local data for @webassemblyjs/floating-point-hex-parser@https://registry.npmjs.org/@webassemblyjs/floating-point-hex-parser/-/floating-point-hex-parser-1.13.2.tgz. Extracting by manifest.
1217 silly tarball no local data for @webassemblyjs/wast-printer@https://registry.npmjs.org/@webassemblyjs/wast-printer/-/wast-printer-1.14.1.tgz. Extracting by manifest.
1218 silly tarball no local data for @webassemblyjs/wasm-gen@https://registry.npmjs.org/@webassemblyjs/wasm-gen/-/wasm-gen-1.14.1.tgz. Extracting by manifest.
1219 silly tarball no local data for webpack-sources@https://registry.npmjs.org/webpack-sources/-/webpack-sources-3.3.3.tgz. Extracting by manifest.
1220 silly tarball no local data for @webassemblyjs/helper-api-error@https://registry.npmjs.org/@webassemblyjs/helper-api-error/-/helper-api-error-1.13.2.tgz. Extracting by manifest.
1221 silly tarball no local data for @webassemblyjs/helper-buffer@https://registry.npmjs.org/@webassemblyjs/helper-buffer/-/helper-buffer-1.14.1.tgz. Extracting by manifest.
1222 silly tarball no local data for watchpack@https://registry.npmjs.org/watchpack/-/watchpack-2.5.1.tgz. Extracting by manifest.
1223 silly tarball no local data for @xtuc/long@https://registry.npmjs.org/@xtuc/long/-/long-4.2.2.tgz. Extracting by manifest.
1224 silly tarball no local data for neo-async@https://registry.npmjs.org/neo-async/-/neo-async-2.6.2.tgz. Extracting by manifest.
1225 silly tarball no local data for @webassemblyjs/helper-numbers@https://registry.npmjs.org/@webassemblyjs/helper-numbers/-/helper-numbers-1.13.2.tgz. Extracting by manifest.
1226 silly tarball no local data for @webassemblyjs/helper-wasm-bytecode@https://registry.npmjs.org/@webassemblyjs/helper-wasm-bytecode/-/helper-wasm-bytecode-1.13.2.tgz. Extracting by manifest.
1227 silly tarball no local data for glob-to-regexp@https://registry.npmjs.org/glob-to-regexp/-/glob-to-regexp-0.4.1.tgz. Extracting by manifest.
1228 silly tarball no local data for loader-runner@https://registry.npmjs.org/loader-runner/-/loader-runner-4.3.1.tgz. Extracting by manifest.
1229 silly tarball no local data for terser-webpack-plugin@https://registry.npmjs.org/terser-webpack-plugin/-/terser-webpack-plugin-5.3.16.tgz. Extracting by manifest.
1230 silly tarball no local data for @types/eslint@https://registry.npmjs.org/@types/eslint/-/eslint-9.6.1.tgz. Extracting by manifest.
1231 silly tarball no local data for mime-types@https://registry.npmjs.org/mime-types/-/mime-types-2.1.35.tgz. Extracting by manifest.
1232 silly tarball no local data for events@https://registry.npmjs.org/events/-/events-3.3.0.tgz. Extracting by manifest.
1233 silly tarball no local data for es-module-lexer@https://registry.npmjs.org/es-module-lexer/-/es-module-lexer-2.0.0.tgz. Extracting by manifest.
1234 silly tarball no local data for eslint-scope@https://registry.npmjs.org/eslint-scope/-/eslint-scope-5.1.1.tgz. Extracting by manifest.
1235 silly tarball no local data for chrome-trace-event@https://registry.npmjs.org/chrome-trace-event/-/chrome-trace-event-1.0.4.tgz. Extracting by manifest.
1236 silly tarball no local data for acorn-import-phases@https://registry.npmjs.org/acorn-import-phases/-/acorn-import-phases-1.0.4.tgz. Extracting by manifest.
1237 silly tarball no local data for @webassemblyjs/wasm-edit@https://registry.npmjs.org/@webassemblyjs/wasm-edit/-/wasm-edit-1.14.1.tgz. Extracting by manifest.
1238 silly tarball no local data for @webassemblyjs/ast@https://registry.npmjs.org/@webassemblyjs/ast/-/ast-1.14.1.tgz. Extracting by manifest.
1239 silly tarball no local data for clone@https://registry.npmjs.org/clone/-/clone-1.0.4.tgz. Extracting by manifest.
1240 silly tarball no local data for defaults@https://registry.npmjs.org/defaults/-/defaults-1.0.4.tgz. Extracting by manifest.
1241 silly tarball no local data for @webassemblyjs/wasm-parser@https://registry.npmjs.org/@webassemblyjs/wasm-parser/-/wasm-parser-1.14.1.tgz. Extracting by manifest.
1242 silly tarball no local data for @types/eslint-scope@https://registry.npmjs.org/@types/eslint-scope/-/eslint-scope-3.7.7.tgz. Extracting by manifest.
1243 silly tarball no local data for enhanced-resolve@https://registry.npmjs.org/enhanced-resolve/-/enhanced-resolve-5.18.4.tgz. Extracting by manifest.
1244 silly tarball no local data for is-fullwidth-code-point@https://registry.npmjs.org/is-fullwidth-code-point/-/is-fullwidth-code-point-3.0.0.tgz. Extracting by manifest.
1245 silly tarball no local data for emoji-regex@https://registry.npmjs.org/emoji-regex/-/emoji-regex-8.0.0.tgz. Extracting by manifest.
1246 silly tarball no local data for safe-buffer@https://registry.npmjs.org/safe-buffer/-/safe-buffer-5.2.1.tgz. Extracting by manifest.
1247 silly tarball no local data for ansi-regex@https://registry.npmjs.org/ansi-regex/-/ansi-regex-5.0.1.tgz. Extracting by manifest.
1248 silly tarball no local data for mimic-fn@https://registry.npmjs.org/mimic-fn/-/mimic-fn-2.1.0.tgz. Extracting by manifest.
1249 silly tarball no local data for onetime@https://registry.npmjs.org/onetime/-/onetime-5.1.2.tgz. Extracting by manifest.
1250 silly tarball no local data for string_decoder@https://registry.npmjs.org/string_decoder/-/string_decoder-1.3.0.tgz. Extracting by manifest.
1251 silly tarball no local data for lines-and-columns@https://registry.npmjs.org/lines-and-columns/-/lines-and-columns-1.2.4.tgz. Extracting by manifest.
1252 silly tarball no local data for lru-cache@https://registry.npmjs.org/lru-cache/-/lru-cache-11.2.4.tgz. Extracting by manifest.
1253 silly tarball no local data for util-deprecate@https://registry.npmjs.org/util-deprecate/-/util-deprecate-1.0.2.tgz. Extracting by manifest.
1254 silly tarball no local data for json-parse-even-better-errors@https://registry.npmjs.org/json-parse-even-better-errors/-/json-parse-even-better-errors-2.3.1.tgz. Extracting by manifest.
1255 silly tarball no local data for error-ex@https://registry.npmjs.org/error-ex/-/error-ex-1.3.4.tgz. Extracting by manifest.
1256 silly tarball no local data for is-arrayish@https://registry.npmjs.org/is-arrayish/-/is-arrayish-0.2.1.tgz. Extracting by manifest.
1257 silly tarball no local data for strip-ansi@https://registry.npmjs.org/strip-ansi/-/strip-ansi-6.0.1.tgz. Extracting by manifest.
1258 silly tarball no local data for restore-cursor@https://registry.npmjs.org/restore-cursor/-/restore-cursor-3.1.0.tgz. Extracting by manifest.
1259 silly tarball no local data for ieee754@https://registry.npmjs.org/ieee754/-/ieee754-1.2.1.tgz. Extracting by manifest.
1260 silly tarball no local data for inherits@https://registry.npmjs.org/inherits/-/inherits-2.0.4.tgz. Extracting by manifest.
1261 silly tarball no local data for base64-js@https://registry.npmjs.org/base64-js/-/base64-js-1.5.1.tgz. Extracting by manifest.
1262 silly tarball no local data for readable-stream@https://registry.npmjs.org/readable-stream/-/readable-stream-3.6.2.tgz. Extracting by manifest.
1263 silly tarball no local data for is-interactive@https://registry.npmjs.org/is-interactive/-/is-interactive-1.0.0.tgz. Extracting by manifest.
1264 silly tarball no local data for wcwidth@https://registry.npmjs.org/wcwidth/-/wcwidth-1.0.1.tgz. Extracting by manifest.
1265 silly tarball no local data for log-symbols@https://registry.npmjs.org/log-symbols/-/log-symbols-4.1.0.tgz. Extracting by manifest.
1266 silly tarball no local data for lodash@https://registry.npmjs.org/lodash/-/lodash-4.17.21.tgz. Extracting by manifest.
1267 silly tarball no local data for is-unicode-supported@https://registry.npmjs.org/is-unicode-supported/-/is-unicode-supported-0.1.0.tgz. Extracting by manifest.
1268 silly tarball no local data for buffer@https://registry.npmjs.org/buffer/-/buffer-5.7.1.tgz. Extracting by manifest.
1269 silly tarball no local data for cli-spinners@https://registry.npmjs.org/cli-spinners/-/cli-spinners-2.9.2.tgz. Extracting by manifest.
1270 silly tarball no local data for cli-cursor@https://registry.npmjs.org/cli-cursor/-/cli-cursor-3.1.0.tgz. Extracting by manifest.
1271 silly tarball no local data for bl@https://registry.npmjs.org/bl/-/bl-4.1.0.tgz. Extracting by manifest.
1272 silly tarball no local data for fs-monkey@https://registry.npmjs.org/fs-monkey/-/fs-monkey-1.1.0.tgz. Extracting by manifest.
1273 silly tarball no local data for safer-buffer@https://registry.npmjs.org/safer-buffer/-/safer-buffer-2.1.2.tgz. Extracting by manifest.
1274 silly tarball no local data for path-scurry@https://registry.npmjs.org/path-scurry/-/path-scurry-2.0.1.tgz. Extracting by manifest.
1275 silly tarball no local data for jsonfile@https://registry.npmjs.org/jsonfile/-/jsonfile-6.2.0.tgz. Extracting by manifest.
1276 silly tarball no local data for universalify@https://registry.npmjs.org/universalify/-/universalify-2.0.1.tgz. Extracting by manifest.
1277 silly tarball no local data for graceful-fs@https://registry.npmjs.org/graceful-fs/-/graceful-fs-4.2.11.tgz. Extracting by manifest.
1278 silly tarball no local data for parse-json@https://registry.npmjs.org/parse-json/-/parse-json-5.2.0.tgz. Extracting by manifest.
1279 silly tarball no local data for minipass@https://registry.npmjs.org/minipass/-/minipass-7.1.2.tgz. Extracting by manifest.
1280 silly tarball no local data for path-type@https://registry.npmjs.org/path-type/-/path-type-4.0.0.tgz. Extracting by manifest.
1281 silly tarball no local data for tapable@https://registry.npmjs.org/tapable/-/tapable-2.3.0.tgz. Extracting by manifest.
1282 silly tarball no local data for schema-utils@https://registry.npmjs.org/schema-utils/-/schema-utils-3.3.0.tgz. Extracting by manifest.
1283 silly tarball no local data for node-abort-controller@https://registry.npmjs.org/node-abort-controller/-/node-abort-controller-3.1.1.tgz. Extracting by manifest.
1284 silly tarball no local data for fs-extra@https://registry.npmjs.org/fs-extra/-/fs-extra-10.1.0.tgz. Extracting by manifest.
1285 silly tarball no local data for memfs@https://registry.npmjs.org/memfs/-/memfs-3.5.3.tgz. Extracting by manifest.
1286 silly tarball no local data for deepmerge@https://registry.npmjs.org/deepmerge/-/deepmerge-4.3.1.tgz. Extracting by manifest.
1287 silly tarball no local data for cosmiconfig@https://registry.npmjs.org/cosmiconfig/-/cosmiconfig-8.3.6.tgz. Extracting by manifest.
1288 silly tarball no local data for esprima@https://registry.npmjs.org/esprima/-/esprima-4.0.1.tgz. Extracting by manifest.
1289 silly tarball no local data for core-util-is@https://registry.npmjs.org/core-util-is/-/core-util-is-1.0.3.tgz. Extracting by manifest.
1290 silly tarball no local data for readdirp@https://registry.npmjs.org/readdirp/-/readdirp-4.1.2.tgz. Extracting by manifest.
1291 silly tarball no local data for string-width@https://registry.npmjs.org/string-width/-/string-width-4.2.3.tgz. Extracting by manifest.
1292 silly tarball no local data for fast-uri@https://registry.npmjs.org/fast-uri/-/fast-uri-3.1.0.tgz. Extracting by manifest.
1293 silly tarball no local data for comment-json@https://registry.npmjs.org/comment-json/-/comment-json-4.4.1.tgz. Extracting by manifest.
1294 silly tarball no local data for @colors/colors@https://registry.npmjs.org/@colors/colors/-/colors-1.5.0.tgz. Extracting by manifest.
1295 silly tarball no local data for pluralize@https://registry.npmjs.org/pluralize/-/pluralize-8.0.0.tgz. Extracting by manifest.
1296 silly tarball no local data for chardet@https://registry.npmjs.org/chardet/-/chardet-2.1.1.tgz. Extracting by manifest.
1297 silly tarball no local data for iconv-lite@https://registry.npmjs.org/iconv-lite/-/iconv-lite-0.7.2.tgz. Extracting by manifest.
1298 silly tarball no local data for wrap-ansi@https://registry.npmjs.org/wrap-ansi/-/wrap-ansi-6.2.0.tgz. Extracting by manifest.
1299 silly tarball no local data for array-timsort@https://registry.npmjs.org/array-timsort/-/array-timsort-1.0.3.tgz. Extracting by manifest.
1300 silly tarball no local data for mute-stream@https://registry.npmjs.org/mute-stream/-/mute-stream-2.0.0.tgz. Extracting by manifest.
1301 silly tarball no local data for require-from-string@https://registry.npmjs.org/require-from-string/-/require-from-string-2.0.2.tgz. Extracting by manifest.
1302 silly tarball no local data for yoctocolors-cjs@https://registry.npmjs.org/yoctocolors-cjs/-/yoctocolors-cjs-2.1.3.tgz. Extracting by manifest.
1303 silly tarball no local data for cli-width@https://registry.npmjs.org/cli-width/-/cli-width-4.1.0.tgz. Extracting by manifest.
1304 silly tarball no local data for signal-exit@https://registry.npmjs.org/signal-exit/-/signal-exit-4.1.0.tgz. Extracting by manifest.
1305 silly tarball no local data for json-schema-traverse@https://registry.npmjs.org/json-schema-traverse/-/json-schema-traverse-1.0.0.tgz. Extracting by manifest.
1306 silly tarball no local data for @inquirer/core@https://registry.npmjs.org/@inquirer/core/-/core-10.3.2.tgz. Extracting by manifest.
1307 silly tarball no local data for @inquirer/search@https://registry.npmjs.org/@inquirer/search/-/search-3.2.2.tgz. Extracting by manifest.
1308 silly tarball no local data for @inquirer/external-editor@https://registry.npmjs.org/@inquirer/external-editor/-/external-editor-1.0.3.tgz. Extracting by manifest.
1309 silly tarball no local data for @inquirer/figures@https://registry.npmjs.org/@inquirer/figures/-/figures-1.0.15.tgz. Extracting by manifest.
1310 silly tarball no local data for @inquirer/rawlist@https://registry.npmjs.org/@inquirer/rawlist/-/rawlist-4.1.11.tgz. Extracting by manifest.
1311 silly tarball no local data for @inquirer/number@https://registry.npmjs.org/@inquirer/number/-/number-3.0.23.tgz. Extracting by manifest.
1312 silly tarball no local data for @inquirer/password@https://registry.npmjs.org/@inquirer/password/-/password-4.0.23.tgz. Extracting by manifest.
1313 silly tarball no local data for @inquirer/input@https://registry.npmjs.org/@inquirer/input/-/input-4.3.1.tgz. Extracting by manifest.
1314 silly tarball no local data for @inquirer/expand@https://registry.npmjs.org/@inquirer/expand/-/expand-4.0.23.tgz. Extracting by manifest.
1315 silly tarball no local data for @inquirer/editor@https://registry.npmjs.org/@inquirer/editor/-/editor-4.2.23.tgz. Extracting by manifest.
1316 silly tarball no local data for @inquirer/confirm@https://registry.npmjs.org/@inquirer/confirm/-/confirm-5.1.21.tgz. Extracting by manifest.
1317 silly tarball no local data for @inquirer/checkbox@https://registry.npmjs.org/@inquirer/checkbox/-/checkbox-4.3.2.tgz. Extracting by manifest.
1318 silly tarball no local data for yargs-parser@https://registry.npmjs.org/yargs-parser/-/yargs-parser-21.1.1.tgz. Extracting by manifest.
1319 silly tarball no local data for @inquirer/type@https://registry.npmjs.org/@inquirer/type/-/type-3.0.10.tgz. Extracting by manifest.
1320 silly tarball no local data for @inquirer/ansi@https://registry.npmjs.org/@inquirer/ansi/-/ansi-1.0.2.tgz. Extracting by manifest.
1321 silly tarball no local data for magic-string@https://registry.npmjs.org/magic-string/-/magic-string-0.30.17.tgz. Extracting by manifest.
1322 silly tarball no local data for symbol-observable@https://registry.npmjs.org/symbol-observable/-/symbol-observable-4.0.0.tgz. Extracting by manifest.
1323 silly tarball no local data for picomatch@https://registry.npmjs.org/picomatch/-/picomatch-4.0.2.tgz. Extracting by manifest.
1324 silly tarball no local data for @inquirer/select@https://registry.npmjs.org/@inquirer/select/-/select-4.4.2.tgz. Extracting by manifest.
1325 silly tarball no local data for rxjs@https://registry.npmjs.org/rxjs/-/rxjs-7.8.1.tgz. Extracting by manifest.
1326 silly tarball no local data for ajv-formats@https://registry.npmjs.org/ajv-formats/-/ajv-formats-3.0.1.tgz. Extracting by manifest.
1327 silly tarball no local data for ora@https://registry.npmjs.org/ora/-/ora-5.4.1.tgz. Extracting by manifest.
1328 silly tarball no local data for webpack-node-externals@https://registry.npmjs.org/webpack-node-externals/-/webpack-node-externals-3.0.0.tgz. Extracting by manifest.
1329 silly tarball no local data for tsconfig-paths@https://registry.npmjs.org/tsconfig-paths/-/tsconfig-paths-4.2.0.tgz. Extracting by manifest.
1330 silly tarball no local data for tsconfig-paths-webpack-plugin@https://registry.npmjs.org/tsconfig-paths-webpack-plugin/-/tsconfig-paths-webpack-plugin-4.2.0.tgz. Extracting by manifest.
1331 silly tarball no local data for ajv@https://registry.npmjs.org/ajv/-/ajv-8.17.1.tgz. Extracting by manifest.
1332 silly tarball no local data for node-emoji@https://registry.npmjs.org/node-emoji/-/node-emoji-1.11.0.tgz. Extracting by manifest.
1333 silly tarball no local data for ansi-colors@https://registry.npmjs.org/ansi-colors/-/ansi-colors-4.1.3.tgz. Extracting by manifest.
1334 silly tarball no local data for commander@https://registry.npmjs.org/commander/-/commander-4.1.1.tgz. Extracting by manifest.
1335 silly tarball no local data for source-map@https://registry.npmjs.org/source-map/-/source-map-0.7.4.tgz. Extracting by manifest.
1336 silly tarball no local data for webpack@https://registry.npmjs.org/webpack/-/webpack-5.104.1.tgz. Extracting by manifest.
1337 silly tarball no local data for jsonc-parser@https://registry.npmjs.org/jsonc-parser/-/jsonc-parser-3.3.1.tgz. Extracting by manifest.
1338 silly tarball no local data for fork-ts-checker-webpack-plugin@https://registry.npmjs.org/fork-ts-checker-webpack-plugin/-/fork-ts-checker-webpack-plugin-9.1.0.tgz. Extracting by manifest.
1339 silly tarball no local data for chokidar@https://registry.npmjs.org/chokidar/-/chokidar-4.0.3.tgz. Extracting by manifest.
1340 silly tarball no local data for ansis@https://registry.npmjs.org/ansis/-/ansis-4.2.0.tgz. Extracting by manifest.
1341 silly tarball no local data for cli-table3@https://registry.npmjs.org/cli-table3/-/cli-table3-0.6.5.tgz. Extracting by manifest.
1342 silly tarball no local data for glob@https://registry.npmjs.org/glob/-/glob-13.0.0.tgz. Extracting by manifest.
1343 silly tarball no local data for @nestjs/schematics@https://registry.npmjs.org/@nestjs/schematics/-/schematics-11.0.9.tgz. Extracting by manifest.
1344 silly tarball no local data for @angular-devkit/schematics@https://registry.npmjs.org/@angular-devkit/schematics/-/schematics-19.2.19.tgz. Extracting by manifest.
1345 silly tarball no local data for @nestjs/cli@https://registry.npmjs.org/@nestjs/cli/-/cli-11.0.16.tgz. Extracting by manifest.
1346 silly tarball no local data for @angular-devkit/schematics-cli@https://registry.npmjs.org/@angular-devkit/schematics-cli/-/schematics-cli-19.2.19.tgz. Extracting by manifest.
1347 silly tarball no local data for @angular-devkit/core@https://registry.npmjs.org/@angular-devkit/core/-/core-19.2.19.tgz. Extracting by manifest.
1348 silly tarball no local data for @inquirer/prompts@https://registry.npmjs.org/@inquirer/prompts/-/prompts-7.10.1.tgz. Extracting by manifest.
1349 silly tarball no local data for supports-color@https://registry.npmjs.org/supports-color/-/supports-color-8.1.1.tgz. Extracting by manifest.
1350 silly tarball no local data for commander@https://registry.npmjs.org/commander/-/commander-2.20.3.tgz. Extracting by manifest.
1351 silly tarball no local data for source-map@https://registry.npmjs.org/source-map/-/source-map-0.6.1.tgz. Extracting by manifest.
1352 silly tarball no local data for schema-utils@https://registry.npmjs.org/schema-utils/-/schema-utils-4.3.3.tgz. Extracting by manifest.
1353 silly tarball no local data for ajv-formats@https://registry.npmjs.org/ajv-formats/-/ajv-formats-2.1.1.tgz. Extracting by manifest.
1354 silly tarball no local data for ajv-keywords@https://registry.npmjs.org/ajv-keywords/-/ajv-keywords-3.5.2.tgz. Extracting by manifest.
1355 silly tarball no local data for signal-exit@https://registry.npmjs.org/signal-exit/-/signal-exit-3.0.7.tgz. Extracting by manifest.
1356 silly tarball no local data for minimatch@https://registry.npmjs.org/minimatch/-/minimatch-10.1.1.tgz. Extracting by manifest.
1357 silly tarball no local data for schema-utils@https://registry.npmjs.org/schema-utils/-/schema-utils-4.3.3.tgz. Extracting by manifest.
1358 silly tarball no local data for ajv-formats@https://registry.npmjs.org/ajv-formats/-/ajv-formats-2.1.1.tgz. Extracting by manifest.
1359 silly tarball no local data for @angular-devkit/core@https://registry.npmjs.org/@angular-devkit/core/-/core-19.2.17.tgz. Extracting by manifest.
1360 silly tarball no local data for @angular-devkit/schematics@https://registry.npmjs.org/@angular-devkit/schematics/-/schematics-19.2.17.tgz. Extracting by manifest.
1361 silly tarball no local data for @inquirer/prompts@https://registry.npmjs.org/@inquirer/prompts/-/prompts-7.3.2.tgz. Extracting by manifest.
1362 http fetch GET 200 https://registry.npmjs.org/@webassemblyjs/ieee754/-/ieee754-1.13.2.tgz 14716ms (cache miss)
1363 http fetch GET 200 https://registry.npmjs.org/@xtuc/ieee754/-/ieee754-1.2.0.tgz 15143ms (cache miss)
1364 http fetch GET 200 https://registry.npmjs.org/@webassemblyjs/helper-wasm-section/-/helper-wasm-section-1.14.1.tgz 15254ms (cache miss)
1365 http fetch GET 200 https://registry.npmjs.org/@webassemblyjs/helper-numbers/-/helper-numbers-1.13.2.tgz 15669ms (cache miss)
1366 http fetch GET 200 https://registry.npmjs.org/@isaacs/balanced-match/-/balanced-match-4.0.1.tgz 15862ms (cache miss)
1367 http fetch GET 200 https://registry.npmjs.org/buffer-from/-/buffer-from-1.1.2.tgz 15914ms (cache miss)
1368 http fetch GET 200 https://registry.npmjs.org/mimic-fn/-/mimic-fn-2.1.0.tgz 15809ms (cache miss)
1369 http fetch GET 200 https://registry.npmjs.org/lines-and-columns/-/lines-and-columns-1.2.4.tgz 15811ms (cache miss)
1370 http fetch GET 200 https://registry.npmjs.org/onetime/-/onetime-5.1.2.tgz 15842ms (cache miss)
1371 http fetch GET 200 https://registry.npmjs.org/merge-stream/-/merge-stream-2.0.0.tgz 16007ms (cache miss)
1372 http fetch GET 200 https://registry.npmjs.org/randombytes/-/randombytes-2.1.0.tgz 16058ms (cache miss)
1373 http fetch GET 200 https://registry.npmjs.org/is-interactive/-/is-interactive-1.0.0.tgz 15848ms (cache miss)
1374 http fetch GET 200 https://registry.npmjs.org/restore-cursor/-/restore-cursor-3.1.0.tgz 15865ms (cache miss)
1375 http fetch GET 200 https://registry.npmjs.org/strip-ansi/-/strip-ansi-6.0.1.tgz 15875ms (cache miss)
1376 http fetch GET 200 https://registry.npmjs.org/is-unicode-supported/-/is-unicode-supported-0.1.0.tgz 15893ms (cache miss)
1377 http fetch GET 200 https://registry.npmjs.org/wcwidth/-/wcwidth-1.0.1.tgz 15904ms (cache miss)
1378 http fetch GET 200 https://registry.npmjs.org/universalify/-/universalify-2.0.1.tgz 15866ms (cache miss)
1379 http fetch GET 200 https://registry.npmjs.org/jsonfile/-/jsonfile-6.2.0.tgz 15895ms (cache miss)
1380 http fetch GET 200 https://registry.npmjs.org/core-util-is/-/core-util-is-1.0.3.tgz 15912ms (cache miss)
1381 http fetch GET 200 https://registry.npmjs.org/@webassemblyjs/wasm-opt/-/wasm-opt-1.14.1.tgz 16144ms (cache miss)
1382 http fetch GET 200 https://registry.npmjs.org/string-width/-/string-width-4.2.3.tgz 15914ms (cache miss)
1383 http fetch GET 200 https://registry.npmjs.org/array-timsort/-/array-timsort-1.0.3.tgz 15901ms (cache miss)
1384 http fetch GET 200 https://registry.npmjs.org/mute-stream/-/mute-stream-2.0.0.tgz 15902ms (cache miss)
1385 http fetch GET 200 https://registry.npmjs.org/cli-width/-/cli-width-4.1.0.tgz 15886ms (cache miss)
1386 http fetch GET 200 https://registry.npmjs.org/require-from-string/-/require-from-string-2.0.2.tgz 15904ms (cache miss)
1387 http fetch GET 200 https://registry.npmjs.org/yoctocolors-cjs/-/yoctocolors-cjs-2.1.3.tgz 15892ms (cache miss)
1388 http fetch GET 200 https://registry.npmjs.org/@inquirer/expand/-/expand-4.0.23.tgz 15888ms (cache miss)
1389 http fetch GET 200 https://registry.npmjs.org/@inquirer/password/-/password-4.0.23.tgz 15901ms (cache miss)
1390 http fetch GET 200 https://registry.npmjs.org/symbol-observable/-/symbol-observable-4.0.0.tgz 15888ms (cache miss)
1391 http fetch GET 200 https://registry.npmjs.org/@inquirer/number/-/number-3.0.23.tgz 15910ms (cache miss)
1392 http fetch GET 200 https://registry.npmjs.org/@inquirer/ansi/-/ansi-1.0.2.tgz 15901ms (cache miss)
1393 http fetch GET 200 https://registry.npmjs.org/@webassemblyjs/utf8/-/utf8-1.13.2.tgz 16200ms (cache miss)
1394 http fetch GET 200 https://registry.npmjs.org/@inquirer/confirm/-/confirm-5.1.21.tgz 15925ms (cache miss)
1395 http fetch GET 200 https://registry.npmjs.org/@inquirer/type/-/type-3.0.10.tgz 15922ms (cache miss)
1396 http fetch GET 200 https://registry.npmjs.org/webpack-node-externals/-/webpack-node-externals-3.0.0.tgz 15906ms (cache miss)
1397 http fetch GET 200 https://registry.npmjs.org/ora/-/ora-5.4.1.tgz 15910ms (cache miss)
1398 http fetch GET 200 https://registry.npmjs.org/defaults/-/defaults-1.0.4.tgz 16172ms (cache miss)
1399 http fetch GET 200 https://registry.npmjs.org/@webassemblyjs/wasm-edit/-/wasm-edit-1.14.1.tgz 16183ms (cache miss)
1400 http fetch GET 200 https://registry.npmjs.org/ansis/-/ansis-4.2.0.tgz 15906ms (cache miss)
1401 http fetch GET 200 https://registry.npmjs.org/@webassemblyjs/floating-point-hex-parser/-/floating-point-hex-parser-1.13.2.tgz 16254ms (cache miss)
1402 http fetch GET 200 https://registry.npmjs.org/@webassemblyjs/helper-buffer/-/helper-buffer-1.14.1.tgz 16251ms (cache miss)
1403 http fetch GET 200 https://registry.npmjs.org/@angular-devkit/schematics-cli/-/schematics-cli-19.2.19.tgz 15918ms (cache miss)
1404 http fetch GET 200 https://registry.npmjs.org/@webassemblyjs/helper-api-error/-/helper-api-error-1.13.2.tgz 16266ms (cache miss)
1405 http fetch GET 200 https://registry.npmjs.org/ajv-formats/-/ajv-formats-2.1.1.tgz 15943ms (cache miss)
1406 http fetch GET 200 https://registry.npmjs.org/inherits/-/inherits-2.0.4.tgz 16170ms (cache miss)
1407 http fetch GET 200 https://registry.npmjs.org/buffer/-/buffer-5.7.1.tgz 16174ms (cache miss)
1408 http fetch GET 200 https://registry.npmjs.org/cli-cursor/-/cli-cursor-3.1.0.tgz 16168ms (cache miss)
1409 http fetch GET 200 https://registry.npmjs.org/path-type/-/path-type-4.0.0.tgz 16162ms (cache miss)
1410 http fetch GET 200 https://registry.npmjs.org/wrap-ansi/-/wrap-ansi-6.2.0.tgz 16147ms (cache miss)
1411 http fetch GET 200 https://registry.npmjs.org/pluralize/-/pluralize-8.0.0.tgz 16157ms (cache miss)
1412 http fetch GET 200 https://registry.npmjs.org/comment-json/-/comment-json-4.4.1.tgz 16167ms (cache miss)
1413 http fetch GET 200 https://registry.npmjs.org/@inquirer/figures/-/figures-1.0.15.tgz 16147ms (cache miss)
1414 http fetch GET 200 https://registry.npmjs.org/@inquirer/search/-/search-3.2.2.tgz 16166ms (cache miss)
1415 http fetch GET 200 https://registry.npmjs.org/@inquirer/rawlist/-/rawlist-4.1.11.tgz 16163ms (cache miss)
1416 http fetch GET 200 https://registry.npmjs.org/@inquirer/select/-/select-4.4.2.tgz 16176ms (cache miss)
1417 http fetch GET 200 https://registry.npmjs.org/acorn-import-phases/-/acorn-import-phases-1.0.4.tgz 16423ms (cache miss)
1418 http fetch GET 200 https://registry.npmjs.org/ansi-colors/-/ansi-colors-4.1.3.tgz 16209ms (cache miss)
1419 http fetch GET 200 https://registry.npmjs.org/cli-table3/-/cli-table3-0.6.5.tgz 16203ms (cache miss)
1420 http fetch GET 200 https://registry.npmjs.org/supports-color/-/supports-color-8.1.1.tgz 16208ms (cache miss)
1421 http fetch GET 200 https://registry.npmjs.org/is-fullwidth-code-point/-/is-fullwidth-code-point-3.0.0.tgz 16527ms (cache miss)
1422 http fetch GET 200 https://registry.npmjs.org/util-deprecate/-/util-deprecate-1.0.2.tgz 16521ms (cache miss)
1423 http fetch GET 200 https://registry.npmjs.org/ansi-regex/-/ansi-regex-5.0.1.tgz 16546ms (cache miss)
1424 http fetch GET 200 https://registry.npmjs.org/@types/eslint-scope/-/eslint-scope-3.7.7.tgz 16581ms (cache miss)
1425 http fetch GET 200 https://registry.npmjs.org/@inquirer/prompts/-/prompts-7.3.2.tgz 16273ms (cache miss)
1426 http fetch GET 200 https://registry.npmjs.org/signal-exit/-/signal-exit-3.0.7.tgz 16342ms (cache miss)
1427 http fetch GET 200 https://registry.npmjs.org/error-ex/-/error-ex-1.3.4.tgz 16623ms (cache miss)
1428 http fetch GET 200 https://registry.npmjs.org/ieee754/-/ieee754-1.2.1.tgz 16627ms (cache miss)
1429 http fetch GET 200 https://registry.npmjs.org/is-arrayish/-/is-arrayish-0.2.1.tgz 16642ms (cache miss)
1430 http fetch GET 200 https://registry.npmjs.org/glob-to-regexp/-/glob-to-regexp-0.4.1.tgz 16750ms (cache miss)
1431 http fetch GET 200 https://registry.npmjs.org/@webassemblyjs/helper-wasm-bytecode/-/helper-wasm-bytecode-1.13.2.tgz 16756ms (cache miss)
1432 http fetch GET 200 https://registry.npmjs.org/fs-monkey/-/fs-monkey-1.1.0.tgz 16618ms (cache miss)
1433 http fetch GET 200 https://registry.npmjs.org/parse-json/-/parse-json-5.2.0.tgz 16615ms (cache miss)
1434 http fetch GET 200 https://registry.npmjs.org/chrome-trace-event/-/chrome-trace-event-1.0.4.tgz 16821ms (cache miss)
1435 http fetch GET 200 https://registry.npmjs.org/readdirp/-/readdirp-4.1.2.tgz 16663ms (cache miss)
1436 http fetch GET 200 https://registry.npmjs.org/deepmerge/-/deepmerge-4.3.1.tgz 16697ms (cache miss)
1437 http fetch GET 200 https://registry.npmjs.org/@inquirer/editor/-/editor-4.2.23.tgz 16657ms (cache miss)
1438 http fetch GET 200 https://registry.npmjs.org/@inquirer/input/-/input-4.3.1.tgz 16666ms (cache miss)
1439 http fetch GET 200 https://registry.npmjs.org/@inquirer/checkbox/-/checkbox-4.3.2.tgz 16914ms (cache miss)
1440 http fetch GET 200 https://registry.npmjs.org/string_decoder/-/string_decoder-1.3.0.tgz 17226ms (cache miss)
1441 http fetch GET 200 https://registry.npmjs.org/@inquirer/prompts/-/prompts-7.10.1.tgz 17014ms (cache miss)
1442 http fetch GET 200 https://registry.npmjs.org/serialize-javascript/-/serialize-javascript-6.0.2.tgz 17496ms (cache miss)
1443 http fetch GET 200 https://registry.npmjs.org/log-symbols/-/log-symbols-4.1.0.tgz 17315ms (cache miss)
1444 http fetch GET 200 https://registry.npmjs.org/node-abort-controller/-/node-abort-controller-3.1.1.tgz 17311ms (cache miss)
1445 http fetch GET 200 https://registry.npmjs.org/mime-types/-/mime-types-2.1.35.tgz 17492ms (cache miss)
1446 http fetch GET 200 https://registry.npmjs.org/@webassemblyjs/wast-printer/-/wast-printer-1.14.1.tgz 17856ms (cache miss)
1447 http fetch GET 200 https://registry.npmjs.org/commander/-/commander-2.20.3.tgz 18350ms (cache miss)
1448 http fetch GET 200 https://registry.npmjs.org/estraverse/-/estraverse-4.3.0.tgz 18766ms (cache miss)
1449 http fetch GET 200 https://registry.npmjs.org/emoji-regex/-/emoji-regex-8.0.0.tgz 18677ms (cache miss)
1450 http fetch GET 200 https://registry.npmjs.org/ajv-formats/-/ajv-formats-2.1.1.tgz 18436ms (cache miss)
1451 http fetch GET 200 https://registry.npmjs.org/json-parse-even-better-errors/-/json-parse-even-better-errors-2.3.1.tgz 18728ms (cache miss)
1452 http fetch GET 200 https://registry.npmjs.org/safer-buffer/-/safer-buffer-2.1.2.tgz 18755ms (cache miss)
1453 http fetch GET 200 https://registry.npmjs.org/json-schema-traverse/-/json-schema-traverse-1.0.0.tgz 18771ms (cache miss)
1454 http fetch GET 200 https://registry.npmjs.org/eslint-scope/-/eslint-scope-5.1.1.tgz 18989ms (cache miss)
1455 http fetch GET 200 https://registry.npmjs.org/base64-js/-/base64-js-1.5.1.tgz 19132ms (cache miss)
1456 http fetch GET 200 https://registry.npmjs.org/loader-runner/-/loader-runner-4.3.1.tgz 19312ms (cache miss)
1457 http fetch GET 200 https://registry.npmjs.org/yargs-parser/-/yargs-parser-21.1.1.tgz 19098ms (cache miss)
1458 http fetch GET 200 https://registry.npmjs.org/clone/-/clone-1.0.4.tgz 19496ms (cache miss)
1459 http fetch GET 200 https://registry.npmjs.org/graceful-fs/-/graceful-fs-4.2.11.tgz 19618ms (cache miss)
1460 http fetch GET 200 https://registry.npmjs.org/@webassemblyjs/wasm-gen/-/wasm-gen-1.14.1.tgz 20043ms (cache miss)
1461 http fetch GET 200 https://registry.npmjs.org/cli-spinners/-/cli-spinners-2.9.2.tgz 19963ms (cache miss)
1462 http fetch GET 200 https://registry.npmjs.org/ajv-formats/-/ajv-formats-3.0.1.tgz 20262ms (cache miss)
1463 http fetch GET 200 https://registry.npmjs.org/commander/-/commander-4.1.1.tgz 20347ms (cache miss)
1464 http fetch GET 200 https://registry.npmjs.org/tapable/-/tapable-2.3.0.tgz 20596ms (cache miss)
1465 http fetch GET 200 https://registry.npmjs.org/safe-buffer/-/safe-buffer-5.2.1.tgz 21090ms (cache miss)
1466 http fetch GET 200 https://registry.npmjs.org/@jridgewell/source-map/-/source-map-0.3.11.tgz 21666ms (cache miss)
1467 http fetch GET 200 https://registry.npmjs.org/esprima/-/esprima-4.0.1.tgz 21482ms (cache miss)
1468 http fetch GET 200 https://registry.npmjs.org/@webassemblyjs/leb128/-/leb128-1.13.2.tgz 21968ms (cache miss)
1469 http fetch GET 200 https://registry.npmjs.org/schema-utils/-/schema-utils-3.3.0.tgz 21807ms (cache miss)
1470 http fetch GET 200 https://registry.npmjs.org/@isaacs/brace-expansion/-/brace-expansion-5.0.0.tgz 22193ms (cache miss)
1471 http fetch GET 200 https://registry.npmjs.org/picomatch/-/picomatch-4.0.2.tgz 21947ms (cache miss)
1472 http fetch GET 200 https://registry.npmjs.org/chokidar/-/chokidar-4.0.3.tgz 21925ms (cache miss)
1473 http fetch GET 200 https://registry.npmjs.org/source-map-support/-/source-map-support-0.5.21.tgz 22385ms (cache miss)
1474 http fetch GET 200 https://registry.npmjs.org/bl/-/bl-4.1.0.tgz 22136ms (cache miss)
1475 http fetch GET 200 https://registry.npmjs.org/@colors/colors/-/colors-1.5.0.tgz 22102ms (cache miss)
1476 http fetch GET 200 https://registry.npmjs.org/node-emoji/-/node-emoji-1.11.0.tgz 22082ms (cache miss)
1477 http fetch GET 200 https://registry.npmjs.org/mime-db/-/mime-db-1.52.0.tgz 22661ms (cache miss)
1478 http fetch GET 200 https://registry.npmjs.org/es-module-lexer/-/es-module-lexer-2.0.0.tgz 22764ms (cache miss)
1479 http fetch GET 200 https://registry.npmjs.org/ajv-keywords/-/ajv-keywords-3.5.2.tgz 22488ms (cache miss)
1480 http fetch GET 200 https://registry.npmjs.org/@inquirer/external-editor/-/external-editor-1.0.3.tgz 22707ms (cache miss)
1481 http fetch GET 200 https://registry.npmjs.org/@webassemblyjs/wasm-parser/-/wasm-parser-1.14.1.tgz 22941ms (cache miss)
1482 http fetch GET 200 https://registry.npmjs.org/webpack-sources/-/webpack-sources-3.3.3.tgz 23075ms (cache miss)
1483 http fetch GET 200 https://registry.npmjs.org/schema-utils/-/schema-utils-4.3.3.tgz 22726ms (cache miss)
1484 http fetch GET 200 https://registry.npmjs.org/schema-utils/-/schema-utils-4.3.3.tgz 22723ms (cache miss)
1485 http fetch GET 200 https://registry.npmjs.org/signal-exit/-/signal-exit-4.1.0.tgz 22851ms (cache miss)
1486 http fetch GET 200 https://registry.npmjs.org/terser-webpack-plugin/-/terser-webpack-plugin-5.3.16.tgz 23247ms (cache miss)
1487 http fetch GET 200 https://registry.npmjs.org/watchpack/-/watchpack-2.5.1.tgz 23349ms (cache miss)
1488 http fetch GET 200 https://registry.npmjs.org/cosmiconfig/-/cosmiconfig-8.3.6.tgz 23521ms (cache miss)
1489 http fetch GET 200 https://registry.npmjs.org/memfs/-/memfs-3.5.3.tgz 24265ms (cache miss)
1490 http fetch GET 200 https://registry.npmjs.org/@types/eslint/-/eslint-9.6.1.tgz 24547ms (cache miss)
1491 http fetch GET 200 https://registry.npmjs.org/@xtuc/long/-/long-4.2.2.tgz 24948ms (cache miss)
1492 http fetch GET 200 https://registry.npmjs.org/jest-worker/-/jest-worker-27.5.1.tgz 25507ms (cache miss)
1493 http fetch GET 200 https://registry.npmjs.org/fast-uri/-/fast-uri-3.1.0.tgz 25599ms (cache miss)
1494 http fetch GET 200 https://registry.npmjs.org/source-map/-/source-map-0.7.4.tgz 25645ms (cache miss)
1495 http fetch GET 200 https://registry.npmjs.org/path-scurry/-/path-scurry-2.0.1.tgz 26150ms (cache miss)
1496 http fetch GET 200 https://registry.npmjs.org/events/-/events-3.3.0.tgz 26448ms (cache miss)
1497 http fetch GET 200 https://registry.npmjs.org/readable-stream/-/readable-stream-3.6.2.tgz 26509ms (cache miss)
1498 http fetch GET 200 https://registry.npmjs.org/jsonc-parser/-/jsonc-parser-3.3.1.tgz 26480ms (cache miss)
1499 http fetch GET 200 https://registry.npmjs.org/magic-string/-/magic-string-0.30.17.tgz 26640ms (cache miss)
1500 http fetch GET 200 https://registry.npmjs.org/chardet/-/chardet-2.1.1.tgz 26764ms (cache miss)
1501 http fetch GET 200 https://registry.npmjs.org/minipass/-/minipass-7.1.2.tgz 26949ms (cache miss)
1502 http fetch GET 200 https://registry.npmjs.org/fs-extra/-/fs-extra-10.1.0.tgz 27537ms (cache miss)
1503 http fetch GET 200 https://registry.npmjs.org/@webassemblyjs/ast/-/ast-1.14.1.tgz 28676ms (cache miss)
1504 http fetch GET 200 https://registry.npmjs.org/undici-types/-/undici-types-7.16.0.tgz 28950ms (cache miss)
1505 http fetch GET 200 https://registry.npmjs.org/tsconfig-paths-webpack-plugin/-/tsconfig-paths-webpack-plugin-4.2.0.tgz 28699ms (cache miss)
1506 http fetch GET 200 https://registry.npmjs.org/iconv-lite/-/iconv-lite-0.7.2.tgz 28979ms (cache miss)
1507 http fetch GET 200 https://registry.npmjs.org/minimatch/-/minimatch-10.1.1.tgz 29543ms (cache miss)
1508 http fetch GET 200 https://registry.npmjs.org/source-map/-/source-map-0.6.1.tgz 29678ms (cache miss)
1509 http fetch GET 200 https://registry.npmjs.org/enhanced-resolve/-/enhanced-resolve-5.18.4.tgz 29967ms (cache miss)
1510 http fetch GET 200 https://registry.npmjs.org/@inquirer/core/-/core-10.3.2.tgz 30163ms (cache miss)
1511 http fetch GET 200 https://registry.npmjs.org/glob/-/glob-13.0.0.tgz 30249ms (cache miss)
1512 http fetch GET 200 https://registry.npmjs.org/lru-cache/-/lru-cache-11.2.4.tgz 30498ms (cache miss)
1513 http fetch GET 200 https://registry.npmjs.org/tsconfig-paths/-/tsconfig-paths-4.2.0.tgz 30406ms (cache miss)
1514 http fetch GET 200 https://registry.npmjs.org/neo-async/-/neo-async-2.6.2.tgz 32356ms (cache miss)
1515 http fetch GET 200 https://registry.npmjs.org/@angular-devkit/core/-/core-19.2.19.tgz 32762ms (cache miss)
1516 http fetch GET 200 https://registry.npmjs.org/@angular-devkit/core/-/core-19.2.17.tgz 33175ms (cache miss)
1517 http fetch GET 200 https://registry.npmjs.org/@angular-devkit/schematics/-/schematics-19.2.19.tgz 35877ms (cache miss)
1518 http fetch GET 200 https://registry.npmjs.org/@angular-devkit/schematics/-/schematics-19.2.17.tgz 35882ms (cache miss)
1519 http fetch GET 200 https://registry.npmjs.org/ajv-keywords/-/ajv-keywords-5.1.0.tgz 37279ms (cache miss)
1520 http fetch GET 200 https://registry.npmjs.org/fork-ts-checker-webpack-plugin/-/fork-ts-checker-webpack-plugin-9.1.0.tgz 37862ms (cache miss)
1521 http fetch GET 200 https://registry.npmjs.org/@nestjs/cli/-/cli-11.0.16.tgz 39007ms (cache miss)
1522 http fetch GET 200 https://registry.npmjs.org/terser/-/terser-5.46.0.tgz 39566ms (cache miss)
1523 http fetch GET 200 https://registry.npmjs.org/@types/node/-/node-25.0.9.tgz 41165ms (cache miss)
1524 http fetch GET 200 https://registry.npmjs.org/ajv/-/ajv-8.17.1.tgz 50835ms (cache miss)
1525 http fetch GET 200 https://registry.npmjs.org/@nestjs/schematics/-/schematics-11.0.9.tgz 51204ms (cache miss)
1526 http fetch GET 200 https://registry.npmjs.org/lodash/-/lodash-4.17.21.tgz 57955ms (cache miss)
1527 http fetch GET 200 https://registry.npmjs.org/webpack/-/webpack-5.104.1.tgz 59070ms (cache miss)
1528 http fetch GET 200 https://registry.npmjs.org/rxjs/-/rxjs-7.8.1.tgz 73455ms (cache miss)
