0 verbose cli /home/mathieu/.nvm/versions/node/v20.17.0/bin/node /home/mathieu/.nvm/versions/node/v20.17.0/bin/npm
1 info using npm@10.8.2
2 info using node@v20.17.0
3 silly config load:file:/home/mathieu/.nvm/versions/node/v20.17.0/lib/node_modules/npm/npmrc
4 info config found workspace root at /mnt/c/Users/matma/Documents/MyDigitalSchool/M1/OrigAMI/site
5 silly config load:file:/mnt/c/Users/matma/Documents/MyDigitalSchool/M1/OrigAMI/site/.npmrc
6 silly config load:file:/home/mathieu/.npmrc
7 silly config load:file:/home/mathieu/.nvm/versions/node/v20.17.0/etc/npmrc
8 verbose title npm install
9 verbose argv "install"
10 verbose logfile logs-max:10 dir:/mnt/c/Users/matma/Documents/MyDigitalSchool/M1/OrigAMI/site/.npm-cache/_logs/2026-01-16T13_01_31_169Z-
11 verbose logfile /mnt/c/Users/matma/Documents/MyDigitalSchool/M1/OrigAMI/site/.npm-cache/_logs/2026-01-16T13_01_31_169Z-debug-0.log
12 silly logfile done cleaning log files
13 silly packumentCache heap:2106327040 maxSize:526581760 maxEntrySize:263290880
14 silly idealTree buildDeps
15 silly placeDep ROOT web@0.1.0 OK for:  want: file:/mnt/c/Users/matma/Documents/MyDigitalSchool/M1/OrigAMI/site/apps/web
16 silly fetch manifest next@16.1.2
17 silly packumentCache full:https://registry.npmjs.org/next cache-miss
18 http fetch GET 200 https://registry.npmjs.org/next 490ms (cache hit)
19 silly packumentCache full:https://registry.npmjs.org/next set size:28470221 disposed:false
20 silly fetch manifest @opentelemetry/api@^1.1.0
21 silly packumentCache full:https://registry.npmjs.org/@opentelemetry%2fapi cache-miss
22 http fetch GET 200 https://registry.npmjs.org/@opentelemetry%2fapi 160ms (cache hit)
23 silly packumentCache full:https://registry.npmjs.org/@opentelemetry%2fapi set size:455567 disposed:false
24 silly fetch manifest @playwright/test@^1.51.1
25 silly packumentCache full:https://registry.npmjs.org/@playwright%2ftest cache-miss
26 http fetch GET 200 https://registry.npmjs.org/@playwright%2ftest 402ms (cache hit)
27 silly packumentCache full:https://registry.npmjs.org/@playwright%2ftest set size:8622018 disposed:false
28 silly fetch manifest babel-plugin-react-compiler@*
29 silly packumentCache full:https://registry.npmjs.org/babel-plugin-react-compiler cache-miss
30 http fetch GET 200 https://registry.npmjs.org/babel-plugin-react-compiler 230ms (cache hit)
31 silly packumentCache full:https://registry.npmjs.org/babel-plugin-react-compiler set size:1187913 disposed:false
32 silly fetch manifest react@19.2.3
33 silly packumentCache full:https://registry.npmjs.org/react cache-miss
34 http fetch GET 200 https://registry.npmjs.org/react 369ms (cache hit)
35 silly packumentCache full:https://registry.npmjs.org/react set size:6386343 disposed:false
36 silly fetch manifest react-dom@19.2.3
37 silly packumentCache full:https://registry.npmjs.org/react-dom cache-miss
38 http fetch GET 200 https://registry.npmjs.org/react-dom 331ms (cache hit)
39 silly packumentCache full:https://registry.npmjs.org/react-dom set size:8415884 disposed:false
40 silly fetch manifest sass@^1.3.0
41 silly packumentCache full:https://registry.npmjs.org/sass cache-miss
42 http fetch GET 200 https://registry.npmjs.org/sass 214ms (cache hit)
43 silly packumentCache full:https://registry.npmjs.org/sass set size:719969 disposed:false
44 silly fetch manifest @types/node@^20
45 silly packumentCache full:https://registry.npmjs.org/@types%2fnode cache-miss
46 http fetch GET 200 https://registry.npmjs.org/@types%2fnode 432ms (cache hit)
47 silly packumentCache full:https://registry.npmjs.org/@types%2fnode set size:10797446 disposed:false
48 silly fetch manifest @types/react@^19
49 silly packumentCache full:https://registry.npmjs.org/@types%2freact cache-miss
50 http fetch GET 200 https://registry.npmjs.org/@types%2freact 227ms (cache hit)
51 silly packumentCache full:https://registry.npmjs.org/@types%2freact set size:2546526 disposed:false
52 silly fetch manifest @types/react-dom@^19
53 silly packumentCache full:https://registry.npmjs.org/@types%2freact-dom cache-miss
54 http fetch GET 200 https://registry.npmjs.org/@types%2freact-dom 184ms (cache hit)
55 silly packumentCache full:https://registry.npmjs.org/@types%2freact-dom set size:429026 disposed:false
56 silly fetch manifest eslint@^9
57 silly packumentCache full:https://registry.npmjs.org/eslint cache-miss
58 http fetch GET 200 https://registry.npmjs.org/eslint 235ms (cache hit)
59 silly packumentCache full:https://registry.npmjs.org/eslint set size:1886875 disposed:false
60 silly fetch manifest jiti@*
61 silly packumentCache full:https://registry.npmjs.org/jiti cache-miss
62 http fetch GET 200 https://registry.npmjs.org/jiti 130ms (cache hit)
63 silly packumentCache full:https://registry.npmjs.org/jiti set size:382310 disposed:false
64 silly fetch manifest eslint-config-next@16.1.2
65 silly packumentCache full:https://registry.npmjs.org/eslint-config-next cache-miss
66 http fetch GET 200 https://registry.npmjs.org/eslint-config-next 125ms (cache hit)
67 silly packumentCache full:https://registry.npmjs.org/eslint-config-next set size:6108666 disposed:false
68 silly fetch manifest typescript@^5
69 silly packumentCache full:https://registry.npmjs.org/typescript cache-miss
70 http fetch GET 200 https://registry.npmjs.org/typescript 235ms (cache hit)
71 silly packumentCache full:https://registry.npmjs.org/typescript set size:15133370 disposed:false
72 silly placeDep ROOT @types/node@20.19.30 OK for: web@0.1.0 want: ^20
73 silly placeDep ROOT @types/react@19.2.8 OK for: web@0.1.0 want: ^19
74 silly placeDep ROOT @types/react-dom@19.2.3 OK for: web@0.1.0 want: ^19
75 silly placeDep ROOT eslint@9.39.2 OK for: web@0.1.0 want: ^9
76 silly placeDep ROOT eslint-config-next@16.1.2 OK for: web@0.1.0 want: 16.1.2
77 silly placeDep ROOT next@16.1.2 OK for: web@0.1.0 want: 16.1.2
78 silly placeDep ROOT react@19.2.3 OK for: next@16.1.2 want: ^18.2.0 || 19.0.0-rc-de68d2f4-20241204 || ^19.0.0
79 silly placeDep ROOT react-dom@19.2.3 OK for: next@16.1.2 want: ^18.2.0 || 19.0.0-rc-de68d2f4-20241204 || ^19.0.0
80 silly placeDep ROOT typescript@5.9.3 OK for: web@0.1.0 want: ^5
81 silly fetch manifest undici-types@~6.21.0
82 silly packumentCache full:https://registry.npmjs.org/undici-types cache-miss
83 http fetch GET 200 https://registry.npmjs.org/undici-types 68ms (cache hit)
84 silly packumentCache full:https://registry.npmjs.org/undici-types set size:159252 disposed:false
85 silly fetch manifest csstype@^3.2.2
86 silly packumentCache full:https://registry.npmjs.org/csstype cache-miss
87 http fetch GET 200 https://registry.npmjs.org/csstype 88ms (cache hit)
88 silly packumentCache full:https://registry.npmjs.org/csstype set size:274189 disposed:false
89 silly fetch manifest ajv@^6.12.4
90 silly packumentCache full:https://registry.npmjs.org/ajv cache-miss
91 http fetch GET 200 https://registry.npmjs.org/ajv 160ms (cache hit)
92 silly packumentCache full:https://registry.npmjs.org/ajv set size:1126055 disposed:false
93 silly fetch manifest chalk@^4.0.0
94 silly packumentCache full:https://registry.npmjs.org/chalk cache-miss
95 http fetch GET 200 https://registry.npmjs.org/chalk 120ms (cache hit)
96 silly packumentCache full:https://registry.npmjs.org/chalk set size:117861 disposed:false
97 silly fetch manifest debug@^4.3.2
98 silly packumentCache full:https://registry.npmjs.org/debug cache-miss
99 http fetch GET 200 https://registry.npmjs.org/debug 136ms (cache hit)
100 silly packumentCache full:https://registry.npmjs.org/debug set size:195840 disposed:false
101 silly fetch manifest espree@^10.4.0
102 silly packumentCache full:https://registry.npmjs.org/espree cache-miss
103 http fetch GET 200 https://registry.npmjs.org/espree 107ms (cache hit)
104 silly packumentCache full:https://registry.npmjs.org/espree set size:317497 disposed:false
105 silly fetch manifest ignore@^5.2.0
106 silly packumentCache full:https://registry.npmjs.org/ignore cache-miss
107 http fetch GET 200 https://registry.npmjs.org/ignore 100ms (cache hit)
108 silly packumentCache full:https://registry.npmjs.org/ignore set size:237380 disposed:false
109 silly fetch manifest esquery@^1.5.0
110 silly packumentCache full:https://registry.npmjs.org/esquery cache-miss
111 http fetch GET 200 https://registry.npmjs.org/esquery 107ms (cache hit)
112 silly packumentCache full:https://registry.npmjs.org/esquery set size:48888 disposed:false
113 silly fetch manifest esutils@^2.0.2
114 silly packumentCache full:https://registry.npmjs.org/esutils cache-miss
115 http fetch GET 200 https://registry.npmjs.org/esutils 107ms (cache hit)
116 silly packumentCache full:https://registry.npmjs.org/esutils set size:29522 disposed:false
117 silly fetch manifest find-up@^5.0.0
118 silly packumentCache full:https://registry.npmjs.org/find-up cache-miss
119 http fetch GET 200 https://registry.npmjs.org/find-up 103ms (cache hit)
120 silly packumentCache full:https://registry.npmjs.org/find-up set size:42620 disposed:false
121 silly fetch manifest is-glob@^4.0.0
122 silly packumentCache full:https://registry.npmjs.org/is-glob cache-miss
123 http fetch GET 200 https://registry.npmjs.org/is-glob 88ms (cache hit)
124 silly packumentCache full:https://registry.npmjs.org/is-glob set size:40530 disposed:false
125 silly fetch manifest minimatch@^3.1.2
126 silly packumentCache full:https://registry.npmjs.org/minimatch cache-miss
127 http fetch GET 200 https://registry.npmjs.org/minimatch 93ms (cache hit)
128 silly packumentCache full:https://registry.npmjs.org/minimatch set size:303959 disposed:false
129 silly fetch manifest @eslint/js@9.39.2
130 silly packumentCache full:https://registry.npmjs.org/@eslint%2fjs cache-miss
131 http fetch GET 200 https://registry.npmjs.org/@eslint%2fjs 87ms (cache hit)
132 silly packumentCache full:https://registry.npmjs.org/@eslint%2fjs set size:135087 disposed:false
133 silly fetch manifest optionator@^0.9.3
134 silly packumentCache full:https://registry.npmjs.org/optionator cache-miss
135 http fetch GET 200 https://registry.npmjs.org/optionator 76ms (cache hit)
136 silly packumentCache full:https://registry.npmjs.org/optionator set size:49651 disposed:false
137 silly fetch manifest cross-spawn@^7.0.6
138 silly packumentCache full:https://registry.npmjs.org/cross-spawn cache-miss
139 http fetch GET 200 https://registry.npmjs.org/cross-spawn 72ms (cache hit)
140 silly packumentCache full:https://registry.npmjs.org/cross-spawn set size:109066 disposed:false
141 silly fetch manifest glob-parent@^6.0.2
142 silly packumentCache full:https://registry.npmjs.org/glob-parent cache-miss
143 http fetch GET 200 https://registry.npmjs.org/glob-parent 64ms (cache hit)
144 silly packumentCache full:https://registry.npmjs.org/glob-parent set size:42445 disposed:false
145 silly fetch manifest imurmurhash@^0.1.4
146 silly packumentCache full:https://registry.npmjs.org/imurmurhash cache-miss
147 http fetch GET 200 https://registry.npmjs.org/imurmurhash 57ms (cache hit)
148 silly packumentCache full:https://registry.npmjs.org/imurmurhash set size:35819 disposed:false
149 silly fetch manifest @eslint/core@^0.17.0
150 silly packumentCache full:https://registry.npmjs.org/@eslint%2fcore cache-miss
151 http fetch GET 200 https://registry.npmjs.org/@eslint%2fcore 71ms (cache hit)
152 silly packumentCache full:https://registry.npmjs.org/@eslint%2fcore set size:49077 disposed:false
153 silly fetch manifest eslint-scope@^8.4.0
154 silly packumentCache full:https://registry.npmjs.org/eslint-scope cache-miss
155 http fetch GET 200 https://registry.npmjs.org/eslint-scope 63ms (cache hit)
156 silly packumentCache full:https://registry.npmjs.org/eslint-scope set size:90946 disposed:false
157 silly fetch manifest lodash.merge@^4.6.2
158 silly packumentCache full:https://registry.npmjs.org/lodash.merge cache-miss
159 http fetch GET 200 https://registry.npmjs.org/lodash.merge 94ms (cache hit)
160 silly packumentCache full:https://registry.npmjs.org/lodash.merge set size:78575 disposed:false
161 silly fetch manifest @humanfs/node@^0.16.6
162 silly packumentCache full:https://registry.npmjs.org/@humanfs%2fnode cache-miss
163 http fetch GET 200 https://registry.npmjs.org/@humanfs%2fnode 88ms (cache hit)
164 silly packumentCache full:https://registry.npmjs.org/@humanfs%2fnode set size:37704 disposed:false
165 silly fetch manifest @types/estree@^1.0.6
166 silly packumentCache full:https://registry.npmjs.org/@types%2festree cache-miss
167 http fetch GET 200 https://registry.npmjs.org/@types%2festree 88ms (cache hit)
168 silly packumentCache full:https://registry.npmjs.org/@types%2festree set size:74091 disposed:false
169 silly fetch manifest fast-deep-equal@^3.1.3
170 silly packumentCache full:https://registry.npmjs.org/fast-deep-equal cache-miss
171 http fetch GET 200 https://registry.npmjs.org/fast-deep-equal 112ms (cache hit)
172 silly packumentCache full:https://registry.npmjs.org/fast-deep-equal set size:48634 disposed:false
173 silly fetch manifest natural-compare@^1.4.0
174 silly packumentCache full:https://registry.npmjs.org/natural-compare cache-miss
175 http fetch GET 200 https://registry.npmjs.org/natural-compare 70ms (cache hit)
176 silly packumentCache full:https://registry.npmjs.org/natural-compare set size:7852 disposed:false
177 silly fetch manifest @eslint/eslintrc@^3.3.1
178 silly packumentCache full:https://registry.npmjs.org/@eslint%2feslintrc cache-miss
179 http fetch GET 200 https://registry.npmjs.org/@eslint%2feslintrc 73ms (cache hit)
180 silly packumentCache full:https://registry.npmjs.org/@eslint%2feslintrc set size:163118 disposed:false
181 silly fetch manifest file-entry-cache@^8.0.0
182 silly packumentCache full:https://registry.npmjs.org/file-entry-cache cache-miss
183 http fetch GET 200 https://registry.npmjs.org/file-entry-cache 78ms (cache hit)
184 silly packumentCache full:https://registry.npmjs.org/file-entry-cache set size:148818 disposed:false
185 silly fetch manifest @eslint/plugin-kit@^0.4.1
186 silly packumentCache full:https://registry.npmjs.org/@eslint%2fplugin-kit cache-miss
187 http fetch GET 200 https://registry.npmjs.org/@eslint%2fplugin-kit 73ms (cache hit)
188 silly packumentCache full:https://registry.npmjs.org/@eslint%2fplugin-kit set size:62358 disposed:false
189 silly fetch manifest eslint-visitor-keys@^4.2.1
190 silly packumentCache full:https://registry.npmjs.org/eslint-visitor-keys cache-miss
191 http fetch GET 200 https://registry.npmjs.org/eslint-visitor-keys 84ms (cache hit)
192 silly packumentCache full:https://registry.npmjs.org/eslint-visitor-keys set size:67352 disposed:false
193 silly fetch manifest @eslint/config-array@^0.21.1
194 silly packumentCache full:https://registry.npmjs.org/@eslint%2fconfig-array cache-miss
195 http fetch GET 200 https://registry.npmjs.org/@eslint%2fconfig-array 83ms (cache hit)
196 silly packumentCache full:https://registry.npmjs.org/@eslint%2fconfig-array set size:56420 disposed:false
197 silly fetch manifest @humanwhocodes/retry@^0.4.2
198 silly packumentCache full:https://registry.npmjs.org/@humanwhocodes%2fretry cache-miss
199 http fetch GET 200 https://registry.npmjs.org/@humanwhocodes%2fretry 90ms (cache hit)
200 silly packumentCache full:https://registry.npmjs.org/@humanwhocodes%2fretry set size:42348 disposed:false
201 silly fetch manifest escape-string-regexp@^4.0.0
202 silly packumentCache full:https://registry.npmjs.org/escape-string-regexp cache-miss
203 http fetch GET 200 https://registry.npmjs.org/escape-string-regexp 113ms (cache hit)
204 silly packumentCache full:https://registry.npmjs.org/escape-string-regexp set size:22244 disposed:false
205 silly fetch manifest @eslint/config-helpers@^0.4.2
206 silly packumentCache full:https://registry.npmjs.org/@eslint%2fconfig-helpers cache-miss
207 http fetch GET 200 https://registry.npmjs.org/@eslint%2fconfig-helpers 72ms (cache hit)
208 silly packumentCache full:https://registry.npmjs.org/@eslint%2fconfig-helpers set size:37101 disposed:false
209 silly fetch manifest @eslint-community/regexpp@^4.12.1
210 silly packumentCache full:https://registry.npmjs.org/@eslint-community%2fregexpp cache-miss
211 http fetch GET 200 https://registry.npmjs.org/@eslint-community%2fregexpp 90ms (cache hit)
212 silly packumentCache full:https://registry.npmjs.org/@eslint-community%2fregexpp set size:106609 disposed:false
213 silly fetch manifest @eslint-community/eslint-utils@^4.8.0
214 silly packumentCache full:https://registry.npmjs.org/@eslint-community%2feslint-utils cache-miss
215 http fetch GET 200 https://registry.npmjs.org/@eslint-community%2feslint-utils 93ms (cache hit)
216 silly packumentCache full:https://registry.npmjs.org/@eslint-community%2feslint-utils set size:93301 disposed:false
217 silly fetch manifest @humanwhocodes/module-importer@^1.0.1
218 silly packumentCache full:https://registry.npmjs.org/@humanwhocodes%2fmodule-importer cache-miss
219 http fetch GET 200 https://registry.npmjs.org/@humanwhocodes%2fmodule-importer 90ms (cache hit)
220 silly packumentCache full:https://registry.npmjs.org/@humanwhocodes%2fmodule-importer set size:9516 disposed:false
221 silly fetch manifest json-stable-stringify-without-jsonify@^1.0.1
222 silly packumentCache full:https://registry.npmjs.org/json-stable-stringify-without-jsonify cache-miss
223 http fetch GET 200 https://registry.npmjs.org/json-stable-stringify-without-jsonify 173ms (cache hit)
224 silly packumentCache full:https://registry.npmjs.org/json-stable-stringify-without-jsonify set size:5808 disposed:false
225 silly fetch manifest globals@16.4.0
226 silly packumentCache full:https://registry.npmjs.org/globals cache-miss
227 http fetch GET 200 https://registry.npmjs.org/globals 232ms (cache hit)
228 silly packumentCache full:https://registry.npmjs.org/globals set size:293859 disposed:false
229 silly fetch manifest typescript-eslint@^8.46.0
230 silly packumentCache full:https://registry.npmjs.org/typescript-eslint cache-miss
231 http fetch GET 200 https://registry.npmjs.org/typescript-eslint 302ms (cache hit)
232 silly packumentCache full:https://registry.npmjs.org/typescript-eslint set size:3494005 disposed:false
233 silly fetch manifest eslint-plugin-react@^7.37.0
234 silly packumentCache full:https://registry.npmjs.org/eslint-plugin-react cache-miss
235 http fetch GET 200 https://registry.npmjs.org/eslint-plugin-react 197ms (cache hit)
236 silly packumentCache full:https://registry.npmjs.org/eslint-plugin-react set size:646827 disposed:false
237 silly fetch manifest eslint-plugin-import@^2.32.0
238 silly packumentCache full:https://registry.npmjs.org/eslint-plugin-import cache-miss
239 http fetch GET 200 https://registry.npmjs.org/eslint-plugin-import 141ms (cache hit)
240 silly packumentCache full:https://registry.npmjs.org/eslint-plugin-import set size:484928 disposed:false
241 silly fetch manifest eslint-plugin-jsx-a11y@^6.10.0
242 silly packumentCache full:https://registry.npmjs.org/eslint-plugin-jsx-a11y cache-miss
243 http fetch GET 200 https://registry.npmjs.org/eslint-plugin-jsx-a11y 265ms (cache hit)
244 silly packumentCache full:https://registry.npmjs.org/eslint-plugin-jsx-a11y set size:280052 disposed:false
245 silly fetch manifest @next/eslint-plugin-next@16.1.2
246 silly packumentCache full:https://registry.npmjs.org/@next%2feslint-plugin-next cache-miss
247 http fetch GET 200 https://registry.npmjs.org/@next%2feslint-plugin-next 388ms (cache hit)
248 silly packumentCache full:https://registry.npmjs.org/@next%2feslint-plugin-next set size:6316381 disposed:false
249 silly fetch manifest eslint-plugin-react-hooks@^7.0.0
250 silly packumentCache full:https://registry.npmjs.org/eslint-plugin-react-hooks cache-miss
251 http fetch GET 200 https://registry.npmjs.org/eslint-plugin-react-hooks 296ms (cache hit)
252 silly packumentCache full:https://registry.npmjs.org/eslint-plugin-react-hooks set size:7005180 disposed:false
253 silly fetch manifest eslint-import-resolver-node@^0.3.6
254 silly packumentCache full:https://registry.npmjs.org/eslint-import-resolver-node cache-miss
255 http fetch GET 200 https://registry.npmjs.org/eslint-import-resolver-node 141ms (cache hit)
256 silly packumentCache full:https://registry.npmjs.org/eslint-import-resolver-node set size:35202 disposed:false
257 silly fetch manifest eslint-import-resolver-typescript@^3.5.2
258 silly packumentCache full:https://registry.npmjs.org/eslint-import-resolver-typescript cache-miss
259 http fetch GET 200 https://registry.npmjs.org/eslint-import-resolver-typescript 200ms (cache hit)
260 silly packumentCache full:https://registry.npmjs.org/eslint-import-resolver-typescript set size:334387 disposed:false
261 silly fetch manifest postcss@8.4.31
262 silly packumentCache full:https://registry.npmjs.org/postcss cache-miss
263 http fetch GET 200 https://registry.npmjs.org/postcss 162ms (cache hit)
264 silly packumentCache full:https://registry.npmjs.org/postcss set size:696248 disposed:false
265 silly fetch manifest @next/env@16.1.2
266 silly packumentCache full:https://registry.npmjs.org/@next%2fenv cache-miss
267 http fetch GET 200 https://registry.npmjs.org/@next%2fenv 276ms (cache hit)
268 silly packumentCache full:https://registry.npmjs.org/@next%2fenv set size:6764191 disposed:false
269 silly fetch manifest styled-jsx@5.1.6
270 silly packumentCache full:https://registry.npmjs.org/styled-jsx cache-miss
271 http fetch GET 200 https://registry.npmjs.org/styled-jsx 174ms (cache hit)
272 silly packumentCache full:https://registry.npmjs.org/styled-jsx set size:436113 disposed:false
273 silly fetch manifest @swc/helpers@0.5.15
274 silly packumentCache full:https://registry.npmjs.org/@swc%2fhelpers cache-miss
275 http fetch GET 200 https://registry.npmjs.org/@swc%2fhelpers 195ms (cache hit)
276 silly packumentCache full:https://registry.npmjs.org/@swc%2fhelpers set size:655395 disposed:false
277 silly fetch manifest caniuse-lite@^1.0.30001579
278 silly packumentCache full:https://registry.npmjs.org/caniuse-lite cache-miss
279 http fetch GET 200 https://registry.npmjs.org/caniuse-lite 308ms (cache hit)
280 silly packumentCache full:https://registry.npmjs.org/caniuse-lite set size:2242439 disposed:false
281 silly fetch manifest baseline-browser-mapping@^2.8.3
282 silly packumentCache full:https://registry.npmjs.org/baseline-browser-mapping cache-miss
283 http fetch GET 200 https://registry.npmjs.org/baseline-browser-mapping 194ms (cache hit)
284 silly packumentCache full:https://registry.npmjs.org/baseline-browser-mapping set size:367517 disposed:false
285 silly fetch manifest sharp@^0.34.4
286 silly packumentCache full:https://registry.npmjs.org/sharp cache-miss
287 http fetch GET 200 https://registry.npmjs.org/sharp 165ms (cache hit)
288 silly packumentCache full:https://registry.npmjs.org/sharp set size:1034463 disposed:false
289 silly fetch manifest @next/swc-darwin-x64@16.1.2
290 silly packumentCache full:https://registry.npmjs.org/@next%2fswc-darwin-x64 cache-miss
291 http fetch GET 200 https://registry.npmjs.org/@next%2fswc-darwin-x64 218ms (cache hit)
292 silly packumentCache full:https://registry.npmjs.org/@next%2fswc-darwin-x64 set size:4811033 disposed:false
293 silly fetch manifest @next/swc-darwin-arm64@16.1.2
294 silly packumentCache full:https://registry.npmjs.org/@next%2fswc-darwin-arm64 cache-miss
295 http fetch GET 200 https://registry.npmjs.org/@next%2fswc-darwin-arm64 311ms (cache hit)
296 silly packumentCache full:https://registry.npmjs.org/@next%2fswc-darwin-arm64 set size:4864081 disposed:false
297 silly fetch manifest @next/swc-linux-x64-gnu@16.1.2
298 silly packumentCache full:https://registry.npmjs.org/@next%2fswc-linux-x64-gnu cache-miss
299 http fetch GET 200 https://registry.npmjs.org/@next%2fswc-linux-x64-gnu 245ms (cache hit)
300 silly packumentCache full:https://registry.npmjs.org/@next%2fswc-linux-x64-gnu set size:4908101 disposed:false
301 silly fetch manifest @next/swc-linux-x64-musl@16.1.2
302 silly packumentCache full:https://registry.npmjs.org/@next%2fswc-linux-x64-musl cache-miss
303 http fetch GET 200 https://registry.npmjs.org/@next%2fswc-linux-x64-musl 126ms (cache hit)
304 silly packumentCache full:https://registry.npmjs.org/@next%2fswc-linux-x64-musl set size:4664758 disposed:false
305 silly fetch manifest @next/swc-win32-x64-msvc@16.1.2
306 silly packumentCache full:https://registry.npmjs.org/@next%2fswc-win32-x64-msvc cache-miss
307 http fetch GET 200 https://registry.npmjs.org/@next%2fswc-win32-x64-msvc 145ms (cache hit)
308 silly packumentCache full:https://registry.npmjs.org/@next%2fswc-win32-x64-msvc set size:4882210 disposed:false
309 silly fetch manifest @next/swc-linux-arm64-gnu@16.1.2
310 silly packumentCache full:https://registry.npmjs.org/@next%2fswc-linux-arm64-gnu cache-miss
311 http fetch GET 200 https://registry.npmjs.org/@next%2fswc-linux-arm64-gnu 132ms (cache hit)
312 silly packumentCache full:https://registry.npmjs.org/@next%2fswc-linux-arm64-gnu set size:4709527 disposed:false
313 silly fetch manifest @next/swc-linux-arm64-musl@16.1.2
314 silly packumentCache full:https://registry.npmjs.org/@next%2fswc-linux-arm64-musl cache-miss
315 http fetch GET 200 https://registry.npmjs.org/@next%2fswc-linux-arm64-musl 112ms (cache hit)
316 silly packumentCache full:https://registry.npmjs.org/@next%2fswc-linux-arm64-musl set size:4725800 disposed:false
317 silly fetch manifest @next/swc-win32-arm64-msvc@16.1.2
318 silly packumentCache full:https://registry.npmjs.org/@next%2fswc-win32-arm64-msvc cache-miss
319 http fetch GET 200 https://registry.npmjs.org/@next%2fswc-win32-arm64-msvc 123ms (cache hit)
320 silly packumentCache full:https://registry.npmjs.org/@next%2fswc-win32-arm64-msvc set size:4693184 disposed:false
321 silly fetch manifest scheduler@^0.27.0
322 silly packumentCache full:https://registry.npmjs.org/scheduler cache-miss
323 http fetch GET 200 https://registry.npmjs.org/scheduler 343ms (cache hit)
324 silly packumentCache full:https://registry.npmjs.org/scheduler set size:5312924 disposed:false
325 silly placeDep ROOT undici-types@6.21.0 OK for: @types/node@20.19.30 want: ~6.21.0
326 silly placeDep ROOT csstype@3.2.3 OK for: @types/react@19.2.8 want: ^3.2.2
327 silly fetch manifest eslint@^6.0.0 || ^7.0.0 || >=8.0.0
328 silly packumentCache full:https://registry.npmjs.org/eslint cache-miss
329 http fetch GET 200 https://registry.npmjs.org/eslint 236ms (cache hit)
330 silly packumentCache full:https://registry.npmjs.org/eslint set size:1886875 disposed:false
331 silly placeDep ROOT @eslint-community/eslint-utils@4.9.1 OK for: eslint@9.39.2 want: ^4.8.0
332 silly placeDep ROOT @eslint-community/regexpp@4.12.2 OK for: eslint@9.39.2 want: ^4.12.1
333 silly placeDep ROOT @eslint/config-array@0.21.1 OK for: eslint@9.39.2 want: ^0.21.1
334 silly placeDep ROOT @eslint/config-helpers@0.4.2 OK for: eslint@9.39.2 want: ^0.4.2
335 silly placeDep ROOT @eslint/core@0.17.0 OK for: eslint@9.39.2 want: ^0.17.0
336 silly placeDep ROOT @eslint/eslintrc@3.3.3 OK for: eslint@9.39.2 want: ^3.3.1
337 silly placeDep ROOT @eslint/js@9.39.2 OK for: eslint@9.39.2 want: 9.39.2
338 silly placeDep ROOT @eslint/plugin-kit@0.4.1 OK for: eslint@9.39.2 want: ^0.4.1
339 silly placeDep ROOT @humanfs/node@0.16.7 OK for: eslint@9.39.2 want: ^0.16.6
340 silly placeDep ROOT @humanwhocodes/module-importer@1.0.1 OK for: eslint@9.39.2 want: ^1.0.1
341 silly placeDep ROOT @humanwhocodes/retry@0.4.3 OK for: eslint@9.39.2 want: ^0.4.2
342 silly placeDep ROOT @types/estree@1.0.8 OK for: eslint@9.39.2 want: ^1.0.6
343 silly placeDep ROOT ajv@6.12.6 OK for: eslint@9.39.2 want: ^6.12.4
344 silly placeDep ROOT chalk@4.1.2 OK for: eslint@9.39.2 want: ^4.0.0
345 silly placeDep ROOT cross-spawn@7.0.6 OK for: eslint@9.39.2 want: ^7.0.6
346 silly placeDep ROOT debug@4.4.3 OK for: eslint@9.39.2 want: ^4.3.2
347 silly placeDep ROOT escape-string-regexp@4.0.0 OK for: eslint@9.39.2 want: ^4.0.0
348 silly placeDep ROOT eslint-scope@8.4.0 OK for: eslint@9.39.2 want: ^8.4.0
349 silly placeDep ROOT eslint-visitor-keys@4.2.1 OK for: eslint@9.39.2 want: ^4.2.1
350 silly placeDep ROOT espree@10.4.0 OK for: eslint@9.39.2 want: ^10.4.0
351 silly placeDep ROOT esquery@1.7.0 OK for: eslint@9.39.2 want: ^1.5.0
352 silly placeDep ROOT esutils@2.0.3 OK for: eslint@9.39.2 want: ^2.0.2
353 silly placeDep ROOT fast-deep-equal@3.1.3 OK for: eslint@9.39.2 want: ^3.1.3
354 silly placeDep ROOT file-entry-cache@8.0.0 OK for: eslint@9.39.2 want: ^8.0.0
355 silly placeDep ROOT find-up@5.0.0 OK for: eslint@9.39.2 want: ^5.0.0
356 silly placeDep ROOT glob-parent@6.0.2 OK for: eslint@9.39.2 want: ^6.0.2
357 silly placeDep ROOT ignore@5.3.2 OK for: eslint@9.39.2 want: ^5.2.0
358 silly placeDep ROOT imurmurhash@0.1.4 OK for: eslint@9.39.2 want: ^0.1.4
359 silly placeDep ROOT is-glob@4.0.3 OK for: eslint@9.39.2 want: ^4.0.0
360 silly placeDep ROOT json-stable-stringify-without-jsonify@1.0.1 OK for: eslint@9.39.2 want: ^1.0.1
361 silly placeDep ROOT lodash.merge@4.6.2 OK for: eslint@9.39.2 want: ^4.6.2
362 silly placeDep ROOT minimatch@3.1.2 OK for: eslint@9.39.2 want: ^3.1.2
363 silly placeDep ROOT natural-compare@1.4.0 OK for: eslint@9.39.2 want: ^1.4.0
364 silly placeDep ROOT optionator@0.9.4 OK for: eslint@9.39.2 want: ^0.9.3
365 silly fetch manifest eslint-visitor-keys@^3.4.3
366 silly packumentCache full:https://registry.npmjs.org/eslint-visitor-keys cache-hit
367 silly fetch manifest debug@^4.3.1
368 silly packumentCache full:https://registry.npmjs.org/debug cache-hit
369 silly fetch manifest @eslint/object-schema@^2.1.7
370 silly packumentCache full:https://registry.npmjs.org/@eslint%2fobject-schema cache-miss
371 http fetch GET 200 https://registry.npmjs.org/@eslint%2fobject-schema 187ms (cache hit)
372 silly packumentCache full:https://registry.npmjs.org/@eslint%2fobject-schema set size:23821 disposed:false
373 silly fetch manifest @types/json-schema@^7.0.15
374 silly packumentCache full:https://registry.npmjs.org/@types%2fjson-schema cache-miss
375 http fetch GET 200 https://registry.npmjs.org/@types%2fjson-schema 239ms (cache hit)
376 silly packumentCache full:https://registry.npmjs.org/@types%2fjson-schema set size:44704 disposed:false
377 silly fetch manifest espree@^10.0.1
378 silly packumentCache full:https://registry.npmjs.org/espree cache-hit
379 silly fetch manifest globals@^14.0.0
380 silly packumentCache full:https://registry.npmjs.org/globals cache-hit
381 silly fetch manifest import-fresh@^3.2.1
382 silly packumentCache full:https://registry.npmjs.org/import-fresh cache-miss
383 http fetch GET 200 https://registry.npmjs.org/import-fresh 200ms (cache hit)
384 silly packumentCache full:https://registry.npmjs.org/import-fresh set size:21461 disposed:false
385 silly fetch manifest js-yaml@^4.1.1
386 silly packumentCache full:https://registry.npmjs.org/js-yaml cache-miss
387 http fetch GET 200 https://registry.npmjs.org/js-yaml 199ms (cache hit)
388 silly packumentCache full:https://registry.npmjs.org/js-yaml set size:152232 disposed:false
389 silly fetch manifest strip-json-comments@^3.1.1
390 silly packumentCache full:https://registry.npmjs.org/strip-json-comments cache-miss
391 http fetch GET 200 https://registry.npmjs.org/strip-json-comments 142ms (cache hit)
392 silly packumentCache full:https://registry.npmjs.org/strip-json-comments set size:43569 disposed:false
393 silly fetch manifest levn@^0.4.1
394 silly packumentCache full:https://registry.npmjs.org/levn cache-miss
395 http fetch GET 200 https://registry.npmjs.org/levn 145ms (cache hit)
396 silly packumentCache full:https://registry.npmjs.org/levn set size:28223 disposed:false
397 silly fetch manifest @humanwhocodes/retry@^0.4.0
398 silly packumentCache full:https://registry.npmjs.org/@humanwhocodes%2fretry cache-hit
399 silly fetch manifest @humanfs/core@^0.19.1
400 silly packumentCache full:https://registry.npmjs.org/@humanfs%2fcore cache-miss
401 http fetch GET 200 https://registry.npmjs.org/@humanfs%2fcore 236ms (cache hit)
402 silly packumentCache full:https://registry.npmjs.org/@humanfs%2fcore set size:35472 disposed:false
403 silly fetch manifest uri-js@^4.2.2
404 silly packumentCache full:https://registry.npmjs.org/uri-js cache-miss
405 http fetch GET 200 https://registry.npmjs.org/uri-js 281ms (cache hit)
406 silly packumentCache full:https://registry.npmjs.org/uri-js set size:42559 disposed:false
407 silly fetch manifest fast-deep-equal@^3.1.1
408 silly packumentCache full:https://registry.npmjs.org/fast-deep-equal cache-hit
409 silly fetch manifest json-schema-traverse@^0.4.1
410 silly packumentCache full:https://registry.npmjs.org/json-schema-traverse cache-miss
411 http fetch GET 200 https://registry.npmjs.org/json-schema-traverse 189ms (cache hit)
412 silly packumentCache full:https://registry.npmjs.org/json-schema-traverse set size:23537 disposed:false
413 silly fetch manifest fast-json-stable-stringify@^2.0.0
414 silly packumentCache full:https://registry.npmjs.org/fast-json-stable-stringify cache-miss
415 http fetch GET 200 https://registry.npmjs.org/fast-json-stable-stringify 206ms (cache hit)
416 silly packumentCache full:https://registry.npmjs.org/fast-json-stable-stringify set size:11337 disposed:false
417 silly fetch manifest ansi-styles@^4.1.0
418 silly packumentCache full:https://registry.npmjs.org/ansi-styles cache-miss
419 http fetch GET 200 https://registry.npmjs.org/ansi-styles 244ms (cache hit)
420 silly packumentCache full:https://registry.npmjs.org/ansi-styles set size:63233 disposed:false
421 silly fetch manifest supports-color@^7.1.0
422 silly packumentCache full:https://registry.npmjs.org/supports-color cache-miss
423 http fetch GET 200 https://registry.npmjs.org/supports-color 210ms (cache hit)
424 silly packumentCache full:https://registry.npmjs.org/supports-color set size:118680 disposed:false
425 silly fetch manifest which@^2.0.1
426 silly packumentCache full:https://registry.npmjs.org/which cache-miss
427 http fetch GET 200 https://registry.npmjs.org/which 166ms (cache hit)
428 silly packumentCache full:https://registry.npmjs.org/which set size:65264 disposed:false
429 silly fetch manifest path-key@^3.1.0
430 silly packumentCache full:https://registry.npmjs.org/path-key cache-miss
431 http fetch GET 200 https://registry.npmjs.org/path-key 170ms (cache hit)
432 silly packumentCache full:https://registry.npmjs.org/path-key set size:16975 disposed:false
433 silly fetch manifest shebang-command@^2.0.0
434 silly packumentCache full:https://registry.npmjs.org/shebang-command cache-miss
435 http fetch GET 200 https://registry.npmjs.org/shebang-command 208ms (cache hit)
436 silly packumentCache full:https://registry.npmjs.org/shebang-command set size:8525 disposed:false
437 silly fetch manifest ms@^2.1.3
438 silly packumentCache full:https://registry.npmjs.org/ms cache-miss
439 http fetch GET 200 https://registry.npmjs.org/ms 168ms (cache hit)
440 silly packumentCache full:https://registry.npmjs.org/ms set size:92208 disposed:false
441 silly fetch manifest esrecurse@^4.3.0
442 silly packumentCache full:https://registry.npmjs.org/esrecurse cache-miss
443 http fetch GET 200 https://registry.npmjs.org/esrecurse 85ms (cache hit)
444 silly packumentCache full:https://registry.npmjs.org/esrecurse set size:29005 disposed:false
445 silly fetch manifest estraverse@^5.2.0
446 silly packumentCache full:https://registry.npmjs.org/estraverse cache-miss
447 http fetch GET 200 https://registry.npmjs.org/estraverse 69ms (cache hit)
448 silly packumentCache full:https://registry.npmjs.org/estraverse set size:62412 disposed:false
449 silly fetch manifest acorn@^8.15.0
450 silly packumentCache full:https://registry.npmjs.org/acorn cache-miss
451 http fetch GET 200 https://registry.npmjs.org/acorn 71ms (cache hit)
452 silly packumentCache full:https://registry.npmjs.org/acorn set size:377362 disposed:false
453 silly fetch manifest acorn-jsx@^5.3.2
454 silly packumentCache full:https://registry.npmjs.org/acorn-jsx cache-miss
455 http fetch GET 200 https://registry.npmjs.org/acorn-jsx 68ms (cache hit)
456 silly packumentCache full:https://registry.npmjs.org/acorn-jsx set size:71068 disposed:false
457 silly fetch manifest estraverse@^5.1.0
458 silly packumentCache full:https://registry.npmjs.org/estraverse cache-hit
459 silly fetch manifest flat-cache@^4.0.0
460 silly packumentCache full:https://registry.npmjs.org/flat-cache cache-miss
461 http fetch GET 200 https://registry.npmjs.org/flat-cache 66ms (cache hit)
462 silly packumentCache full:https://registry.npmjs.org/flat-cache set size:161118 disposed:false
463 silly fetch manifest locate-path@^6.0.0
464 silly packumentCache full:https://registry.npmjs.org/locate-path cache-miss
465 http fetch GET 200 https://registry.npmjs.org/locate-path 57ms (cache hit)
466 silly packumentCache full:https://registry.npmjs.org/locate-path set size:31329 disposed:false
467 silly fetch manifest path-exists@^4.0.0
468 silly packumentCache full:https://registry.npmjs.org/path-exists cache-miss
469 http fetch GET 200 https://registry.npmjs.org/path-exists 70ms (cache hit)
470 silly packumentCache full:https://registry.npmjs.org/path-exists set size:13704 disposed:false
471 silly fetch manifest is-glob@^4.0.3
472 silly packumentCache full:https://registry.npmjs.org/is-glob cache-hit
473 silly fetch manifest is-extglob@^2.1.1
474 silly packumentCache full:https://registry.npmjs.org/is-extglob cache-miss
475 http fetch GET 200 https://registry.npmjs.org/is-extglob 65ms (cache hit)
476 silly packumentCache full:https://registry.npmjs.org/is-extglob set size:11766 disposed:false
477 silly fetch manifest brace-expansion@^1.1.7
478 silly packumentCache full:https://registry.npmjs.org/brace-expansion cache-miss
479 http fetch GET 200 https://registry.npmjs.org/brace-expansion 65ms (cache hit)
480 silly packumentCache full:https://registry.npmjs.org/brace-expansion set size:46250 disposed:false
481 silly fetch manifest prelude-ls@^1.2.1
482 silly packumentCache full:https://registry.npmjs.org/prelude-ls cache-miss
483 http fetch GET 200 https://registry.npmjs.org/prelude-ls 58ms (cache hit)
484 silly packumentCache full:https://registry.npmjs.org/prelude-ls set size:25777 disposed:false
485 silly fetch manifest deep-is@^0.1.3
486 silly packumentCache full:https://registry.npmjs.org/deep-is cache-miss
487 http fetch GET 200 https://registry.npmjs.org/deep-is 66ms (cache hit)
488 silly packumentCache full:https://registry.npmjs.org/deep-is set size:10205 disposed:false
489 silly fetch manifest word-wrap@^1.2.5
490 silly packumentCache full:https://registry.npmjs.org/word-wrap cache-miss
491 http fetch GET 200 https://registry.npmjs.org/word-wrap 73ms (cache hit)
492 silly packumentCache full:https://registry.npmjs.org/word-wrap set size:37835 disposed:false
493 silly fetch manifest type-check@^0.4.0
494 silly packumentCache full:https://registry.npmjs.org/type-check cache-miss
495 http fetch GET 200 https://registry.npmjs.org/type-check 103ms (cache hit)
496 silly packumentCache full:https://registry.npmjs.org/type-check set size:21221 disposed:false
497 silly fetch manifest fast-levenshtein@^2.0.6
498 silly packumentCache full:https://registry.npmjs.org/fast-levenshtein cache-miss
499 http fetch GET 200 https://registry.npmjs.org/fast-levenshtein 170ms (cache hit)
500 silly packumentCache full:https://registry.npmjs.org/fast-levenshtein set size:39317 disposed:false
501 silly placeDep node_modules/@eslint-community/eslint-utils eslint-visitor-keys@3.4.3 OK for: @eslint-community/eslint-utils@4.9.1 want: ^3.4.3
502 silly placeDep ROOT @eslint/object-schema@2.1.7 OK for: @eslint/config-array@0.21.1 want: ^2.1.7
503 silly placeDep ROOT @types/json-schema@7.0.15 OK for: @eslint/core@0.17.0 want: ^7.0.15
504 silly placeDep ROOT globals@14.0.0 OK for: @eslint/eslintrc@3.3.3 want: ^14.0.0
505 silly placeDep ROOT import-fresh@3.3.1 OK for: @eslint/eslintrc@3.3.3 want: ^3.2.1
506 silly placeDep ROOT js-yaml@4.1.1 OK for: @eslint/eslintrc@3.3.3 want: ^4.1.1
507 silly placeDep ROOT strip-json-comments@3.1.1 OK for: @eslint/eslintrc@3.3.3 want: ^3.1.1
508 silly fetch manifest parent-module@^1.0.0
509 silly packumentCache full:https://registry.npmjs.org/parent-module cache-miss
510 http fetch GET 200 https://registry.npmjs.org/parent-module 262ms (cache hit)
511 silly packumentCache full:https://registry.npmjs.org/parent-module set size:18255 disposed:false
512 silly fetch manifest resolve-from@^4.0.0
513 silly packumentCache full:https://registry.npmjs.org/resolve-from cache-miss
514 http fetch GET 200 https://registry.npmjs.org/resolve-from 241ms (cache hit)
515 silly packumentCache full:https://registry.npmjs.org/resolve-from set size:12911 disposed:false
516 silly fetch manifest argparse@^2.0.1
517 silly packumentCache full:https://registry.npmjs.org/argparse cache-miss
518 http fetch GET 200 https://registry.npmjs.org/argparse 170ms (cache hit)
519 silly packumentCache full:https://registry.npmjs.org/argparse set size:49266 disposed:false
520 silly placeDep ROOT levn@0.4.1 OK for: @eslint/plugin-kit@0.4.1 want: ^0.4.1
521 silly fetch manifest type-check@~0.4.0
522 silly packumentCache full:https://registry.npmjs.org/type-check cache-hit
523 silly placeDep ROOT @humanfs/core@0.19.1 OK for: @humanfs/node@0.16.7 want: ^0.19.1
524 silly placeDep ROOT fast-json-stable-stringify@2.1.0 OK for: ajv@6.12.6 want: ^2.0.0
525 silly placeDep ROOT json-schema-traverse@0.4.1 OK for: ajv@6.12.6 want: ^0.4.1
526 silly placeDep ROOT uri-js@4.4.1 OK for: ajv@6.12.6 want: ^4.2.2
527 silly fetch manifest punycode@^2.1.0
528 silly packumentCache full:https://registry.npmjs.org/punycode cache-miss
529 http fetch GET 200 https://registry.npmjs.org/punycode 117ms (cache hit)
530 silly packumentCache full:https://registry.npmjs.org/punycode set size:61302 disposed:false
531 silly placeDep ROOT ansi-styles@4.3.0 OK for: chalk@4.1.2 want: ^4.1.0
532 silly placeDep ROOT supports-color@7.2.0 OK for: chalk@4.1.2 want: ^7.1.0
533 silly fetch manifest color-convert@^2.0.1
534 silly packumentCache full:https://registry.npmjs.org/color-convert cache-miss
535 http fetch GET 200 https://registry.npmjs.org/color-convert 91ms (cache hit)
536 silly packumentCache full:https://registry.npmjs.org/color-convert set size:72663 disposed:false
537 silly fetch manifest has-flag@^4.0.0
538 silly packumentCache full:https://registry.npmjs.org/has-flag cache-miss
539 http fetch GET 200 https://registry.npmjs.org/has-flag 107ms (cache hit)
540 silly packumentCache full:https://registry.npmjs.org/has-flag set size:15180 disposed:false
541 silly placeDep ROOT color-convert@2.0.1 OK for: ansi-styles@4.3.0 want: ^2.0.1
542 silly fetch manifest color-name@~1.1.4
543 silly packumentCache full:https://registry.npmjs.org/color-name cache-miss
544 http fetch GET 200 https://registry.npmjs.org/color-name 93ms (cache hit)
545 silly packumentCache full:https://registry.npmjs.org/color-name set size:19467 disposed:false
546 silly placeDep ROOT color-name@1.1.4 OK for: color-convert@2.0.1 want: ~1.1.4
547 silly placeDep ROOT path-key@3.1.1 OK for: cross-spawn@7.0.6 want: ^3.1.0
548 silly placeDep ROOT shebang-command@2.0.0 OK for: cross-spawn@7.0.6 want: ^2.0.0
549 silly placeDep ROOT which@2.0.2 OK for: cross-spawn@7.0.6 want: ^2.0.1
550 silly fetch manifest shebang-regex@^3.0.0
551 silly packumentCache full:https://registry.npmjs.org/shebang-regex cache-miss
552 http fetch GET 200 https://registry.npmjs.org/shebang-regex 97ms (cache hit)
553 silly packumentCache full:https://registry.npmjs.org/shebang-regex set size:9763 disposed:false
554 silly fetch manifest isexe@^2.0.0
555 silly packumentCache full:https://registry.npmjs.org/isexe cache-miss
556 http fetch GET 200 https://registry.npmjs.org/isexe 113ms (cache hit)
557 silly packumentCache full:https://registry.npmjs.org/isexe set size:19340 disposed:false
558 silly placeDep ROOT ms@2.1.3 OK for: debug@4.4.3 want: ^2.1.3
559 silly fetch manifest eslint@>=9.0.0
560 silly packumentCache full:https://registry.npmjs.org/eslint cache-miss
561 http fetch GET 200 https://registry.npmjs.org/eslint 142ms (cache hit)
562 silly packumentCache full:https://registry.npmjs.org/eslint set size:1886875 disposed:false
563 silly fetch manifest typescript@>=3.3.1
564 silly packumentCache full:https://registry.npmjs.org/typescript cache-miss
565 http fetch GET 200 https://registry.npmjs.org/typescript 231ms (cache hit)
566 silly packumentCache full:https://registry.npmjs.org/typescript set size:15133370 disposed:false
567 silly fetch manifest eslint-plugin-import-x@*
568 silly packumentCache full:https://registry.npmjs.org/eslint-plugin-import-x cache-miss
569 http fetch GET 200 https://registry.npmjs.org/eslint-plugin-import-x 84ms (cache hit)
570 silly packumentCache full:https://registry.npmjs.org/eslint-plugin-import-x set size:270464 disposed:false
571 silly fetch manifest @typescript-eslint/utils@^8.0.0
572 silly packumentCache full:https://registry.npmjs.org/@typescript-eslint%2futils cache-miss
573 http fetch GET 200 https://registry.npmjs.org/@typescript-eslint%2futils 157ms (cache hit)
574 silly packumentCache full:https://registry.npmjs.org/@typescript-eslint%2futils set size:9618671 disposed:false
575 silly placeDep ROOT @next/eslint-plugin-next@16.1.2 OK for: eslint-config-next@16.1.2 want: 16.1.2
576 silly placeDep ROOT eslint-import-resolver-node@0.3.9 OK for: eslint-config-next@16.1.2 want: ^0.3.6
577 silly placeDep ROOT eslint-import-resolver-typescript@3.10.1 OK for: eslint-config-next@16.1.2 want: ^3.5.2
578 silly placeDep ROOT eslint-plugin-import@2.32.0 OK for: eslint-config-next@16.1.2 want: ^2.32.0
579 silly placeDep ROOT eslint-plugin-jsx-a11y@6.10.2 OK for: eslint-config-next@16.1.2 want: ^6.10.0
580 silly placeDep ROOT eslint-plugin-react@7.37.5 OK for: eslint-config-next@16.1.2 want: ^7.37.0
581 silly placeDep ROOT eslint-plugin-react-hooks@7.0.1 OK for: eslint-config-next@16.1.2 want: ^7.0.0
582 silly placeDep node_modules/eslint-config-next globals@16.4.0 OK for: eslint-config-next@16.1.2 want: 16.4.0
583 silly placeDep ROOT typescript-eslint@8.53.0 OK for: eslint-config-next@16.1.2 want: ^8.46.0
584 silly fetch manifest fast-glob@3.3.1
585 silly packumentCache full:https://registry.npmjs.org/fast-glob cache-miss
586 http fetch GET 200 https://registry.npmjs.org/fast-glob 95ms (cache hit)
587 silly packumentCache full:https://registry.npmjs.org/fast-glob set size:220556 disposed:false
588 silly fetch manifest debug@^3.2.7
589 silly packumentCache full:https://registry.npmjs.org/debug cache-hit
590 silly fetch manifest is-core-module@^2.13.0
591 silly packumentCache full:https://registry.npmjs.org/is-core-module cache-miss
592 http fetch GET 200 https://registry.npmjs.org/is-core-module 79ms (cache hit)
593 silly packumentCache full:https://registry.npmjs.org/is-core-module set size:71788 disposed:false
594 silly fetch manifest resolve@^1.22.4
595 silly packumentCache full:https://registry.npmjs.org/resolve cache-miss
596 http fetch GET 200 https://registry.npmjs.org/resolve 75ms (cache hit)
597 silly packumentCache full:https://registry.npmjs.org/resolve set size:246681 disposed:false
598 silly fetch manifest tinyglobby@^0.2.13
599 silly packumentCache full:https://registry.npmjs.org/tinyglobby cache-miss
600 http fetch GET 200 https://registry.npmjs.org/tinyglobby 114ms (cache hit)
601 silly packumentCache full:https://registry.npmjs.org/tinyglobby set size:49812 disposed:false
602 silly fetch manifest stable-hash@^0.0.5
603 silly packumentCache full:https://registry.npmjs.org/stable-hash cache-miss
604 http fetch GET 200 https://registry.npmjs.org/stable-hash 71ms (cache hit)
605 silly packumentCache full:https://registry.npmjs.org/stable-hash set size:18359 disposed:false
606 silly fetch manifest get-tsconfig@^4.10.0
607 silly packumentCache full:https://registry.npmjs.org/get-tsconfig cache-miss
608 http fetch GET 200 https://registry.npmjs.org/get-tsconfig 86ms (cache hit)
609 silly packumentCache full:https://registry.npmjs.org/get-tsconfig set size:103943 disposed:false
610 silly fetch manifest is-bun-module@^2.0.0
611 silly packumentCache full:https://registry.npmjs.org/is-bun-module cache-miss
612 http fetch GET 200 https://registry.npmjs.org/is-bun-module 179ms (cache hit)
613 silly packumentCache full:https://registry.npmjs.org/is-bun-module set size:19768 disposed:false
614 silly fetch manifest unrs-resolver@^1.6.2
615 silly packumentCache full:https://registry.npmjs.org/unrs-resolver cache-miss
616 http fetch GET 200 https://registry.npmjs.org/unrs-resolver 160ms (cache hit)
617 silly packumentCache full:https://registry.npmjs.org/unrs-resolver set size:142730 disposed:false
618 silly fetch manifest @nolyfill/is-core-module@1.0.39
619 silly packumentCache full:https://registry.npmjs.org/@nolyfill%2fis-core-module cache-miss
620 http fetch GET 200 https://registry.npmjs.org/@nolyfill%2fis-core-module 142ms (cache hit)
621 silly packumentCache full:https://registry.npmjs.org/@nolyfill%2fis-core-module set size:10461 disposed:false
622 silly fetch manifest @rtsao/scc@^1.1.0
623 silly packumentCache full:https://registry.npmjs.org/@rtsao%2fscc cache-miss
624 http fetch GET 200 https://registry.npmjs.org/@rtsao%2fscc 132ms (cache hit)
625 silly packumentCache full:https://registry.npmjs.org/@rtsao%2fscc set size:6332 disposed:false
626 silly fetch manifest array-includes@^3.1.9
627 silly packumentCache full:https://registry.npmjs.org/array-includes cache-miss
628 http fetch GET 200 https://registry.npmjs.org/array-includes 239ms (cache hit)
629 silly packumentCache full:https://registry.npmjs.org/array-includes set size:77143 disposed:false
630 silly fetch manifest array.prototype.findlastindex@^1.2.6
631 silly packumentCache full:https://registry.npmjs.org/array.prototype.findlastindex cache-miss
632 http fetch GET 200 https://registry.npmjs.org/array.prototype.findlastindex 258ms (cache hit)
633 silly packumentCache full:https://registry.npmjs.org/array.prototype.findlastindex set size:44828 disposed:false
634 silly fetch manifest array.prototype.flat@^1.3.3
635 silly packumentCache full:https://registry.npmjs.org/array.prototype.flat cache-miss
636 http fetch GET 200 https://registry.npmjs.org/array.prototype.flat 199ms (cache hit)
637 silly packumentCache full:https://registry.npmjs.org/array.prototype.flat set size:38327 disposed:false
638 silly fetch manifest array.prototype.flatmap@^1.3.3
639 silly packumentCache full:https://registry.npmjs.org/array.prototype.flatmap cache-miss
640 http fetch GET 200 https://registry.npmjs.org/array.prototype.flatmap 167ms (cache hit)
641 silly packumentCache full:https://registry.npmjs.org/array.prototype.flatmap set size:51458 disposed:false
642 silly fetch manifest doctrine@^2.1.0
643 silly packumentCache full:https://registry.npmjs.org/doctrine cache-miss
644 http fetch GET 200 https://registry.npmjs.org/doctrine 153ms (cache hit)
645 silly packumentCache full:https://registry.npmjs.org/doctrine set size:64052 disposed:false
646 silly fetch manifest eslint-module-utils@^2.12.1
647 silly packumentCache full:https://registry.npmjs.org/eslint-module-utils cache-miss
648 http fetch GET 200 https://registry.npmjs.org/eslint-module-utils 152ms (cache hit)
649 silly packumentCache full:https://registry.npmjs.org/eslint-module-utils set size:77496 disposed:false
650 silly fetch manifest hasown@^2.0.2
651 silly packumentCache full:https://registry.npmjs.org/hasown cache-miss
652 http fetch GET 200 https://registry.npmjs.org/hasown 199ms (cache hit)
653 silly packumentCache full:https://registry.npmjs.org/hasown set size:12476 disposed:false
654 silly fetch manifest is-core-module@^2.16.1
655 silly packumentCache full:https://registry.npmjs.org/is-core-module cache-hit
656 silly fetch manifest object.fromentries@^2.0.8
657 silly packumentCache full:https://registry.npmjs.org/object.fromentries cache-miss
658 http fetch GET 200 https://registry.npmjs.org/object.fromentries 171ms (cache hit)
659 silly packumentCache full:https://registry.npmjs.org/object.fromentries set size:37686 disposed:false
660 silly fetch manifest object.groupby@^1.0.3
661 silly packumentCache full:https://registry.npmjs.org/object.groupby cache-miss
662 http fetch GET 200 https://registry.npmjs.org/object.groupby 172ms (cache hit)
663 silly packumentCache full:https://registry.npmjs.org/object.groupby set size:15504 disposed:false
664 silly fetch manifest object.values@^1.2.1
665 silly packumentCache full:https://registry.npmjs.org/object.values cache-miss
666 http fetch GET 200 https://registry.npmjs.org/object.values 204ms (cache hit)
667 silly packumentCache full:https://registry.npmjs.org/object.values set size:49009 disposed:false
668 silly fetch manifest semver@^6.3.1
669 silly packumentCache full:https://registry.npmjs.org/semver cache-miss
670 http fetch GET 200 https://registry.npmjs.org/semver 146ms (cache hit)
671 silly packumentCache full:https://registry.npmjs.org/semver set size:226907 disposed:false
672 silly fetch manifest string.prototype.trimend@^1.0.9
673 silly packumentCache full:https://registry.npmjs.org/string.prototype.trimend cache-miss
674 http fetch GET 200 https://registry.npmjs.org/string.prototype.trimend 158ms (cache hit)
675 silly packumentCache full:https://registry.npmjs.org/string.prototype.trimend set size:41090 disposed:false
676 silly fetch manifest tsconfig-paths@^3.15.0
677 silly packumentCache full:https://registry.npmjs.org/tsconfig-paths cache-miss
678 http fetch GET 200 https://registry.npmjs.org/tsconfig-paths 226ms (cache hit)
679 silly packumentCache full:https://registry.npmjs.org/tsconfig-paths set size:192565 disposed:false
680 silly fetch manifest aria-query@^5.3.2
681 silly packumentCache full:https://registry.npmjs.org/aria-query cache-miss
682 http fetch GET 200 https://registry.npmjs.org/aria-query 203ms (cache hit)
683 silly packumentCache full:https://registry.npmjs.org/aria-query set size:98864 disposed:false
684 silly fetch manifest array-includes@^3.1.8
685 silly packumentCache full:https://registry.npmjs.org/array-includes cache-hit
686 silly fetch manifest array.prototype.flatmap@^1.3.2
687 silly packumentCache full:https://registry.npmjs.org/array.prototype.flatmap cache-hit
688 silly fetch manifest ast-types-flow@^0.0.8
689 silly packumentCache full:https://registry.npmjs.org/ast-types-flow cache-miss
690 http fetch GET 200 https://registry.npmjs.org/ast-types-flow 176ms (cache hit)
691 silly packumentCache full:https://registry.npmjs.org/ast-types-flow set size:15144 disposed:false
692 silly fetch manifest axe-core@^4.10.0
693 silly packumentCache full:https://registry.npmjs.org/axe-core cache-miss
694 http fetch GET 200 https://registry.npmjs.org/axe-core 343ms (cache hit)
695 silly packumentCache full:https://registry.npmjs.org/axe-core set size:9071385 disposed:false
696 silly fetch manifest axobject-query@^4.1.0
697 silly packumentCache full:https://registry.npmjs.org/axobject-query cache-miss
698 http fetch GET 200 https://registry.npmjs.org/axobject-query 125ms (cache hit)
699 silly packumentCache full:https://registry.npmjs.org/axobject-query set size:75032 disposed:false
700 silly fetch manifest damerau-levenshtein@^1.0.8
701 silly packumentCache full:https://registry.npmjs.org/damerau-levenshtein cache-miss
702 http fetch GET 200 https://registry.npmjs.org/damerau-levenshtein 66ms (cache hit)
703 silly packumentCache full:https://registry.npmjs.org/damerau-levenshtein set size:23390 disposed:false
704 silly fetch manifest emoji-regex@^9.2.2
705 silly packumentCache full:https://registry.npmjs.org/emoji-regex cache-miss
706 http fetch GET 200 https://registry.npmjs.org/emoji-regex 62ms (cache hit)
707 silly packumentCache full:https://registry.npmjs.org/emoji-regex set size:89088 disposed:false
708 silly fetch manifest jsx-ast-utils@^3.3.5
709 silly packumentCache full:https://registry.npmjs.org/jsx-ast-utils cache-miss
710 http fetch GET 200 https://registry.npmjs.org/jsx-ast-utils 58ms (cache hit)
711 silly packumentCache full:https://registry.npmjs.org/jsx-ast-utils set size:115998 disposed:false
712 silly fetch manifest language-tags@^1.0.9
713 silly packumentCache full:https://registry.npmjs.org/language-tags cache-miss
714 http fetch GET 200 https://registry.npmjs.org/language-tags 61ms (cache hit)
715 silly packumentCache full:https://registry.npmjs.org/language-tags set size:38675 disposed:false
716 silly fetch manifest safe-regex-test@^1.0.3
717 silly packumentCache full:https://registry.npmjs.org/safe-regex-test cache-miss
718 http fetch GET 200 https://registry.npmjs.org/safe-regex-test 81ms (cache hit)
719 silly packumentCache full:https://registry.npmjs.org/safe-regex-test set size:17412 disposed:false
720 silly fetch manifest string.prototype.includes@^2.0.1
721 silly packumentCache full:https://registry.npmjs.org/string.prototype.includes cache-miss
722 http fetch GET 200 https://registry.npmjs.org/string.prototype.includes 66ms (cache hit)
723 silly packumentCache full:https://registry.npmjs.org/string.prototype.includes set size:10217 disposed:false
724 silly fetch manifest array.prototype.findlast@^1.2.5
725 silly packumentCache full:https://registry.npmjs.org/array.prototype.findlast cache-miss
726 http fetch GET 200 https://registry.npmjs.org/array.prototype.findlast 84ms (cache hit)
727 silly packumentCache full:https://registry.npmjs.org/array.prototype.findlast set size:40323 disposed:false
728 silly fetch manifest array.prototype.tosorted@^1.1.4
729 silly packumentCache full:https://registry.npmjs.org/array.prototype.tosorted cache-miss
730 http fetch GET 200 https://registry.npmjs.org/array.prototype.tosorted 79ms (cache hit)
731 silly packumentCache full:https://registry.npmjs.org/array.prototype.tosorted set size:24661 disposed:false
732 silly fetch manifest es-iterator-helpers@^1.2.1
733 silly packumentCache full:https://registry.npmjs.org/es-iterator-helpers cache-miss
734 http fetch GET 200 https://registry.npmjs.org/es-iterator-helpers 110ms (cache hit)
735 silly packumentCache full:https://registry.npmjs.org/es-iterator-helpers set size:227037 disposed:false
736 silly fetch manifest estraverse@^5.3.0
737 silly packumentCache full:https://registry.npmjs.org/estraverse cache-hit
738 silly fetch manifest jsx-ast-utils@^2.4.1 || ^3.0.0
739 silly packumentCache full:https://registry.npmjs.org/jsx-ast-utils cache-hit
740 silly fetch manifest object.entries@^1.1.9
741 silly packumentCache full:https://registry.npmjs.org/object.entries cache-miss
742 http fetch GET 200 https://registry.npmjs.org/object.entries 88ms (cache hit)
743 silly packumentCache full:https://registry.npmjs.org/object.entries set size:50037 disposed:false
744 silly fetch manifest prop-types@^15.8.1
745 silly packumentCache full:https://registry.npmjs.org/prop-types cache-miss
746 http fetch GET 200 https://registry.npmjs.org/prop-types 90ms (cache hit)
747 silly packumentCache full:https://registry.npmjs.org/prop-types set size:76747 disposed:false
748 silly fetch manifest resolve@^2.0.0-next.5
749 silly packumentCache full:https://registry.npmjs.org/resolve cache-hit
750 silly fetch manifest string.prototype.matchall@^4.0.12
751 silly packumentCache full:https://registry.npmjs.org/string.prototype.matchall cache-miss
752 http fetch GET 200 https://registry.npmjs.org/string.prototype.matchall 113ms (cache hit)
753 silly packumentCache full:https://registry.npmjs.org/string.prototype.matchall set size:63239 disposed:false
754 silly fetch manifest string.prototype.repeat@^1.0.0
755 silly packumentCache full:https://registry.npmjs.org/string.prototype.repeat cache-miss
756 http fetch GET 200 https://registry.npmjs.org/string.prototype.repeat 123ms (cache hit)
757 silly packumentCache full:https://registry.npmjs.org/string.prototype.repeat set size:8608 disposed:false
758 silly fetch manifest zod@^3.25.0 || ^4.0.0
759 silly packumentCache full:https://registry.npmjs.org/zod cache-miss
760 http fetch GET 200 https://registry.npmjs.org/zod 147ms (cache hit)
761 silly packumentCache full:https://registry.npmjs.org/zod set size:3462856 disposed:false
762 silly fetch manifest @babel/core@^7.24.4
763 silly packumentCache full:https://registry.npmjs.org/@babel%2fcore cache-miss
764 http fetch GET 200 https://registry.npmjs.org/@babel%2fcore 121ms (cache hit)
765 silly packumentCache full:https://registry.npmjs.org/@babel%2fcore set size:745002 disposed:false
766 silly fetch manifest @babel/parser@^7.24.4
767 silly packumentCache full:https://registry.npmjs.org/@babel%2fparser cache-miss
768 http fetch GET 200 https://registry.npmjs.org/@babel%2fparser 192ms (cache hit)
769 silly packumentCache full:https://registry.npmjs.org/@babel%2fparser set size:707345 disposed:false
770 silly fetch manifest hermes-parser@^0.25.1
771 silly packumentCache full:https://registry.npmjs.org/hermes-parser cache-miss
772 http fetch GET 200 https://registry.npmjs.org/hermes-parser 90ms (cache hit)
773 silly packumentCache full:https://registry.npmjs.org/hermes-parser set size:160109 disposed:false
774 silly fetch manifest zod-validation-error@^3.5.0 || ^4.0.0
775 silly packumentCache full:https://registry.npmjs.org/zod-validation-error cache-miss
776 http fetch GET 200 https://registry.npmjs.org/zod-validation-error 130ms (cache hit)
777 silly packumentCache full:https://registry.npmjs.org/zod-validation-error set size:178465 disposed:false
778 silly fetch manifest @typescript-eslint/eslint-plugin@8.53.0
779 silly packumentCache full:https://registry.npmjs.org/@typescript-eslint%2feslint-plugin cache-miss
780 http fetch GET 200 https://registry.npmjs.org/@typescript-eslint%2feslint-plugin 377ms (cache hit)
781 silly packumentCache full:https://registry.npmjs.org/@typescript-eslint%2feslint-plugin set size:17296513 disposed:false
782 silly fetch manifest @typescript-eslint/parser@8.53.0
783 silly packumentCache full:https://registry.npmjs.org/@typescript-eslint%2fparser cache-miss
784 http fetch GET 200 https://registry.npmjs.org/@typescript-eslint%2fparser 257ms (cache hit)
785 silly packumentCache full:https://registry.npmjs.org/@typescript-eslint%2fparser set size:14724171 disposed:false
786 silly fetch manifest @typescript-eslint/typescript-estree@8.53.0
787 silly packumentCache full:https://registry.npmjs.org/@typescript-eslint%2ftypescript-estree cache-miss
788 http fetch GET 200 https://registry.npmjs.org/@typescript-eslint%2ftypescript-estree 247ms (cache hit)
789 silly packumentCache full:https://registry.npmjs.org/@typescript-eslint%2ftypescript-estree set size:15874274 disposed:false
790 silly fetch manifest @typescript-eslint/utils@8.53.0
791 silly packumentCache full:https://registry.npmjs.org/@typescript-eslint%2futils cache-miss
792 http fetch GET 200 https://registry.npmjs.org/@typescript-eslint%2futils 190ms (cache hit)
793 silly packumentCache full:https://registry.npmjs.org/@typescript-eslint%2futils set size:9618671 disposed:false
794 silly placeDep ROOT fast-glob@3.3.1 OK for: @next/eslint-plugin-next@16.1.2 want: 3.3.1
795 silly fetch manifest merge2@^1.3.0
796 silly packumentCache full:https://registry.npmjs.org/merge2 cache-miss
797 http fetch GET 200 https://registry.npmjs.org/merge2 93ms (cache hit)
798 silly packumentCache full:https://registry.npmjs.org/merge2 set size:46159 disposed:false
799 silly fetch manifest micromatch@^4.0.4
800 silly packumentCache full:https://registry.npmjs.org/micromatch cache-miss
801 http fetch GET 200 https://registry.npmjs.org/micromatch 74ms (cache hit)
802 silly packumentCache full:https://registry.npmjs.org/micromatch set size:240630 disposed:false
803 silly fetch manifest glob-parent@^5.1.2
804 silly packumentCache full:https://registry.npmjs.org/glob-parent cache-hit
805 silly fetch manifest @nodelib/fs.stat@^2.0.2
806 silly packumentCache full:https://registry.npmjs.org/@nodelib%2ffs.stat cache-miss
807 http fetch GET 200 https://registry.npmjs.org/@nodelib%2ffs.stat 96ms (cache hit)
808 silly packumentCache full:https://registry.npmjs.org/@nodelib%2ffs.stat set size:36993 disposed:false
809 silly fetch manifest @nodelib/fs.walk@^1.2.3
810 silly packumentCache full:https://registry.npmjs.org/@nodelib%2ffs.walk cache-miss
811 http fetch GET 200 https://registry.npmjs.org/@nodelib%2ffs.walk 75ms (cache hit)
812 silly packumentCache full:https://registry.npmjs.org/@nodelib%2ffs.walk set size:41589 disposed:false
813 silly placeDep node_modules/eslint-import-resolver-node debug@3.2.7 OK for: eslint-import-resolver-node@0.3.9 want: ^3.2.7
814 silly placeDep ROOT is-core-module@2.16.1 OK for: eslint-import-resolver-node@0.3.9 want: ^2.13.0
815 silly placeDep ROOT resolve@1.22.11 OK for: eslint-import-resolver-node@0.3.9 want: ^1.22.4
816 silly fetch manifest path-parse@^1.0.7
817 silly packumentCache full:https://registry.npmjs.org/path-parse cache-miss
818 http fetch GET 200 https://registry.npmjs.org/path-parse 91ms (cache hit)
819 silly packumentCache full:https://registry.npmjs.org/path-parse set size:14523 disposed:false
820 silly fetch manifest supports-preserve-symlinks-flag@^1.0.0
821 silly packumentCache full:https://registry.npmjs.org/supports-preserve-symlinks-flag cache-miss
822 http fetch GET 200 https://registry.npmjs.org/supports-preserve-symlinks-flag 87ms (cache hit)
823 silly packumentCache full:https://registry.npmjs.org/supports-preserve-symlinks-flag set size:6802 disposed:false
824 silly placeDep ROOT @nolyfill/is-core-module@1.0.39 OK for: eslint-import-resolver-typescript@3.10.1 want: 1.0.39
825 silly placeDep ROOT get-tsconfig@4.13.0 OK for: eslint-import-resolver-typescript@3.10.1 want: ^4.10.0
826 silly placeDep ROOT is-bun-module@2.0.0 OK for: eslint-import-resolver-typescript@3.10.1 want: ^2.0.0
827 silly placeDep ROOT stable-hash@0.0.5 OK for: eslint-import-resolver-typescript@3.10.1 want: ^0.0.5
828 silly placeDep ROOT tinyglobby@0.2.15 OK for: eslint-import-resolver-typescript@3.10.1 want: ^0.2.13
829 silly placeDep ROOT unrs-resolver@1.11.1 OK for: eslint-import-resolver-typescript@3.10.1 want: ^1.6.2
830 silly fetch manifest resolve-pkg-maps@^1.0.0
831 silly packumentCache full:https://registry.npmjs.org/resolve-pkg-maps cache-miss
832 http fetch GET 200 https://registry.npmjs.org/resolve-pkg-maps 154ms (cache hit)
833 silly packumentCache full:https://registry.npmjs.org/resolve-pkg-maps set size:11615 disposed:false
834 silly fetch manifest semver@^7.7.1
835 silly packumentCache full:https://registry.npmjs.org/semver cache-hit
836 silly fetch manifest fdir@^6.5.0
837 silly packumentCache full:https://registry.npmjs.org/fdir cache-miss
838 http fetch GET 200 https://registry.npmjs.org/fdir 193ms (cache hit)
839 silly packumentCache full:https://registry.npmjs.org/fdir set size:136182 disposed:false
840 silly fetch manifest picomatch@^4.0.3
841 silly packumentCache full:https://registry.npmjs.org/picomatch cache-miss
842 http fetch GET 200 https://registry.npmjs.org/picomatch 215ms (cache hit)
843 silly packumentCache full:https://registry.npmjs.org/picomatch set size:118818 disposed:false
844 silly fetch manifest napi-postinstall@^0.3.0
845 silly packumentCache full:https://registry.npmjs.org/napi-postinstall cache-miss
846 http fetch GET 200 https://registry.npmjs.org/napi-postinstall 196ms (cache hit)
847 silly packumentCache full:https://registry.npmjs.org/napi-postinstall set size:41400 disposed:false
848 silly fetch manifest @unrs/resolver-binding-win32-x64-msvc@1.11.1
849 silly packumentCache full:https://registry.npmjs.org/@unrs%2fresolver-binding-win32-x64-msvc cache-miss
850 http fetch GET 200 https://registry.npmjs.org/@unrs%2fresolver-binding-win32-x64-msvc 187ms (cache hit)
851 silly packumentCache full:https://registry.npmjs.org/@unrs%2fresolver-binding-win32-x64-msvc set size:58760 disposed:false
852 silly fetch manifest @unrs/resolver-binding-win32-arm64-msvc@1.11.1
853 silly packumentCache full:https://registry.npmjs.org/@unrs%2fresolver-binding-win32-arm64-msvc cache-miss
854 http fetch GET 200 https://registry.npmjs.org/@unrs%2fresolver-binding-win32-arm64-msvc 213ms (cache hit)
855 silly packumentCache full:https://registry.npmjs.org/@unrs%2fresolver-binding-win32-arm64-msvc set size:59292 disposed:false
856 silly fetch manifest @unrs/resolver-binding-win32-ia32-msvc@1.11.1
857 silly packumentCache full:https://registry.npmjs.org/@unrs%2fresolver-binding-win32-ia32-msvc cache-miss
858 http fetch GET 200 https://registry.npmjs.org/@unrs%2fresolver-binding-win32-ia32-msvc 141ms (cache hit)
859 silly packumentCache full:https://registry.npmjs.org/@unrs%2fresolver-binding-win32-ia32-msvc set size:59023 disposed:false
860 silly fetch manifest @unrs/resolver-binding-linux-x64-gnu@1.11.1
861 silly packumentCache full:https://registry.npmjs.org/@unrs%2fresolver-binding-linux-x64-gnu cache-miss
862 http fetch GET 200 https://registry.npmjs.org/@unrs%2fresolver-binding-linux-x64-gnu 134ms (cache hit)
863 silly packumentCache full:https://registry.npmjs.org/@unrs%2fresolver-binding-linux-x64-gnu set size:59167 disposed:false
864 silly fetch manifest @unrs/resolver-binding-linux-x64-musl@1.11.1
865 silly packumentCache full:https://registry.npmjs.org/@unrs%2fresolver-binding-linux-x64-musl cache-miss
866 http fetch GET 200 https://registry.npmjs.org/@unrs%2fresolver-binding-linux-x64-musl 232ms (cache hit)
867 silly packumentCache full:https://registry.npmjs.org/@unrs%2fresolver-binding-linux-x64-musl set size:59364 disposed:false
868 silly fetch manifest @unrs/resolver-binding-freebsd-x64@1.11.1
869 silly packumentCache full:https://registry.npmjs.org/@unrs%2fresolver-binding-freebsd-x64 cache-miss
870 http fetch GET 200 https://registry.npmjs.org/@unrs%2fresolver-binding-freebsd-x64 139ms (cache hit)
871 silly packumentCache full:https://registry.npmjs.org/@unrs%2fresolver-binding-freebsd-x64 set size:58172 disposed:false
872 silly fetch manifest @unrs/resolver-binding-android-arm64@1.11.1
873 silly packumentCache full:https://registry.npmjs.org/@unrs%2fresolver-binding-android-arm64 cache-miss
874 http fetch GET 200 https://registry.npmjs.org/@unrs%2fresolver-binding-android-arm64 121ms (cache hit)
875 silly packumentCache full:https://registry.npmjs.org/@unrs%2fresolver-binding-android-arm64 set size:12351 disposed:false
876 silly fetch manifest @unrs/resolver-binding-linux-arm64-gnu@1.11.1
877 silly packumentCache full:https://registry.npmjs.org/@unrs%2fresolver-binding-linux-arm64-gnu cache-miss
878 http fetch GET 200 https://registry.npmjs.org/@unrs%2fresolver-binding-linux-arm64-gnu 109ms (cache hit)
879 silly packumentCache full:https://registry.npmjs.org/@unrs%2fresolver-binding-linux-arm64-gnu set size:59697 disposed:false
880 silly fetch manifest @unrs/resolver-binding-linux-arm64-musl@1.11.1
881 silly packumentCache full:https://registry.npmjs.org/@unrs%2fresolver-binding-linux-arm64-musl cache-miss
882 http fetch GET 200 https://registry.npmjs.org/@unrs%2fresolver-binding-linux-arm64-musl 66ms (cache hit)
883 silly packumentCache full:https://registry.npmjs.org/@unrs%2fresolver-binding-linux-arm64-musl set size:59889 disposed:false
884 silly fetch manifest @unrs/resolver-binding-android-arm-eabi@1.11.1
885 silly packumentCache full:https://registry.npmjs.org/@unrs%2fresolver-binding-android-arm-eabi cache-miss
886 http fetch GET 200 https://registry.npmjs.org/@unrs%2fresolver-binding-android-arm-eabi 57ms (cache hit)
887 silly packumentCache full:https://registry.npmjs.org/@unrs%2fresolver-binding-android-arm-eabi set size:12473 disposed:false
888 silly fetch manifest @unrs/resolver-binding-linux-arm-gnueabihf@1.11.1
889 silly packumentCache full:https://registry.npmjs.org/@unrs%2fresolver-binding-linux-arm-gnueabihf cache-miss
890 http fetch GET 200 https://registry.npmjs.org/@unrs%2fresolver-binding-linux-arm-gnueabihf 68ms (cache hit)
891 silly packumentCache full:https://registry.npmjs.org/@unrs%2fresolver-binding-linux-arm-gnueabihf set size:59902 disposed:false
892 silly fetch manifest @unrs/resolver-binding-linux-arm-musleabihf@1.11.1
893 silly packumentCache full:https://registry.npmjs.org/@unrs%2fresolver-binding-linux-arm-musleabihf cache-miss
894 http fetch GET 200 https://registry.npmjs.org/@unrs%2fresolver-binding-linux-arm-musleabihf 58ms (cache hit)
895 silly packumentCache full:https://registry.npmjs.org/@unrs%2fresolver-binding-linux-arm-musleabihf set size:60135 disposed:false
896 silly fetch manifest @unrs/resolver-binding-linux-ppc64-gnu@1.11.1
897 silly packumentCache full:https://registry.npmjs.org/@unrs%2fresolver-binding-linux-ppc64-gnu cache-miss
898 http fetch GET 200 https://registry.npmjs.org/@unrs%2fresolver-binding-linux-ppc64-gnu 78ms (cache hit)
899 silly packumentCache full:https://registry.npmjs.org/@unrs%2fresolver-binding-linux-ppc64-gnu set size:59704 disposed:false
900 silly fetch manifest @unrs/resolver-binding-linux-riscv64-gnu@1.11.1
901 silly packumentCache full:https://registry.npmjs.org/@unrs%2fresolver-binding-linux-riscv64-gnu cache-miss
902 http fetch GET 200 https://registry.npmjs.org/@unrs%2fresolver-binding-linux-riscv64-gnu 67ms (cache hit)
903 silly packumentCache full:https://registry.npmjs.org/@unrs%2fresolver-binding-linux-riscv64-gnu set size:50987 disposed:false
904 silly fetch manifest @unrs/resolver-binding-linux-riscv64-musl@1.11.1
905 silly packumentCache full:https://registry.npmjs.org/@unrs%2fresolver-binding-linux-riscv64-musl cache-miss
906 http fetch GET 200 https://registry.npmjs.org/@unrs%2fresolver-binding-linux-riscv64-musl 77ms (cache hit)
907 silly packumentCache full:https://registry.npmjs.org/@unrs%2fresolver-binding-linux-riscv64-musl set size:40293 disposed:false
908 silly fetch manifest @unrs/resolver-binding-linux-s390x-gnu@1.11.1
909 silly packumentCache full:https://registry.npmjs.org/@unrs%2fresolver-binding-linux-s390x-gnu cache-miss
910 http fetch GET 200 https://registry.npmjs.org/@unrs%2fresolver-binding-linux-s390x-gnu 64ms (cache hit)
911 silly packumentCache full:https://registry.npmjs.org/@unrs%2fresolver-binding-linux-s390x-gnu set size:59697 disposed:false
912 silly fetch manifest @unrs/resolver-binding-darwin-x64@1.11.1
913 silly packumentCache full:https://registry.npmjs.org/@unrs%2fresolver-binding-darwin-x64 cache-miss
914 http fetch GET 200 https://registry.npmjs.org/@unrs%2fresolver-binding-darwin-x64 67ms (cache hit)
915 silly packumentCache full:https://registry.npmjs.org/@unrs%2fresolver-binding-darwin-x64 set size:57901 disposed:false
916 silly fetch manifest @unrs/resolver-binding-darwin-arm64@1.11.1
917 silly packumentCache full:https://registry.npmjs.org/@unrs%2fresolver-binding-darwin-arm64 cache-miss
918 http fetch GET 200 https://registry.npmjs.org/@unrs%2fresolver-binding-darwin-arm64 71ms (cache hit)
919 silly packumentCache full:https://registry.npmjs.org/@unrs%2fresolver-binding-darwin-arm64 set size:58434 disposed:false
920 silly fetch manifest @unrs/resolver-binding-wasm32-wasi@1.11.1
921 silly packumentCache full:https://registry.npmjs.org/@unrs%2fresolver-binding-wasm32-wasi cache-miss
922 http fetch GET 200 https://registry.npmjs.org/@unrs%2fresolver-binding-wasm32-wasi 72ms (cache hit)
923 silly packumentCache full:https://registry.npmjs.org/@unrs%2fresolver-binding-wasm32-wasi set size:61704 disposed:false
924 silly placeDep ROOT @rtsao/scc@1.1.0 OK for: eslint-plugin-import@2.32.0 want: ^1.1.0
925 silly placeDep ROOT array-includes@3.1.9 OK for: eslint-plugin-import@2.32.0 want: ^3.1.9
926 silly placeDep ROOT array.prototype.findlastindex@1.2.6 OK for: eslint-plugin-import@2.32.0 want: ^1.2.6
927 silly placeDep ROOT array.prototype.flat@1.3.3 OK for: eslint-plugin-import@2.32.0 want: ^1.3.3
928 silly placeDep ROOT array.prototype.flatmap@1.3.3 OK for: eslint-plugin-import@2.32.0 want: ^1.3.3
929 silly placeDep node_modules/eslint-plugin-import debug@3.2.7 OK for: eslint-plugin-import@2.32.0 want: ^3.2.7
930 silly placeDep ROOT doctrine@2.1.0 OK for: eslint-plugin-import@2.32.0 want: ^2.1.0
931 silly placeDep ROOT eslint-module-utils@2.12.1 OK for: eslint-plugin-import@2.32.0 want: ^2.12.1
932 silly placeDep ROOT hasown@2.0.2 OK for: eslint-plugin-import@2.32.0 want: ^2.0.2
933 silly placeDep ROOT object.fromentries@2.0.8 OK for: eslint-plugin-import@2.32.0 want: ^2.0.8
934 silly placeDep ROOT object.groupby@1.0.3 OK for: eslint-plugin-import@2.32.0 want: ^1.0.3
935 silly placeDep ROOT object.values@1.2.1 OK for: eslint-plugin-import@2.32.0 want: ^1.2.1
936 silly placeDep ROOT semver@6.3.1 OK for: eslint-plugin-import@2.32.0 want: ^6.3.1
937 silly placeDep ROOT string.prototype.trimend@1.0.9 OK for: eslint-plugin-import@2.32.0 want: ^1.0.9
938 silly placeDep ROOT tsconfig-paths@3.15.0 OK for: eslint-plugin-import@2.32.0 want: ^3.15.0
939 silly fetch manifest call-bind@^1.0.8
940 silly packumentCache full:https://registry.npmjs.org/call-bind cache-miss
941 http fetch GET 200 https://registry.npmjs.org/call-bind 148ms (cache hit)
942 silly packumentCache full:https://registry.npmjs.org/call-bind set size:30096 disposed:false
943 silly fetch manifest call-bound@^1.0.4
944 silly packumentCache full:https://registry.npmjs.org/call-bound cache-miss
945 http fetch GET 200 https://registry.npmjs.org/call-bound 188ms (cache hit)
946 silly packumentCache full:https://registry.npmjs.org/call-bound set size:15317 disposed:false
947 silly fetch manifest define-properties@^1.2.1
948 silly packumentCache full:https://registry.npmjs.org/define-properties cache-miss
949 http fetch GET 200 https://registry.npmjs.org/define-properties 181ms (cache hit)
950 silly packumentCache full:https://registry.npmjs.org/define-properties set size:31491 disposed:false
951 silly fetch manifest es-abstract@^1.24.0
952 silly packumentCache full:https://registry.npmjs.org/es-abstract cache-miss
953 http fetch GET 200 https://registry.npmjs.org/es-abstract 169ms (cache hit)
954 silly packumentCache full:https://registry.npmjs.org/es-abstract set size:378584 disposed:false
955 silly fetch manifest es-object-atoms@^1.1.1
956 silly packumentCache full:https://registry.npmjs.org/es-object-atoms cache-miss
957 http fetch GET 200 https://registry.npmjs.org/es-object-atoms 141ms (cache hit)
958 silly packumentCache full:https://registry.npmjs.org/es-object-atoms set size:15304 disposed:false
959 silly fetch manifest get-intrinsic@^1.3.0
960 silly packumentCache full:https://registry.npmjs.org/get-intrinsic cache-miss
961 http fetch GET 200 https://registry.npmjs.org/get-intrinsic 185ms (cache hit)
962 silly packumentCache full:https://registry.npmjs.org/get-intrinsic set size:60985 disposed:false
963 silly fetch manifest is-string@^1.1.1
964 silly packumentCache full:https://registry.npmjs.org/is-string cache-miss
965 http fetch GET 200 https://registry.npmjs.org/is-string 193ms (cache hit)
966 silly packumentCache full:https://registry.npmjs.org/is-string set size:29636 disposed:false
967 silly fetch manifest math-intrinsics@^1.1.0
968 silly packumentCache full:https://registry.npmjs.org/math-intrinsics cache-miss
969 http fetch GET 200 https://registry.npmjs.org/math-intrinsics 149ms (cache hit)
970 silly packumentCache full:https://registry.npmjs.org/math-intrinsics set size:9265 disposed:false
971 silly fetch manifest es-abstract@^1.23.9
972 silly packumentCache full:https://registry.npmjs.org/es-abstract cache-hit
973 silly fetch manifest es-errors@^1.3.0
974 silly packumentCache full:https://registry.npmjs.org/es-errors cache-miss
975 http fetch GET 200 https://registry.npmjs.org/es-errors 204ms (cache hit)
976 silly packumentCache full:https://registry.npmjs.org/es-errors set size:16918 disposed:false
977 silly fetch manifest es-shim-unscopables@^1.1.0
978 silly packumentCache full:https://registry.npmjs.org/es-shim-unscopables cache-miss
979 http fetch GET 200 https://registry.npmjs.org/es-shim-unscopables 182ms (cache hit)
980 silly packumentCache full:https://registry.npmjs.org/es-shim-unscopables set size:13965 disposed:false
981 silly fetch manifest es-abstract@^1.23.5
982 silly packumentCache full:https://registry.npmjs.org/es-abstract cache-hit
983 silly fetch manifest es-shim-unscopables@^1.0.2
984 silly packumentCache full:https://registry.npmjs.org/es-shim-unscopables cache-hit
985 silly fetch manifest function-bind@^1.1.2
986 silly packumentCache full:https://registry.npmjs.org/function-bind cache-miss
987 http fetch GET 200 https://registry.npmjs.org/function-bind 176ms (cache hit)
988 silly packumentCache full:https://registry.npmjs.org/function-bind set size:15733 disposed:false
989 silly fetch manifest call-bind@^1.0.7
990 silly packumentCache full:https://registry.npmjs.org/call-bind cache-hit
991 silly fetch manifest es-abstract@^1.23.2
992 silly packumentCache full:https://registry.npmjs.org/es-abstract cache-hit
993 silly fetch manifest es-object-atoms@^1.0.0
994 silly packumentCache full:https://registry.npmjs.org/es-object-atoms cache-hit
995 silly fetch manifest call-bound@^1.0.3
996 silly packumentCache full:https://registry.npmjs.org/call-bound cache-hit
997 silly fetch manifest call-bound@^1.0.2
998 silly packumentCache full:https://registry.npmjs.org/call-bound cache-hit
999 silly fetch manifest json5@^1.0.2
1000 silly packumentCache full:https://registry.npmjs.org/json5 cache-miss
1001 http fetch GET 200 https://registry.npmjs.org/json5 156ms (cache hit)
1002 silly packumentCache full:https://registry.npmjs.org/json5 set size:86136 disposed:false
1003 silly fetch manifest minimist@^1.2.6
1004 silly packumentCache full:https://registry.npmjs.org/minimist cache-miss
1005 http fetch GET 200 https://registry.npmjs.org/minimist 126ms (cache hit)
1006 silly packumentCache full:https://registry.npmjs.org/minimist set size:77082 disposed:false
1007 silly fetch manifest strip-bom@^3.0.0
1008 silly packumentCache full:https://registry.npmjs.org/strip-bom cache-miss
1009 http fetch GET 200 https://registry.npmjs.org/strip-bom 89ms (cache hit)
1010 silly packumentCache full:https://registry.npmjs.org/strip-bom set size:19359 disposed:false
1011 silly fetch manifest @types/json5@^0.0.29
1012 silly packumentCache full:https://registry.npmjs.org/@types%2fjson5 cache-miss
1013 http fetch GET 200 https://registry.npmjs.org/@types%2fjson5 96ms (cache hit)
1014 silly packumentCache full:https://registry.npmjs.org/@types%2fjson5 set size:19581 disposed:false
1015 silly placeDep ROOT call-bind@1.0.8 OK for: array-includes@3.1.9 want: ^1.0.8
1016 silly placeDep ROOT call-bound@1.0.4 OK for: array-includes@3.1.9 want: ^1.0.4
1017 silly placeDep ROOT define-properties@1.2.1 OK for: array-includes@3.1.9 want: ^1.2.1
1018 silly placeDep ROOT es-abstract@1.24.1 OK for: array-includes@3.1.9 want: ^1.24.0
1019 silly placeDep ROOT es-object-atoms@1.1.1 OK for: array-includes@3.1.9 want: ^1.1.1
1020 silly placeDep ROOT get-intrinsic@1.3.0 OK for: array-includes@3.1.9 want: ^1.3.0
1021 silly placeDep ROOT is-string@1.1.1 OK for: array-includes@3.1.9 want: ^1.1.1
1022 silly placeDep ROOT math-intrinsics@1.1.0 OK for: array-includes@3.1.9 want: ^1.1.0
1023 silly fetch manifest call-bind-apply-helpers@^1.0.0
1024 silly packumentCache full:https://registry.npmjs.org/call-bind-apply-helpers cache-miss
1025 http fetch GET 200 https://registry.npmjs.org/call-bind-apply-helpers 108ms (cache hit)
1026 silly packumentCache full:https://registry.npmjs.org/call-bind-apply-helpers set size:12744 disposed:false
1027 silly fetch manifest es-define-property@^1.0.0
1028 silly packumentCache full:https://registry.npmjs.org/es-define-property cache-miss
1029 http fetch GET 200 https://registry.npmjs.org/es-define-property 75ms (cache hit)
1030 silly packumentCache full:https://registry.npmjs.org/es-define-property set size:8542 disposed:false
1031 silly fetch manifest get-intrinsic@^1.2.4
1032 silly packumentCache full:https://registry.npmjs.org/get-intrinsic cache-hit
1033 silly fetch manifest set-function-length@^1.2.2
1034 silly packumentCache full:https://registry.npmjs.org/set-function-length cache-miss
1035 http fetch GET 200 https://registry.npmjs.org/set-function-length 71ms (cache hit)
1036 silly packumentCache full:https://registry.npmjs.org/set-function-length set size:24261 disposed:false
1037 silly fetch manifest call-bind-apply-helpers@^1.0.2
1038 silly packumentCache full:https://registry.npmjs.org/call-bind-apply-helpers cache-hit
1039 silly fetch manifest define-data-property@^1.0.1
1040 silly packumentCache full:https://registry.npmjs.org/define-data-property cache-miss
1041 http fetch GET 200 https://registry.npmjs.org/define-data-property 91ms (cache hit)
1042 silly packumentCache full:https://registry.npmjs.org/define-data-property set size:28048 disposed:false
1043 silly fetch manifest has-property-descriptors@^1.0.0
1044 silly packumentCache full:https://registry.npmjs.org/has-property-descriptors cache-miss
1045 http fetch GET 200 https://registry.npmjs.org/has-property-descriptors 96ms (cache hit)
1046 silly packumentCache full:https://registry.npmjs.org/has-property-descriptors set size:12452 disposed:false
1047 silly fetch manifest object-keys@^1.1.1
1048 silly packumentCache full:https://registry.npmjs.org/object-keys cache-miss
1049 http fetch GET 200 https://registry.npmjs.org/object-keys 62ms (cache hit)
1050 silly packumentCache full:https://registry.npmjs.org/object-keys set size:67744 disposed:false
1051 silly fetch manifest array-buffer-byte-length@^1.0.2
1052 silly packumentCache full:https://registry.npmjs.org/array-buffer-byte-length cache-miss
1053 http fetch GET 200 https://registry.npmjs.org/array-buffer-byte-length 66ms (cache hit)
1054 silly packumentCache full:https://registry.npmjs.org/array-buffer-byte-length set size:13099 disposed:false
1055 silly fetch manifest arraybuffer.prototype.slice@^1.0.4
1056 silly packumentCache full:https://registry.npmjs.org/arraybuffer.prototype.slice cache-miss
1057 http fetch GET 200 https://registry.npmjs.org/arraybuffer.prototype.slice 66ms (cache hit)
1058 silly packumentCache full:https://registry.npmjs.org/arraybuffer.prototype.slice set size:20917 disposed:false
1059 silly fetch manifest available-typed-arrays@^1.0.7
1060 silly packumentCache full:https://registry.npmjs.org/available-typed-arrays cache-miss
1061 http fetch GET 200 https://registry.npmjs.org/available-typed-arrays 61ms (cache hit)
1062 silly packumentCache full:https://registry.npmjs.org/available-typed-arrays set size:31390 disposed:false
1063 silly fetch manifest data-view-buffer@^1.0.2
1064 silly packumentCache full:https://registry.npmjs.org/data-view-buffer cache-miss
1065 http fetch GET 200 https://registry.npmjs.org/data-view-buffer 68ms (cache hit)
1066 silly packumentCache full:https://registry.npmjs.org/data-view-buffer set size:11789 disposed:false
1067 silly fetch manifest data-view-byte-length@^1.0.2
1068 silly packumentCache full:https://registry.npmjs.org/data-view-byte-length cache-miss
1069 http fetch GET 200 https://registry.npmjs.org/data-view-byte-length 63ms (cache hit)
1070 silly packumentCache full:https://registry.npmjs.org/data-view-byte-length set size:12269 disposed:false
1071 silly fetch manifest data-view-byte-offset@^1.0.1
1072 silly packumentCache full:https://registry.npmjs.org/data-view-byte-offset cache-miss
1073 http fetch GET 200 https://registry.npmjs.org/data-view-byte-offset 67ms (cache hit)
1074 silly packumentCache full:https://registry.npmjs.org/data-view-byte-offset set size:9200 disposed:false
1075 silly fetch manifest es-define-property@^1.0.1
1076 silly packumentCache full:https://registry.npmjs.org/es-define-property cache-hit
1077 silly fetch manifest es-set-tostringtag@^2.1.0
1078 silly packumentCache full:https://registry.npmjs.org/es-set-tostringtag cache-miss
1079 http fetch GET 200 https://registry.npmjs.org/es-set-tostringtag 65ms (cache hit)
1080 silly packumentCache full:https://registry.npmjs.org/es-set-tostringtag set size:22094 disposed:false
1081 silly fetch manifest es-to-primitive@^1.3.0
1082 silly packumentCache full:https://registry.npmjs.org/es-to-primitive cache-miss
1083 http fetch GET 200 https://registry.npmjs.org/es-to-primitive 73ms (cache hit)
1084 silly packumentCache full:https://registry.npmjs.org/es-to-primitive set size:22465 disposed:false
1085 silly fetch manifest function.prototype.name@^1.1.8
1086 silly packumentCache full:https://registry.npmjs.org/function.prototype.name cache-miss
1087 http fetch GET 200 https://registry.npmjs.org/function.prototype.name 67ms (cache hit)
1088 silly packumentCache full:https://registry.npmjs.org/function.prototype.name set size:44756 disposed:false
1089 silly fetch manifest get-proto@^1.0.1
1090 silly packumentCache full:https://registry.npmjs.org/get-proto cache-miss
1091 http fetch GET 200 https://registry.npmjs.org/get-proto 74ms (cache hit)
1092 silly packumentCache full:https://registry.npmjs.org/get-proto set size:8300 disposed:false
1093 silly fetch manifest get-symbol-description@^1.1.0
1094 silly packumentCache full:https://registry.npmjs.org/get-symbol-description cache-miss
1095 http fetch GET 200 https://registry.npmjs.org/get-symbol-description 122ms (cache hit)
1096 silly packumentCache full:https://registry.npmjs.org/get-symbol-description set size:15540 disposed:false
1097 silly fetch manifest globalthis@^1.0.4
1098 silly packumentCache full:https://registry.npmjs.org/globalthis cache-miss
1099 http fetch GET 200 https://registry.npmjs.org/globalthis 99ms (cache hit)
1100 silly packumentCache full:https://registry.npmjs.org/globalthis set size:22522 disposed:false
1101 silly fetch manifest gopd@^1.2.0
1102 silly packumentCache full:https://registry.npmjs.org/gopd cache-miss
1103 http fetch GET 200 https://registry.npmjs.org/gopd 99ms (cache hit)
1104 silly packumentCache full:https://registry.npmjs.org/gopd set size:11458 disposed:false
1105 silly fetch manifest has-property-descriptors@^1.0.2
1106 silly packumentCache full:https://registry.npmjs.org/has-property-descriptors cache-hit
1107 silly fetch manifest has-proto@^1.2.0
1108 silly packumentCache full:https://registry.npmjs.org/has-proto cache-miss
1109 http fetch GET 200 https://registry.npmjs.org/has-proto 183ms (cache hit)
1110 silly packumentCache full:https://registry.npmjs.org/has-proto set size:21527 disposed:false
1111 silly fetch manifest has-symbols@^1.1.0
1112 silly packumentCache full:https://registry.npmjs.org/has-symbols cache-miss
1113 http fetch GET 200 https://registry.npmjs.org/has-symbols 169ms (cache hit)
1114 silly packumentCache full:https://registry.npmjs.org/has-symbols set size:21550 disposed:false
1115 silly fetch manifest internal-slot@^1.1.0
1116 silly packumentCache full:https://registry.npmjs.org/internal-slot cache-miss
1117 http fetch GET 200 https://registry.npmjs.org/internal-slot 139ms (cache hit)
1118 silly packumentCache full:https://registry.npmjs.org/internal-slot set size:30267 disposed:false
1119 silly fetch manifest is-array-buffer@^3.0.5
1120 silly packumentCache full:https://registry.npmjs.org/is-array-buffer cache-miss
1121 http fetch GET 200 https://registry.npmjs.org/is-array-buffer 178ms (cache hit)
1122 silly packumentCache full:https://registry.npmjs.org/is-array-buffer set size:33562 disposed:false
1123 silly fetch manifest is-callable@^1.2.7
1124 silly packumentCache full:https://registry.npmjs.org/is-callable cache-miss
1125 http fetch GET 200 https://registry.npmjs.org/is-callable 217ms (cache hit)
1126 silly packumentCache full:https://registry.npmjs.org/is-callable set size:66606 disposed:false
1127 silly fetch manifest is-data-view@^1.0.2
1128 silly packumentCache full:https://registry.npmjs.org/is-data-view cache-miss
1129 http fetch GET 200 https://registry.npmjs.org/is-data-view 177ms (cache hit)
1130 silly packumentCache full:https://registry.npmjs.org/is-data-view set size:13756 disposed:false
1131 silly fetch manifest is-negative-zero@^2.0.3
1132 silly packumentCache full:https://registry.npmjs.org/is-negative-zero cache-miss
1133 http fetch GET 200 https://registry.npmjs.org/is-negative-zero 134ms (cache hit)
1134 silly packumentCache full:https://registry.npmjs.org/is-negative-zero set size:22152 disposed:false
1135 silly fetch manifest is-regex@^1.2.1
1136 silly packumentCache full:https://registry.npmjs.org/is-regex cache-miss
1137 http fetch GET 200 https://registry.npmjs.org/is-regex 171ms (cache hit)
1138 silly packumentCache full:https://registry.npmjs.org/is-regex set size:42924 disposed:false
1139 silly fetch manifest is-set@^2.0.3
1140 silly packumentCache full:https://registry.npmjs.org/is-set cache-miss
1141 http fetch GET 200 https://registry.npmjs.org/is-set 226ms (cache hit)
1142 silly packumentCache full:https://registry.npmjs.org/is-set set size:16614 disposed:false
1143 silly fetch manifest is-shared-array-buffer@^1.0.4
1144 silly packumentCache full:https://registry.npmjs.org/is-shared-array-buffer cache-miss
1145 http fetch GET 200 https://registry.npmjs.org/is-shared-array-buffer 209ms (cache hit)
1146 silly packumentCache full:https://registry.npmjs.org/is-shared-array-buffer set size:19880 disposed:false
1147 silly fetch manifest is-typed-array@^1.1.15
1148 silly packumentCache full:https://registry.npmjs.org/is-typed-array cache-miss
1149 http fetch GET 200 https://registry.npmjs.org/is-typed-array 141ms (cache hit)
1150 silly packumentCache full:https://registry.npmjs.org/is-typed-array set size:79965 disposed:false
1151 silly fetch manifest is-weakref@^1.1.1
1152 silly packumentCache full:https://registry.npmjs.org/is-weakref cache-miss
1153 http fetch GET 200 https://registry.npmjs.org/is-weakref 118ms (cache hit)
1154 silly packumentCache full:https://registry.npmjs.org/is-weakref set size:18473 disposed:false
1155 silly fetch manifest object-inspect@^1.13.4
1156 silly packumentCache full:https://registry.npmjs.org/object-inspect cache-miss
1157 http fetch GET 200 https://registry.npmjs.org/object-inspect 61ms (cache hit)
1158 silly packumentCache full:https://registry.npmjs.org/object-inspect set size:101912 disposed:false
1159 silly fetch manifest object.assign@^4.1.7
1160 silly packumentCache full:https://registry.npmjs.org/object.assign cache-miss
1161 http fetch GET 200 https://registry.npmjs.org/object.assign 72ms (cache hit)
1162 silly packumentCache full:https://registry.npmjs.org/object.assign set size:85907 disposed:false
1163 silly fetch manifest own-keys@^1.0.1
1164 silly packumentCache full:https://registry.npmjs.org/own-keys cache-miss
1165 http fetch GET 200 https://registry.npmjs.org/own-keys 79ms (cache hit)
1166 silly packumentCache full:https://registry.npmjs.org/own-keys set size:8735 disposed:false
1167 silly fetch manifest regexp.prototype.flags@^1.5.4
1168 silly packumentCache full:https://registry.npmjs.org/regexp.prototype.flags cache-miss
1169 http fetch GET 200 https://registry.npmjs.org/regexp.prototype.flags 72ms (cache hit)
1170 silly packumentCache full:https://registry.npmjs.org/regexp.prototype.flags set size:60621 disposed:false
1171 silly fetch manifest safe-array-concat@^1.1.3
1172 silly packumentCache full:https://registry.npmjs.org/safe-array-concat cache-miss
1173 http fetch GET 200 https://registry.npmjs.org/safe-array-concat 67ms (cache hit)
1174 silly packumentCache full:https://registry.npmjs.org/safe-array-concat set size:22426 disposed:false
1175 silly fetch manifest safe-push-apply@^1.0.0
1176 silly packumentCache full:https://registry.npmjs.org/safe-push-apply cache-miss
1177 http fetch GET 200 https://registry.npmjs.org/safe-push-apply 60ms (cache hit)
1178 silly packumentCache full:https://registry.npmjs.org/safe-push-apply set size:5759 disposed:false
1179 silly fetch manifest safe-regex-test@^1.1.0
1180 silly packumentCache full:https://registry.npmjs.org/safe-regex-test cache-hit
1181 silly fetch manifest set-proto@^1.0.0
1182 silly packumentCache full:https://registry.npmjs.org/set-proto cache-miss
1183 http fetch GET 200 https://registry.npmjs.org/set-proto 71ms (cache hit)
1184 silly packumentCache full:https://registry.npmjs.org/set-proto set size:5334 disposed:false
1185 silly fetch manifest stop-iteration-iterator@^1.1.0
1186 silly packumentCache full:https://registry.npmjs.org/stop-iteration-iterator cache-miss
1187 http fetch GET 200 https://registry.npmjs.org/stop-iteration-iterator 66ms (cache hit)
1188 silly packumentCache full:https://registry.npmjs.org/stop-iteration-iterator set size:9160 disposed:false
1189 silly fetch manifest string.prototype.trim@^1.2.10
1190 silly packumentCache full:https://registry.npmjs.org/string.prototype.trim cache-miss
1191 http fetch GET 200 https://registry.npmjs.org/string.prototype.trim 71ms (cache hit)
1192 silly packumentCache full:https://registry.npmjs.org/string.prototype.trim set size:54116 disposed:false
1193 silly fetch manifest string.prototype.trimstart@^1.0.8
1194 silly packumentCache full:https://registry.npmjs.org/string.prototype.trimstart cache-miss
1195 http fetch GET 200 https://registry.npmjs.org/string.prototype.trimstart 84ms (cache hit)
1196 silly packumentCache full:https://registry.npmjs.org/string.prototype.trimstart set size:38291 disposed:false
1197 silly fetch manifest typed-array-buffer@^1.0.3
1198 silly packumentCache full:https://registry.npmjs.org/typed-array-buffer cache-miss
1199 http fetch GET 200 https://registry.npmjs.org/typed-array-buffer 70ms (cache hit)
1200 silly packumentCache full:https://registry.npmjs.org/typed-array-buffer set size:14045 disposed:false
1201 silly fetch manifest typed-array-byte-length@^1.0.3
1202 silly packumentCache full:https://registry.npmjs.org/typed-array-byte-length cache-miss
1203 http fetch GET 200 https://registry.npmjs.org/typed-array-byte-length 185ms (cache hit)
1204 silly packumentCache full:https://registry.npmjs.org/typed-array-byte-length set size:18382 disposed:false
1205 silly fetch manifest typed-array-byte-offset@^1.0.4
1206 silly packumentCache full:https://registry.npmjs.org/typed-array-byte-offset cache-miss
1207 http fetch GET 200 https://registry.npmjs.org/typed-array-byte-offset 148ms (cache hit)
1208 silly packumentCache full:https://registry.npmjs.org/typed-array-byte-offset set size:21714 disposed:false
1209 silly fetch manifest typed-array-length@^1.0.7
1210 silly packumentCache full:https://registry.npmjs.org/typed-array-length cache-miss
1211 http fetch GET 200 https://registry.npmjs.org/typed-array-length 153ms (cache hit)
1212 silly packumentCache full:https://registry.npmjs.org/typed-array-length set size:32113 disposed:false
1213 silly fetch manifest unbox-primitive@^1.1.0
1214 silly packumentCache full:https://registry.npmjs.org/unbox-primitive cache-miss
1215 http fetch GET 200 https://registry.npmjs.org/unbox-primitive 148ms (cache hit)
1216 silly packumentCache full:https://registry.npmjs.org/unbox-primitive set size:15669 disposed:false
1217 silly fetch manifest which-typed-array@^1.1.19
1218 silly packumentCache full:https://registry.npmjs.org/which-typed-array cache-miss
1219 http fetch GET 200 https://registry.npmjs.org/which-typed-array 204ms (cache hit)
1220 silly packumentCache full:https://registry.npmjs.org/which-typed-array set size:93605 disposed:false
1221 silly fetch manifest has-tostringtag@^1.0.2
1222 silly packumentCache full:https://registry.npmjs.org/has-tostringtag cache-miss
1223 http fetch GET 200 https://registry.npmjs.org/has-tostringtag 179ms (cache hit)
1224 silly packumentCache full:https://registry.npmjs.org/has-tostringtag set size:13945 disposed:false
1225 silly placeDep ROOT es-errors@1.3.0 OK for: array.prototype.findlastindex@1.2.6 want: ^1.3.0
1226 silly placeDep ROOT es-shim-unscopables@1.1.0 OK for: array.prototype.findlastindex@1.2.6 want: ^1.1.0
1227 silly placeDep ROOT call-bind-apply-helpers@1.0.2 OK for: call-bind@1.0.8 want: ^1.0.0
1228 silly placeDep ROOT es-define-property@1.0.1 OK for: call-bind@1.0.8 want: ^1.0.0
1229 silly placeDep ROOT set-function-length@1.2.2 OK for: call-bind@1.0.8 want: ^1.2.2
1230 silly fetch manifest define-data-property@^1.1.4
1231 silly packumentCache full:https://registry.npmjs.org/define-data-property cache-hit
1232 silly fetch manifest gopd@^1.0.1
1233 silly packumentCache full:https://registry.npmjs.org/gopd cache-hit
1234 silly placeDep ROOT function-bind@1.1.2 OK for: call-bind-apply-helpers@1.0.2 want: ^1.1.2
1235 silly placeDep ROOT define-data-property@1.1.4 OK for: define-properties@1.2.1 want: ^1.0.1
1236 silly placeDep ROOT has-property-descriptors@1.0.2 OK for: define-properties@1.2.1 want: ^1.0.0
1237 silly placeDep ROOT object-keys@1.1.1 OK for: define-properties@1.2.1 want: ^1.1.1
1238 silly placeDep ROOT gopd@1.2.0 OK for: define-data-property@1.1.4 want: ^1.0.1
1239 silly placeDep ROOT array-buffer-byte-length@1.0.2 OK for: es-abstract@1.24.1 want: ^1.0.2
1240 silly placeDep ROOT arraybuffer.prototype.slice@1.0.4 OK for: es-abstract@1.24.1 want: ^1.0.4
1241 silly placeDep ROOT available-typed-arrays@1.0.7 OK for: es-abstract@1.24.1 want: ^1.0.7
1242 silly placeDep ROOT data-view-buffer@1.0.2 OK for: es-abstract@1.24.1 want: ^1.0.2
1243 silly placeDep ROOT data-view-byte-length@1.0.2 OK for: es-abstract@1.24.1 want: ^1.0.2
1244 silly placeDep ROOT data-view-byte-offset@1.0.1 OK for: es-abstract@1.24.1 want: ^1.0.1
1245 silly placeDep ROOT es-set-tostringtag@2.1.0 OK for: es-abstract@1.24.1 want: ^2.1.0
1246 silly placeDep ROOT es-to-primitive@1.3.0 OK for: es-abstract@1.24.1 want: ^1.3.0
1247 silly placeDep ROOT function.prototype.name@1.1.8 OK for: es-abstract@1.24.1 want: ^1.1.8
1248 silly placeDep ROOT get-proto@1.0.1 OK for: es-abstract@1.24.1 want: ^1.0.1
1249 silly placeDep ROOT get-symbol-description@1.1.0 OK for: es-abstract@1.24.1 want: ^1.1.0
1250 silly placeDep ROOT globalthis@1.0.4 OK for: es-abstract@1.24.1 want: ^1.0.4
1251 silly placeDep ROOT has-proto@1.2.0 OK for: es-abstract@1.24.1 want: ^1.2.0
1252 silly placeDep ROOT has-symbols@1.1.0 OK for: es-abstract@1.24.1 want: ^1.1.0
1253 silly placeDep ROOT internal-slot@1.1.0 OK for: es-abstract@1.24.1 want: ^1.1.0
1254 silly placeDep ROOT is-array-buffer@3.0.5 OK for: es-abstract@1.24.1 want: ^3.0.5
1255 silly placeDep ROOT is-callable@1.2.7 OK for: es-abstract@1.24.1 want: ^1.2.7
1256 silly placeDep ROOT is-data-view@1.0.2 OK for: es-abstract@1.24.1 want: ^1.0.2
1257 silly placeDep ROOT is-negative-zero@2.0.3 OK for: es-abstract@1.24.1 want: ^2.0.3
1258 silly placeDep ROOT is-regex@1.2.1 OK for: es-abstract@1.24.1 want: ^1.2.1
1259 silly placeDep ROOT is-set@2.0.3 OK for: es-abstract@1.24.1 want: ^2.0.3
1260 silly placeDep ROOT is-shared-array-buffer@1.0.4 OK for: es-abstract@1.24.1 want: ^1.0.4
1261 silly placeDep ROOT is-typed-array@1.1.15 OK for: es-abstract@1.24.1 want: ^1.1.15
1262 silly placeDep ROOT is-weakref@1.1.1 OK for: es-abstract@1.24.1 want: ^1.1.1
1263 silly placeDep ROOT object-inspect@1.13.4 OK for: es-abstract@1.24.1 want: ^1.13.4
1264 silly placeDep ROOT object.assign@4.1.7 OK for: es-abstract@1.24.1 want: ^4.1.7
1265 silly placeDep ROOT own-keys@1.0.1 OK for: es-abstract@1.24.1 want: ^1.0.1
1266 silly placeDep ROOT regexp.prototype.flags@1.5.4 OK for: es-abstract@1.24.1 want: ^1.5.4
1267 silly placeDep ROOT safe-array-concat@1.1.3 OK for: es-abstract@1.24.1 want: ^1.1.3
1268 silly placeDep ROOT safe-push-apply@1.0.0 OK for: es-abstract@1.24.1 want: ^1.0.0
1269 silly placeDep ROOT safe-regex-test@1.1.0 OK for: es-abstract@1.24.1 want: ^1.1.0
1270 silly placeDep ROOT set-proto@1.0.0 OK for: es-abstract@1.24.1 want: ^1.0.0
1271 silly placeDep ROOT stop-iteration-iterator@1.1.0 OK for: es-abstract@1.24.1 want: ^1.1.0
1272 silly placeDep ROOT string.prototype.trim@1.2.10 OK for: es-abstract@1.24.1 want: ^1.2.10
1273 silly placeDep ROOT string.prototype.trimstart@1.0.8 OK for: es-abstract@1.24.1 want: ^1.0.8
1274 silly placeDep ROOT typed-array-buffer@1.0.3 OK for: es-abstract@1.24.1 want: ^1.0.3
1275 silly placeDep ROOT typed-array-byte-length@1.0.3 OK for: es-abstract@1.24.1 want: ^1.0.3
1276 silly placeDep ROOT typed-array-byte-offset@1.0.4 OK for: es-abstract@1.24.1 want: ^1.0.4
1277 silly placeDep ROOT typed-array-length@1.0.7 OK for: es-abstract@1.24.1 want: ^1.0.7
1278 silly placeDep ROOT unbox-primitive@1.1.0 OK for: es-abstract@1.24.1 want: ^1.1.0
1279 silly placeDep ROOT which-typed-array@1.1.20 OK for: es-abstract@1.24.1 want: ^1.1.19
1280 silly fetch manifest is-array-buffer@^3.0.4
1281 silly packumentCache full:https://registry.npmjs.org/is-array-buffer cache-hit
1282 silly fetch manifest possible-typed-array-names@^1.0.0
1283 silly packumentCache full:https://registry.npmjs.org/possible-typed-array-names cache-miss
1284 http fetch GET 200 https://registry.npmjs.org/possible-typed-array-names 190ms (cache hit)
1285 silly packumentCache full:https://registry.npmjs.org/possible-typed-array-names set size:9167 disposed:false
1286 silly fetch manifest is-data-view@^1.0.1
1287 silly packumentCache full:https://registry.npmjs.org/is-data-view cache-hit
1288 silly fetch manifest is-date-object@^1.0.5
1289 silly packumentCache full:https://registry.npmjs.org/is-date-object cache-miss
1290 http fetch GET 200 https://registry.npmjs.org/is-date-object 202ms (cache hit)
1291 silly packumentCache full:https://registry.npmjs.org/is-date-object set size:25050 disposed:false
1292 silly fetch manifest is-symbol@^1.0.4
1293 silly packumentCache full:https://registry.npmjs.org/is-symbol cache-miss
1294 http fetch GET 200 https://registry.npmjs.org/is-symbol 240ms (cache hit)
1295 silly packumentCache full:https://registry.npmjs.org/is-symbol set size:22675 disposed:false
1296 silly fetch manifest functions-have-names@^1.2.3
1297 silly packumentCache full:https://registry.npmjs.org/functions-have-names cache-miss
1298 http fetch GET 200 https://registry.npmjs.org/functions-have-names 131ms (cache hit)
1299 silly packumentCache full:https://registry.npmjs.org/functions-have-names set size:24196 disposed:false
1300 silly fetch manifest dunder-proto@^1.0.1
1301 silly packumentCache full:https://registry.npmjs.org/dunder-proto cache-miss
1302 http fetch GET 200 https://registry.npmjs.org/dunder-proto 111ms (cache hit)
1303 silly packumentCache full:https://registry.npmjs.org/dunder-proto set size:8256 disposed:false
1304 silly fetch manifest dunder-proto@^1.0.0
1305 silly packumentCache full:https://registry.npmjs.org/dunder-proto cache-hit
1306 silly fetch manifest side-channel@^1.1.0
1307 silly packumentCache full:https://registry.npmjs.org/side-channel cache-miss
1308 http fetch GET 200 https://registry.npmjs.org/side-channel 81ms (cache hit)
1309 silly packumentCache full:https://registry.npmjs.org/side-channel set size:24660 disposed:false
1310 silly fetch manifest is-typed-array@^1.1.13
1311 silly packumentCache full:https://registry.npmjs.org/is-typed-array cache-hit
1312 silly fetch manifest which-typed-array@^1.1.16
1313 silly packumentCache full:https://registry.npmjs.org/which-typed-array cache-hit
1314 silly fetch manifest set-function-name@^2.0.2
1315 silly packumentCache full:https://registry.npmjs.org/set-function-name cache-miss
1316 http fetch GET 200 https://registry.npmjs.org/set-function-name 82ms (cache hit)
1317 silly packumentCache full:https://registry.npmjs.org/set-function-name set size:13766 disposed:false
1318 silly fetch manifest isarray@^2.0.5
1319 silly packumentCache full:https://registry.npmjs.org/isarray cache-miss
1320 http fetch GET 200 https://registry.npmjs.org/isarray 68ms (cache hit)
1321 silly packumentCache full:https://registry.npmjs.org/isarray set size:17392 disposed:false
1322 silly fetch manifest for-each@^0.3.3
1323 silly packumentCache full:https://registry.npmjs.org/for-each cache-miss
1324 http fetch GET 200 https://registry.npmjs.org/for-each 66ms (cache hit)
1325 silly packumentCache full:https://registry.npmjs.org/for-each set size:14327 disposed:false
1326 silly fetch manifest reflect.getprototypeof@^1.0.9
1327 silly packumentCache full:https://registry.npmjs.org/reflect.getprototypeof cache-miss
1328 http fetch GET 200 https://registry.npmjs.org/reflect.getprototypeof 78ms (cache hit)
1329 silly packumentCache full:https://registry.npmjs.org/reflect.getprototypeof set size:44083 disposed:false
1330 silly fetch manifest reflect.getprototypeof@^1.0.6
1331 silly packumentCache full:https://registry.npmjs.org/reflect.getprototypeof cache-hit
1332 silly fetch manifest has-bigints@^1.0.2
1333 silly packumentCache full:https://registry.npmjs.org/has-bigints cache-miss
1334 http fetch GET 200 https://registry.npmjs.org/has-bigints 87ms (cache hit)
1335 silly packumentCache full:https://registry.npmjs.org/has-bigints set size:14176 disposed:false
1336 silly fetch manifest which-boxed-primitive@^1.1.1
1337 silly packumentCache full:https://registry.npmjs.org/which-boxed-primitive cache-miss
1338 http fetch GET 200 https://registry.npmjs.org/which-boxed-primitive 69ms (cache hit)
1339 silly packumentCache full:https://registry.npmjs.org/which-boxed-primitive set size:19407 disposed:false
1340 silly fetch manifest for-each@^0.3.5
1341 silly packumentCache full:https://registry.npmjs.org/for-each cache-hit
1342 silly placeDep ROOT possible-typed-array-names@1.1.0 OK for: available-typed-arrays@1.0.7 want: ^1.0.0
1343 silly placeDep ROOT has-tostringtag@1.0.2 OK for: es-set-tostringtag@2.1.0 want: ^1.0.2
1344 silly placeDep ROOT is-date-object@1.1.0 OK for: es-to-primitive@1.3.0 want: ^1.0.5
1345 silly placeDep ROOT is-symbol@1.1.1 OK for: es-to-primitive@1.3.0 want: ^1.0.4
1346 silly placeDep node_modules/eslint-module-utils debug@3.2.7 OK for: eslint-module-utils@2.12.1 want: ^3.2.7
1347 silly placeDep ROOT aria-query@5.3.2 OK for: eslint-plugin-jsx-a11y@6.10.2 want: ^5.3.2
1348 silly placeDep ROOT ast-types-flow@0.0.8 OK for: eslint-plugin-jsx-a11y@6.10.2 want: ^0.0.8
1349 silly placeDep ROOT axe-core@4.11.1 OK for: eslint-plugin-jsx-a11y@6.10.2 want: ^4.10.0
1350 silly placeDep ROOT axobject-query@4.1.0 OK for: eslint-plugin-jsx-a11y@6.10.2 want: ^4.1.0
1351 silly placeDep ROOT damerau-levenshtein@1.0.8 OK for: eslint-plugin-jsx-a11y@6.10.2 want: ^1.0.8
1352 silly placeDep ROOT emoji-regex@9.2.2 OK for: eslint-plugin-jsx-a11y@6.10.2 want: ^9.2.2
1353 silly placeDep ROOT jsx-ast-utils@3.3.5 OK for: eslint-plugin-jsx-a11y@6.10.2 want: ^3.3.5
1354 silly placeDep ROOT language-tags@1.0.9 OK for: eslint-plugin-jsx-a11y@6.10.2 want: ^1.0.9
1355 silly placeDep ROOT string.prototype.includes@2.0.1 OK for: eslint-plugin-jsx-a11y@6.10.2 want: ^2.0.1
1356 silly fetch manifest language-subtag-registry@^0.3.20
1357 silly packumentCache full:https://registry.npmjs.org/language-subtag-registry cache-miss
1358 http fetch GET 200 https://registry.npmjs.org/language-subtag-registry 84ms (cache hit)
1359 silly packumentCache full:https://registry.npmjs.org/language-subtag-registry set size:46437 disposed:false
1360 silly placeDep ROOT array.prototype.findlast@1.2.5 OK for: eslint-plugin-react@7.37.5 want: ^1.2.5
1361 silly placeDep ROOT array.prototype.tosorted@1.1.4 OK for: eslint-plugin-react@7.37.5 want: ^1.1.4
1362 silly placeDep ROOT es-iterator-helpers@1.2.2 OK for: eslint-plugin-react@7.37.5 want: ^1.2.1
1363 silly placeDep ROOT estraverse@5.3.0 OK for: eslint-plugin-react@7.37.5 want: ^5.3.0
1364 silly placeDep ROOT object.entries@1.1.9 OK for: eslint-plugin-react@7.37.5 want: ^1.1.9
1365 silly placeDep ROOT prop-types@15.8.1 OK for: eslint-plugin-react@7.37.5 want: ^15.8.1
1366 silly placeDep node_modules/eslint-plugin-react resolve@2.0.0-next.5 OK for: eslint-plugin-react@7.37.5 want: ^2.0.0-next.5
1367 silly placeDep ROOT string.prototype.matchall@4.0.12 OK for: eslint-plugin-react@7.37.5 want: ^4.0.12
1368 silly placeDep ROOT string.prototype.repeat@1.0.0 OK for: eslint-plugin-react@7.37.5 want: ^1.0.0
1369 silly fetch manifest iterator.prototype@^1.1.5
1370 silly packumentCache full:https://registry.npmjs.org/iterator.prototype cache-miss
1371 http fetch GET 200 https://registry.npmjs.org/iterator.prototype 90ms (cache hit)
1372 silly packumentCache full:https://registry.npmjs.org/iterator.prototype set size:26870 disposed:false
1373 silly fetch manifest loose-envify@^1.4.0
1374 silly packumentCache full:https://registry.npmjs.org/loose-envify cache-miss
1375 http fetch GET 200 https://registry.npmjs.org/loose-envify 68ms (cache hit)
1376 silly packumentCache full:https://registry.npmjs.org/loose-envify set size:12559 disposed:false
1377 silly fetch manifest object-assign@^4.1.1
1378 silly packumentCache full:https://registry.npmjs.org/object-assign cache-miss
1379 http fetch GET 200 https://registry.npmjs.org/object-assign 156ms (cache hit)
1380 silly packumentCache full:https://registry.npmjs.org/object-assign set size:28988 disposed:false
1381 silly fetch manifest react-is@^16.13.1
1382 silly packumentCache full:https://registry.npmjs.org/react-is cache-miss
1383 http fetch GET 200 https://registry.npmjs.org/react-is 335ms (cache hit)
1384 silly packumentCache full:https://registry.npmjs.org/react-is set size:5174932 disposed:false
1385 silly placeDep ROOT iterator.prototype@1.1.5 OK for: es-iterator-helpers@1.2.2 want: ^1.1.5
1386 silly placeDep ROOT @babel/core@7.28.6 OK for: eslint-plugin-react-hooks@7.0.1 want: ^7.24.4
1387 silly placeDep ROOT @babel/parser@7.28.6 OK for: eslint-plugin-react-hooks@7.0.1 want: ^7.24.4
1388 silly placeDep ROOT hermes-parser@0.25.1 OK for: eslint-plugin-react-hooks@7.0.1 want: ^0.25.1
1389 silly placeDep ROOT zod@4.3.5 OK for: eslint-plugin-react-hooks@7.0.1 want: ^3.25.0 || ^4.0.0
1390 silly placeDep ROOT zod-validation-error@4.0.2 OK for: eslint-plugin-react-hooks@7.0.1 want: ^3.5.0 || ^4.0.0
1391 silly fetch manifest @babel/code-frame@^7.28.6
1392 silly packumentCache full:https://registry.npmjs.org/@babel%2fcode-frame cache-miss
1393 http fetch GET 200 https://registry.npmjs.org/@babel%2fcode-frame 232ms (cache hit)
1394 silly packumentCache full:https://registry.npmjs.org/@babel%2fcode-frame set size:188246 disposed:false
1395 silly fetch manifest @babel/generator@^7.28.6
1396 silly packumentCache full:https://registry.npmjs.org/@babel%2fgenerator cache-miss
1397 http fetch GET 200 https://registry.npmjs.org/@babel%2fgenerator 171ms (cache hit)
1398 silly packumentCache full:https://registry.npmjs.org/@babel%2fgenerator set size:496498 disposed:false
1399 silly fetch manifest @babel/helper-compilation-targets@^7.28.6
1400 silly packumentCache full:https://registry.npmjs.org/@babel%2fhelper-compilation-targets cache-miss
1401 http fetch GET 200 https://registry.npmjs.org/@babel%2fhelper-compilation-targets 196ms (cache hit)
1402 silly packumentCache full:https://registry.npmjs.org/@babel%2fhelper-compilation-targets set size:212538 disposed:false
1403 silly fetch manifest @babel/helper-module-transforms@^7.28.6
1404 silly packumentCache full:https://registry.npmjs.org/@babel%2fhelper-module-transforms cache-miss
1405 http fetch GET 200 https://registry.npmjs.org/@babel%2fhelper-module-transforms 194ms (cache hit)
1406 silly packumentCache full:https://registry.npmjs.org/@babel%2fhelper-module-transforms set size:327322 disposed:false
1407 silly fetch manifest @babel/helpers@^7.28.6
1408 silly packumentCache full:https://registry.npmjs.org/@babel%2fhelpers cache-miss
1409 http fetch GET 200 https://registry.npmjs.org/@babel%2fhelpers 241ms (cache hit)
1410 silly packumentCache full:https://registry.npmjs.org/@babel%2fhelpers set size:380578 disposed:false
1411 silly fetch manifest @babel/parser@^7.28.6
1412 silly packumentCache full:https://registry.npmjs.org/@babel%2fparser cache-hit
1413 silly fetch manifest @babel/template@^7.28.6
1414 silly packumentCache full:https://registry.npmjs.org/@babel%2ftemplate cache-miss
1415 http fetch GET 200 https://registry.npmjs.org/@babel%2ftemplate 148ms (cache hit)
1416 silly packumentCache full:https://registry.npmjs.org/@babel%2ftemplate set size:221398 disposed:false
1417 silly fetch manifest @babel/traverse@^7.28.6
1418 silly packumentCache full:https://registry.npmjs.org/@babel%2ftraverse cache-miss
1419 http fetch GET 200 https://registry.npmjs.org/@babel%2ftraverse 136ms (cache hit)
1420 silly packumentCache full:https://registry.npmjs.org/@babel%2ftraverse set size:540005 disposed:false
1421 silly fetch manifest @babel/types@^7.28.6
1422 silly packumentCache full:https://registry.npmjs.org/@babel%2ftypes cache-miss
1423 http fetch GET 200 https://registry.npmjs.org/@babel%2ftypes 105ms (cache hit)
1424 silly packumentCache full:https://registry.npmjs.org/@babel%2ftypes set size:479758 disposed:false
1425 silly fetch manifest @jridgewell/remapping@^2.3.5
1426 silly packumentCache full:https://registry.npmjs.org/@jridgewell%2fremapping cache-miss
1427 http fetch GET 200 https://registry.npmjs.org/@jridgewell%2fremapping 99ms (cache hit)
1428 silly packumentCache full:https://registry.npmjs.org/@jridgewell%2fremapping set size:23809 disposed:false
1429 silly fetch manifest convert-source-map@^2.0.0
1430 silly packumentCache full:https://registry.npmjs.org/convert-source-map cache-miss
1431 http fetch GET 200 https://registry.npmjs.org/convert-source-map 111ms (cache hit)
1432 silly packumentCache full:https://registry.npmjs.org/convert-source-map set size:66997 disposed:false
1433 silly fetch manifest gensync@^1.0.0-beta.2
1434 silly packumentCache full:https://registry.npmjs.org/gensync cache-miss
1435 http fetch GET 200 https://registry.npmjs.org/gensync 149ms (cache hit)
1436 silly packumentCache full:https://registry.npmjs.org/gensync set size:15068 disposed:false
1437 silly fetch manifest json5@^2.2.3
1438 silly packumentCache full:https://registry.npmjs.org/json5 cache-hit
1439 silly fetch manifest hermes-estree@0.25.1
1440 silly packumentCache full:https://registry.npmjs.org/hermes-estree cache-miss
1441 http fetch GET 200 https://registry.npmjs.org/hermes-estree 101ms (cache hit)
1442 silly packumentCache full:https://registry.npmjs.org/hermes-estree set size:121216 disposed:false
1443 silly fetch manifest @babel/core@^7.0.0
1444 silly packumentCache full:https://registry.npmjs.org/@babel%2fcore cache-hit
1445 silly placeDep ROOT @babel/code-frame@7.28.6 OK for: @babel/core@7.28.6 want: ^7.28.6
1446 silly placeDep ROOT @babel/generator@7.28.6 OK for: @babel/core@7.28.6 want: ^7.28.6
1447 silly placeDep ROOT @babel/helper-compilation-targets@7.28.6 OK for: @babel/core@7.28.6 want: ^7.28.6
1448 silly placeDep ROOT @babel/helper-module-transforms@7.28.6 OK for: @babel/core@7.28.6 want: ^7.28.6
1449 silly placeDep ROOT @babel/helpers@7.28.6 OK for: @babel/core@7.28.6 want: ^7.28.6
1450 silly placeDep ROOT @babel/template@7.28.6 OK for: @babel/core@7.28.6 want: ^7.28.6
1451 silly placeDep ROOT @babel/traverse@7.28.6 OK for: @babel/core@7.28.6 want: ^7.28.6
1452 silly placeDep ROOT @babel/types@7.28.6 OK for: @babel/core@7.28.6 want: ^7.28.6
1453 silly placeDep ROOT @jridgewell/remapping@2.3.5 OK for: @babel/core@7.28.6 want: ^2.3.5
1454 silly placeDep ROOT convert-source-map@2.0.0 OK for: @babel/core@7.28.6 want: ^2.0.0
1455 silly placeDep ROOT gensync@1.0.0-beta.2 OK for: @babel/core@7.28.6 want: ^1.0.0-beta.2
1456 silly placeDep ROOT json5@2.2.3 OK for: @babel/core@7.28.6 want: ^2.2.3
1457 silly fetch manifest @babel/helper-validator-identifier@^7.28.5
1458 silly packumentCache full:https://registry.npmjs.org/@babel%2fhelper-validator-identifier cache-miss
1459 http fetch GET 200 https://registry.npmjs.org/@babel%2fhelper-validator-identifier 89ms (cache hit)
1460 silly packumentCache full:https://registry.npmjs.org/@babel%2fhelper-validator-identifier set size:110831 disposed:false
1461 silly fetch manifest js-tokens@^4.0.0
1462 silly packumentCache full:https://registry.npmjs.org/js-tokens cache-miss
1463 http fetch GET 200 https://registry.npmjs.org/js-tokens 67ms (cache hit)
1464 silly packumentCache full:https://registry.npmjs.org/js-tokens set size:41947 disposed:false
1465 silly fetch manifest picocolors@^1.1.1
1466 silly packumentCache full:https://registry.npmjs.org/picocolors cache-miss
1467 http fetch GET 200 https://registry.npmjs.org/picocolors 79ms (cache hit)
1468 silly packumentCache full:https://registry.npmjs.org/picocolors set size:16648 disposed:false
1469 silly fetch manifest @jridgewell/gen-mapping@^0.3.12
1470 silly packumentCache full:https://registry.npmjs.org/@jridgewell%2fgen-mapping cache-miss
1471 http fetch GET 200 https://registry.npmjs.org/@jridgewell%2fgen-mapping 93ms (cache hit)
1472 silly packumentCache full:https://registry.npmjs.org/@jridgewell%2fgen-mapping set size:80719 disposed:false
1473 silly fetch manifest @jridgewell/trace-mapping@^0.3.28
1474 silly packumentCache full:https://registry.npmjs.org/@jridgewell%2ftrace-mapping cache-miss
1475 http fetch GET 200 https://registry.npmjs.org/@jridgewell%2ftrace-mapping 63ms (cache hit)
1476 silly packumentCache full:https://registry.npmjs.org/@jridgewell%2ftrace-mapping set size:170909 disposed:false
1477 silly fetch manifest jsesc@^3.0.2
1478 silly packumentCache full:https://registry.npmjs.org/jsesc cache-miss
1479 http fetch GET 200 https://registry.npmjs.org/jsesc 70ms (cache hit)
1480 silly packumentCache full:https://registry.npmjs.org/jsesc set size:61512 disposed:false
1481 silly fetch manifest @babel/compat-data@^7.28.6
1482 silly packumentCache full:https://registry.npmjs.org/@babel%2fcompat-data cache-miss
1483 http fetch GET 200 https://registry.npmjs.org/@babel%2fcompat-data 89ms (cache hit)
1484 silly packumentCache full:https://registry.npmjs.org/@babel%2fcompat-data set size:297216 disposed:false
1485 silly fetch manifest @babel/helper-validator-option@^7.27.1
1486 silly packumentCache full:https://registry.npmjs.org/@babel%2fhelper-validator-option cache-miss
1487 http fetch GET 200 https://registry.npmjs.org/@babel%2fhelper-validator-option 68ms (cache hit)
1488 silly packumentCache full:https://registry.npmjs.org/@babel%2fhelper-validator-option set size:87094 disposed:false
1489 silly fetch manifest browserslist@^4.24.0
1490 silly packumentCache full:https://registry.npmjs.org/browserslist cache-miss
1491 http fetch GET 200 https://registry.npmjs.org/browserslist 58ms (cache hit)
1492 silly packumentCache full:https://registry.npmjs.org/browserslist set size:502989 disposed:false
1493 silly fetch manifest lru-cache@^5.1.1
1494 silly packumentCache full:https://registry.npmjs.org/lru-cache cache-miss
1495 http fetch GET 200 https://registry.npmjs.org/lru-cache 68ms (cache hit)
1496 silly packumentCache full:https://registry.npmjs.org/lru-cache set size:406394 disposed:false
1497 silly fetch manifest @babel/helper-module-imports@^7.28.6
1498 silly packumentCache full:https://registry.npmjs.org/@babel%2fhelper-module-imports cache-miss
1499 http fetch GET 200 https://registry.npmjs.org/@babel%2fhelper-module-imports 95ms (cache hit)
1500 silly packumentCache full:https://registry.npmjs.org/@babel%2fhelper-module-imports set size:187679 disposed:false
1501 silly fetch manifest @babel/helper-globals@^7.28.0
1502 silly packumentCache full:https://registry.npmjs.org/@babel%2fhelper-globals cache-miss
1503 http fetch GET 200 https://registry.npmjs.org/@babel%2fhelper-globals 69ms (cache hit)
1504 silly packumentCache full:https://registry.npmjs.org/@babel%2fhelper-globals set size:9927 disposed:false
1505 silly fetch manifest @babel/helper-string-parser@^7.27.1
1506 silly packumentCache full:https://registry.npmjs.org/@babel%2fhelper-string-parser cache-miss
1507 http fetch GET 200 https://registry.npmjs.org/@babel%2fhelper-string-parser 77ms (cache hit)
1508 silly packumentCache full:https://registry.npmjs.org/@babel%2fhelper-string-parser set size:76579 disposed:false
1509 silly fetch manifest @jridgewell/gen-mapping@^0.3.5
1510 silly packumentCache full:https://registry.npmjs.org/@jridgewell%2fgen-mapping cache-hit
1511 silly fetch manifest @jridgewell/trace-mapping@^0.3.24
1512 silly packumentCache full:https://registry.npmjs.org/@jridgewell%2ftrace-mapping cache-hit
1513 silly placeDep ROOT @babel/helper-validator-identifier@7.28.5 OK for: @babel/code-frame@7.28.6 want: ^7.28.5
1514 silly placeDep ROOT js-tokens@4.0.0 OK for: @babel/code-frame@7.28.6 want: ^4.0.0
1515 silly placeDep ROOT picocolors@1.1.1 OK for: @babel/code-frame@7.28.6 want: ^1.1.1
1516 silly placeDep ROOT @jridgewell/gen-mapping@0.3.13 OK for: @babel/generator@7.28.6 want: ^0.3.12
1517 silly placeDep ROOT @jridgewell/trace-mapping@0.3.31 OK for: @babel/generator@7.28.6 want: ^0.3.28
1518 silly placeDep ROOT jsesc@3.1.0 OK for: @babel/generator@7.28.6 want: ^3.0.2
1519 silly fetch manifest @jridgewell/sourcemap-codec@^1.5.0
1520 silly packumentCache full:https://registry.npmjs.org/@jridgewell%2fsourcemap-codec cache-miss
1521 http fetch GET 200 https://registry.npmjs.org/@jridgewell%2fsourcemap-codec 75ms (cache hit)
1522 silly packumentCache full:https://registry.npmjs.org/@jridgewell%2fsourcemap-codec set size:59275 disposed:false
1523 silly fetch manifest @jridgewell/resolve-uri@^3.1.0
1524 silly packumentCache full:https://registry.npmjs.org/@jridgewell%2fresolve-uri cache-miss
1525 http fetch GET 200 https://registry.npmjs.org/@jridgewell%2fresolve-uri 74ms (cache hit)
1526 silly packumentCache full:https://registry.npmjs.org/@jridgewell%2fresolve-uri set size:57361 disposed:false
1527 silly fetch manifest @jridgewell/sourcemap-codec@^1.4.14
1528 silly packumentCache full:https://registry.npmjs.org/@jridgewell%2fsourcemap-codec cache-hit
1529 silly placeDep ROOT @babel/compat-data@7.28.6 OK for: @babel/helper-compilation-targets@7.28.6 want: ^7.28.6
1530 silly placeDep ROOT @babel/helper-validator-option@7.27.1 OK for: @babel/helper-compilation-targets@7.28.6 want: ^7.27.1
1531 silly placeDep ROOT browserslist@4.28.1 OK for: @babel/helper-compilation-targets@7.28.6 want: ^4.24.0
1532 silly placeDep ROOT lru-cache@5.1.1 OK for: @babel/helper-compilation-targets@7.28.6 want: ^5.1.1
1533 silly fetch manifest baseline-browser-mapping@^2.9.0
1534 silly packumentCache full:https://registry.npmjs.org/baseline-browser-mapping cache-hit
1535 silly fetch manifest caniuse-lite@^1.0.30001759
1536 silly packumentCache full:https://registry.npmjs.org/caniuse-lite cache-miss
1537 http fetch GET 200 https://registry.npmjs.org/caniuse-lite 116ms (cache hit)
1538 silly packumentCache full:https://registry.npmjs.org/caniuse-lite set size:2242439 disposed:false
1539 silly fetch manifest electron-to-chromium@^1.5.263
1540 silly packumentCache full:https://registry.npmjs.org/electron-to-chromium cache-miss
1541 http fetch GET 200 https://registry.npmjs.org/electron-to-chromium 249ms (cache hit)
1542 silly packumentCache full:https://registry.npmjs.org/electron-to-chromium set size:4707129 disposed:false
1543 silly fetch manifest node-releases@^2.0.27
1544 silly packumentCache full:https://registry.npmjs.org/node-releases cache-miss
1545 http fetch GET 200 https://registry.npmjs.org/node-releases 195ms (cache hit)
1546 silly packumentCache full:https://registry.npmjs.org/node-releases set size:269192 disposed:false
1547 silly fetch manifest update-browserslist-db@^1.2.0
1548 silly packumentCache full:https://registry.npmjs.org/update-browserslist-db cache-miss
1549 http fetch GET 200 https://registry.npmjs.org/update-browserslist-db 158ms (cache hit)
1550 silly packumentCache full:https://registry.npmjs.org/update-browserslist-db set size:62000 disposed:false
1551 silly fetch manifest yallist@^3.0.2
1552 silly packumentCache full:https://registry.npmjs.org/yallist cache-miss
1553 http fetch GET 200 https://registry.npmjs.org/yallist 163ms (cache hit)
1554 silly packumentCache full:https://registry.npmjs.org/yallist set size:34610 disposed:false
1555 silly placeDep ROOT @babel/helper-module-imports@7.28.6 OK for: @babel/helper-module-transforms@7.28.6 want: ^7.28.6
1556 silly placeDep ROOT @babel/helper-globals@7.28.0 OK for: @babel/traverse@7.28.6 want: ^7.28.0
1557 silly placeDep ROOT @babel/helper-string-parser@7.27.1 OK for: @babel/types@7.28.6 want: ^7.27.1
1558 silly placeDep ROOT @jridgewell/sourcemap-codec@1.5.5 OK for: @jridgewell/gen-mapping@0.3.13 want: ^1.5.0
1559 silly placeDep ROOT @jridgewell/resolve-uri@3.1.2 OK for: @jridgewell/trace-mapping@0.3.31 want: ^3.1.0
1560 silly fetch manifest browserslist@>= 4.21.0
1561 silly packumentCache full:https://registry.npmjs.org/browserslist cache-hit
1562 silly placeDep ROOT baseline-browser-mapping@2.9.14 OK for: browserslist@4.28.1 want: ^2.9.0
1563 silly placeDep ROOT caniuse-lite@1.0.30001764 OK for: browserslist@4.28.1 want: ^1.0.30001759
1564 silly placeDep ROOT electron-to-chromium@1.5.267 OK for: browserslist@4.28.1 want: ^1.5.263
1565 silly placeDep ROOT node-releases@2.0.27 OK for: browserslist@4.28.1 want: ^2.0.27
1566 silly placeDep ROOT update-browserslist-db@1.2.3 OK for: browserslist@4.28.1 want: ^1.2.0
1567 silly fetch manifest escalade@^3.2.0
1568 silly packumentCache full:https://registry.npmjs.org/escalade cache-miss
1569 http fetch GET 200 https://registry.npmjs.org/escalade 187ms (cache hit)
1570 silly packumentCache full:https://registry.npmjs.org/escalade set size:33724 disposed:false
1571 silly placeDep ROOT esrecurse@4.3.0 OK for: eslint-scope@8.4.0 want: ^4.3.0
1572 silly placeDep ROOT acorn@8.15.0 OK for: espree@10.4.0 want: ^8.15.0
1573 silly placeDep ROOT acorn-jsx@5.3.2 OK for: espree@10.4.0 want: ^5.3.2
1574 silly placeDep ROOT @nodelib/fs.stat@2.0.5 OK for: fast-glob@3.3.1 want: ^2.0.2
1575 silly placeDep ROOT @nodelib/fs.walk@1.2.8 OK for: fast-glob@3.3.1 want: ^1.2.3
1576 silly placeDep node_modules/fast-glob glob-parent@5.1.2 OK for: fast-glob@3.3.1 want: ^5.1.2
1577 silly placeDep ROOT merge2@1.4.1 OK for: fast-glob@3.3.1 want: ^1.3.0
1578 silly placeDep ROOT micromatch@4.0.8 OK for: fast-glob@3.3.1 want: ^4.0.4
1579 silly fetch manifest fastq@^1.6.0
1580 silly packumentCache full:https://registry.npmjs.org/fastq cache-miss
1581 http fetch GET 200 https://registry.npmjs.org/fastq 172ms (cache hit)
1582 silly packumentCache full:https://registry.npmjs.org/fastq set size:78301 disposed:false
1583 silly fetch manifest @nodelib/fs.scandir@2.1.5
1584 silly packumentCache full:https://registry.npmjs.org/@nodelib%2ffs.scandir cache-miss
1585 http fetch GET 200 https://registry.npmjs.org/@nodelib%2ffs.scandir 96ms (cache hit)
1586 silly packumentCache full:https://registry.npmjs.org/@nodelib%2ffs.scandir set size:49256 disposed:false
1587 silly fetch manifest braces@^3.0.3
1588 silly packumentCache full:https://registry.npmjs.org/braces cache-miss
1589 http fetch GET 200 https://registry.npmjs.org/braces 95ms (cache hit)
1590 silly packumentCache full:https://registry.npmjs.org/braces set size:114529 disposed:false
1591 silly fetch manifest picomatch@^2.3.1
1592 silly packumentCache full:https://registry.npmjs.org/picomatch cache-hit
1593 silly placeDep ROOT @nodelib/fs.scandir@2.1.5 OK for: @nodelib/fs.walk@1.2.8 want: 2.1.5
1594 silly placeDep ROOT fastq@1.20.1 OK for: @nodelib/fs.walk@1.2.8 want: ^1.6.0
1595 silly fetch manifest run-parallel@^1.1.9
1596 silly packumentCache full:https://registry.npmjs.org/run-parallel cache-miss
1597 http fetch GET 200 https://registry.npmjs.org/run-parallel 129ms (cache hit)
1598 silly packumentCache full:https://registry.npmjs.org/run-parallel set size:35172 disposed:false
1599 silly fetch manifest reusify@^1.0.4
1600 silly packumentCache full:https://registry.npmjs.org/reusify cache-miss
1601 http fetch GET 200 https://registry.npmjs.org/reusify 120ms (cache hit)
1602 silly packumentCache full:https://registry.npmjs.org/reusify set size:14249 disposed:false
1603 silly placeDep ROOT run-parallel@1.2.0 OK for: @nodelib/fs.scandir@2.1.5 want: ^1.1.9
1604 silly fetch manifest queue-microtask@^1.2.2
1605 silly packumentCache full:https://registry.npmjs.org/queue-microtask cache-miss
1606 http fetch GET 200 https://registry.npmjs.org/queue-microtask 142ms (cache hit)
1607 silly packumentCache full:https://registry.npmjs.org/queue-microtask set size:36088 disposed:false
1608 silly placeDep ROOT reusify@1.1.0 OK for: fastq@1.20.1 want: ^1.0.4
1609 silly placeDep ROOT flat-cache@4.0.1 OK for: file-entry-cache@8.0.0 want: ^4.0.0
1610 silly fetch manifest keyv@^4.5.4
1611 silly packumentCache full:https://registry.npmjs.org/keyv cache-miss
1612 http fetch GET 200 https://registry.npmjs.org/keyv 89ms (cache hit)
1613 silly packumentCache full:https://registry.npmjs.org/keyv set size:233041 disposed:false
1614 silly fetch manifest flatted@^3.2.9
1615 silly packumentCache full:https://registry.npmjs.org/flatted cache-miss
1616 http fetch GET 200 https://registry.npmjs.org/flatted 90ms (cache hit)
1617 silly packumentCache full:https://registry.npmjs.org/flatted set size:126610 disposed:false
1618 silly placeDep ROOT locate-path@6.0.0 OK for: find-up@5.0.0 want: ^6.0.0
1619 silly placeDep ROOT path-exists@4.0.0 OK for: find-up@5.0.0 want: ^4.0.0
1620 silly fetch manifest p-locate@^5.0.0
1621 silly packumentCache full:https://registry.npmjs.org/p-locate cache-miss
1622 http fetch GET 200 https://registry.npmjs.org/p-locate 84ms (cache hit)
1623 silly packumentCache full:https://registry.npmjs.org/p-locate set size:20789 disposed:false
1624 silly placeDep ROOT flatted@3.3.3 OK for: flat-cache@4.0.1 want: ^3.2.9
1625 silly placeDep ROOT keyv@4.5.4 OK for: flat-cache@4.0.1 want: ^4.5.4
1626 silly fetch manifest json-buffer@3.0.1
1627 silly packumentCache full:https://registry.npmjs.org/json-buffer cache-miss
1628 http fetch GET 200 https://registry.npmjs.org/json-buffer 70ms (cache hit)
1629 silly packumentCache full:https://registry.npmjs.org/json-buffer set size:23474 disposed:false
1630 silly placeDep ROOT functions-have-names@1.2.3 OK for: function.prototype.name@1.1.8 want: ^1.2.3
1631 silly placeDep ROOT dunder-proto@1.0.1 OK for: get-proto@1.0.1 want: ^1.0.1
1632 silly placeDep ROOT resolve-pkg-maps@1.0.0 OK for: get-tsconfig@4.13.0 want: ^1.0.0
1633 silly placeDep ROOT hermes-estree@0.25.1 OK for: hermes-parser@0.25.1 want: 0.25.1
1634 silly placeDep ROOT parent-module@1.0.1 OK for: import-fresh@3.3.1 want: ^1.0.0
1635 silly placeDep ROOT resolve-from@4.0.0 OK for: import-fresh@3.3.1 want: ^4.0.0
1636 silly fetch manifest callsites@^3.0.0
1637 silly packumentCache full:https://registry.npmjs.org/callsites cache-miss
1638 http fetch GET 200 https://registry.npmjs.org/callsites 103ms (cache hit)
1639 silly packumentCache full:https://registry.npmjs.org/callsites set size:21349 disposed:false
1640 silly placeDep ROOT side-channel@1.1.0 OK for: internal-slot@1.1.0 want: ^1.1.0
1641 silly fetch manifest side-channel-list@^1.0.0
1642 silly packumentCache full:https://registry.npmjs.org/side-channel-list cache-miss
1643 http fetch GET 200 https://registry.npmjs.org/side-channel-list 77ms (cache hit)
1644 silly packumentCache full:https://registry.npmjs.org/side-channel-list set size:6005 disposed:false
1645 silly fetch manifest side-channel-map@^1.0.1
1646 silly packumentCache full:https://registry.npmjs.org/side-channel-map cache-miss
1647 http fetch GET 200 https://registry.npmjs.org/side-channel-map 69ms (cache hit)
1648 silly packumentCache full:https://registry.npmjs.org/side-channel-map set size:9126 disposed:false
1649 silly fetch manifest side-channel-weakmap@^1.0.2
1650 silly packumentCache full:https://registry.npmjs.org/side-channel-weakmap cache-miss
1651 http fetch GET 200 https://registry.npmjs.org/side-channel-weakmap 67ms (cache hit)
1652 silly packumentCache full:https://registry.npmjs.org/side-channel-weakmap set size:12620 disposed:false
1653 silly placeDep node_modules/is-bun-module semver@7.7.3 OK for: is-bun-module@2.0.0 want: ^7.7.1
1654 silly placeDep ROOT is-extglob@2.1.1 OK for: is-glob@4.0.3 want: ^2.1.1
1655 silly placeDep ROOT set-function-name@2.0.2 OK for: iterator.prototype@1.1.5 want: ^2.0.2
1656 silly placeDep ROOT argparse@2.0.1 OK for: js-yaml@4.1.1 want: ^2.0.1
1657 silly placeDep ROOT json-buffer@3.0.1 OK for: keyv@4.5.4 want: 3.0.1
1658 silly placeDep ROOT language-subtag-registry@0.3.23 OK for: language-tags@1.0.9 want: ^0.3.20
1659 silly placeDep ROOT prelude-ls@1.2.1 OK for: levn@0.4.1 want: ^1.2.1
1660 silly placeDep ROOT type-check@0.4.0 OK for: levn@0.4.1 want: ~0.4.0
1661 silly placeDep ROOT p-locate@5.0.0 OK for: locate-path@6.0.0 want: ^5.0.0
1662 silly fetch manifest p-limit@^3.0.2
1663 silly packumentCache full:https://registry.npmjs.org/p-limit cache-miss
1664 http fetch GET 200 https://registry.npmjs.org/p-limit 68ms (cache hit)
1665 silly packumentCache full:https://registry.npmjs.org/p-limit set size:58608 disposed:false
1666 silly placeDep ROOT yallist@3.1.1 OK for: lru-cache@5.1.1 want: ^3.0.2
1667 silly placeDep ROOT braces@3.0.3 OK for: micromatch@4.0.8 want: ^3.0.3
1668 silly placeDep ROOT picomatch@2.3.1 OK for: micromatch@4.0.8 want: ^2.3.1
1669 silly fetch manifest fill-range@^7.1.1
1670 silly packumentCache full:https://registry.npmjs.org/fill-range cache-miss
1671 http fetch GET 200 https://registry.npmjs.org/fill-range 71ms (cache hit)
1672 silly packumentCache full:https://registry.npmjs.org/fill-range set size:90212 disposed:false
1673 silly placeDep ROOT fill-range@7.1.1 OK for: braces@3.0.3 want: ^7.1.1
1674 silly fetch manifest to-regex-range@^5.0.1
1675 silly packumentCache full:https://registry.npmjs.org/to-regex-range cache-miss
1676 http fetch GET 200 https://registry.npmjs.org/to-regex-range 61ms (cache hit)
1677 silly packumentCache full:https://registry.npmjs.org/to-regex-range set size:61569 disposed:false
1678 silly placeDep ROOT to-regex-range@5.0.1 OK for: fill-range@7.1.1 want: ^5.0.1
1679 silly fetch manifest is-number@^7.0.0
1680 silly packumentCache full:https://registry.npmjs.org/is-number cache-miss
1681 http fetch GET 200 https://registry.npmjs.org/is-number 62ms (cache hit)
1682 silly packumentCache full:https://registry.npmjs.org/is-number set size:36183 disposed:false
1683 silly placeDep ROOT brace-expansion@1.1.12 OK for: minimatch@3.1.2 want: ^1.1.7
1684 silly fetch manifest balanced-match@^1.0.0
1685 silly packumentCache full:https://registry.npmjs.org/balanced-match cache-miss
1686 http fetch GET 200 https://registry.npmjs.org/balanced-match 58ms (cache hit)
1687 silly packumentCache full:https://registry.npmjs.org/balanced-match set size:33860 disposed:false
1688 silly fetch manifest concat-map@0.0.1
1689 silly packumentCache full:https://registry.npmjs.org/concat-map cache-miss
1690 http fetch GET 200 https://registry.npmjs.org/concat-map 98ms (cache hit)
1691 silly packumentCache full:https://registry.npmjs.org/concat-map set size:9290 disposed:false
1692 silly placeDep ROOT balanced-match@1.0.2 OK for: brace-expansion@1.1.12 want: ^1.0.0
1693 silly placeDep ROOT concat-map@0.0.1 OK for: brace-expansion@1.1.12 want: 0.0.1
1694 silly fetch manifest react@^18.2.0 || 19.0.0-rc-de68d2f4-20241204 || ^19.0.0
1695 silly packumentCache full:https://registry.npmjs.org/react cache-miss
1696 http fetch GET 200 https://registry.npmjs.org/react 163ms (cache hit)
1697 silly packumentCache full:https://registry.npmjs.org/react set size:6386343 disposed:false
1698 silly placeDep ROOT @next/env@16.1.2 OK for: next@16.1.2 want: 16.1.2
1699 silly placeDep ROOT @next/swc-darwin-arm64@16.1.2 OK for: next@16.1.2 want: 16.1.2
1700 silly placeDep ROOT @next/swc-darwin-x64@16.1.2 OK for: next@16.1.2 want: 16.1.2
1701 silly placeDep ROOT @next/swc-linux-arm64-gnu@16.1.2 OK for: next@16.1.2 want: 16.1.2
1702 silly placeDep ROOT @next/swc-linux-arm64-musl@16.1.2 OK for: next@16.1.2 want: 16.1.2
1703 silly placeDep ROOT @next/swc-linux-x64-gnu@16.1.2 OK for: next@16.1.2 want: 16.1.2
1704 silly placeDep ROOT @next/swc-linux-x64-musl@16.1.2 OK for: next@16.1.2 want: 16.1.2
1705 silly placeDep ROOT @next/swc-win32-arm64-msvc@16.1.2 OK for: next@16.1.2 want: 16.1.2
1706 silly placeDep ROOT @next/swc-win32-x64-msvc@16.1.2 OK for: next@16.1.2 want: 16.1.2
1707 silly placeDep ROOT @swc/helpers@0.5.15 OK for: next@16.1.2 want: 0.5.15
1708 silly placeDep ROOT postcss@8.4.31 OK for: next@16.1.2 want: 8.4.31
1709 silly placeDep ROOT sharp@0.34.5 OK for: next@16.1.2 want: ^0.34.4
1710 silly placeDep ROOT styled-jsx@5.1.6 OK for: next@16.1.2 want: 5.1.6
1711 silly fetch manifest tslib@^2.8.0
1712 silly packumentCache full:https://registry.npmjs.org/tslib cache-miss
1713 http fetch GET 200 https://registry.npmjs.org/tslib 159ms (cache hit)
1714 silly packumentCache full:https://registry.npmjs.org/tslib set size:108760 disposed:false
1715 silly fetch manifest nanoid@^3.3.6
1716 silly packumentCache full:https://registry.npmjs.org/nanoid cache-miss
1717 http fetch GET 200 https://registry.npmjs.org/nanoid 191ms (cache hit)
1718 silly packumentCache full:https://registry.npmjs.org/nanoid set size:298419 disposed:false
1719 silly fetch manifest source-map-js@^1.0.2
1720 silly packumentCache full:https://registry.npmjs.org/source-map-js cache-miss
1721 http fetch GET 200 https://registry.npmjs.org/source-map-js 201ms (cache hit)
1722 silly packumentCache full:https://registry.npmjs.org/source-map-js set size:62640 disposed:false
1723 silly fetch manifest semver@^7.7.3
1724 silly packumentCache full:https://registry.npmjs.org/semver cache-hit
1725 silly fetch manifest @img/colour@^1.0.0
1726 silly packumentCache full:https://registry.npmjs.org/@img%2fcolour cache-miss
1727 http fetch GET 200 https://registry.npmjs.org/@img%2fcolour 183ms (cache hit)
1728 silly packumentCache full:https://registry.npmjs.org/@img%2fcolour set size:7189 disposed:false
1729 silly fetch manifest detect-libc@^2.1.2
1730 silly packumentCache full:https://registry.npmjs.org/detect-libc cache-miss
1731 http fetch GET 200 https://registry.npmjs.org/detect-libc 130ms (cache hit)
1732 silly packumentCache full:https://registry.npmjs.org/detect-libc set size:47861 disposed:false
1733 silly fetch manifest @img/sharp-wasm32@0.34.5
1734 silly packumentCache full:https://registry.npmjs.org/@img%2fsharp-wasm32 cache-miss
1735 http fetch GET 200 https://registry.npmjs.org/@img%2fsharp-wasm32 96ms (cache hit)
1736 silly packumentCache full:https://registry.npmjs.org/@img%2fsharp-wasm32 set size:61337 disposed:false
1737 silly fetch manifest @img/sharp-linux-arm@0.34.5
1738 silly packumentCache full:https://registry.npmjs.org/@img%2fsharp-linux-arm cache-miss
1739 http fetch GET 200 https://registry.npmjs.org/@img%2fsharp-linux-arm 127ms (cache hit)
1740 silly packumentCache full:https://registry.npmjs.org/@img%2fsharp-linux-arm set size:66643 disposed:false
1741 silly fetch manifest @img/sharp-linux-x64@0.34.5
1742 silly packumentCache full:https://registry.npmjs.org/@img%2fsharp-linux-x64 cache-miss
1743 http fetch GET 200 https://registry.npmjs.org/@img%2fsharp-linux-x64 90ms (cache hit)
1744 silly packumentCache full:https://registry.npmjs.org/@img%2fsharp-linux-x64 set size:66311 disposed:false
1745 silly fetch manifest @img/sharp-win32-x64@0.34.5
1746 silly packumentCache full:https://registry.npmjs.org/@img%2fsharp-win32-x64 cache-miss
1747 http fetch GET 200 https://registry.npmjs.org/@img%2fsharp-win32-x64 67ms (cache hit)
1748 silly packumentCache full:https://registry.npmjs.org/@img%2fsharp-win32-x64 set size:64388 disposed:false
1749 silly fetch manifest @img/sharp-darwin-x64@0.34.5
1750 silly packumentCache full:https://registry.npmjs.org/@img%2fsharp-darwin-x64 cache-miss
1751 http fetch GET 200 https://registry.npmjs.org/@img%2fsharp-darwin-x64 69ms (cache hit)
1752 silly packumentCache full:https://registry.npmjs.org/@img%2fsharp-darwin-x64 set size:65222 disposed:false
1753 silly fetch manifest @img/sharp-win32-ia32@0.34.5
1754 silly packumentCache full:https://registry.npmjs.org/@img%2fsharp-win32-ia32 cache-miss
1755 http fetch GET 200 https://registry.npmjs.org/@img%2fsharp-win32-ia32 153ms (cache hit)
1756 silly packumentCache full:https://registry.npmjs.org/@img%2fsharp-win32-ia32 set size:65002 disposed:false
1757 silly fetch manifest @img/sharp-linux-arm64@0.34.5
1758 silly packumentCache full:https://registry.npmjs.org/@img%2fsharp-linux-arm64 cache-miss
1759 http fetch GET 200 https://registry.npmjs.org/@img%2fsharp-linux-arm64 102ms (cache hit)
1760 silly packumentCache full:https://registry.npmjs.org/@img%2fsharp-linux-arm64 set size:67207 disposed:false
1761 silly fetch manifest @img/sharp-linux-ppc64@0.34.5
1762 silly packumentCache full:https://registry.npmjs.org/@img%2fsharp-linux-ppc64 cache-miss
1763 http fetch GET 200 https://registry.npmjs.org/@img%2fsharp-linux-ppc64 106ms (cache hit)
1764 silly packumentCache full:https://registry.npmjs.org/@img%2fsharp-linux-ppc64 set size:31912 disposed:false
1765 silly fetch manifest @img/sharp-linux-s390x@0.34.5
1766 silly packumentCache full:https://registry.npmjs.org/@img%2fsharp-linux-s390x cache-miss
1767 http fetch GET 200 https://registry.npmjs.org/@img%2fsharp-linux-s390x 121ms (cache hit)
1768 silly packumentCache full:https://registry.npmjs.org/@img%2fsharp-linux-s390x set size:65172 disposed:false
1769 silly fetch manifest @img/sharp-win32-arm64@0.34.5
1770 silly packumentCache full:https://registry.npmjs.org/@img%2fsharp-win32-arm64 cache-miss
1771 http fetch GET 200 https://registry.npmjs.org/@img%2fsharp-win32-arm64 78ms (cache hit)
1772 silly packumentCache full:https://registry.npmjs.org/@img%2fsharp-win32-arm64 set size:23941 disposed:false
1773 silly fetch manifest @img/sharp-darwin-arm64@0.34.5
1774 silly packumentCache full:https://registry.npmjs.org/@img%2fsharp-darwin-arm64 cache-miss
1775 http fetch GET 200 https://registry.npmjs.org/@img%2fsharp-darwin-arm64 63ms (cache hit)
1776 silly packumentCache full:https://registry.npmjs.org/@img%2fsharp-darwin-arm64 set size:66119 disposed:false
1777 silly fetch manifest @img/sharp-linux-riscv64@0.34.5
1778 silly packumentCache full:https://registry.npmjs.org/@img%2fsharp-linux-riscv64 cache-miss
1779 http fetch GET 200 https://registry.npmjs.org/@img%2fsharp-linux-riscv64 67ms (cache hit)
1780 silly packumentCache full:https://registry.npmjs.org/@img%2fsharp-linux-riscv64 set size:8972 disposed:false
1781 silly fetch manifest @img/sharp-linuxmusl-x64@0.34.5
1782 silly packumentCache full:https://registry.npmjs.org/@img%2fsharp-linuxmusl-x64 cache-miss
1783 http fetch GET 200 https://registry.npmjs.org/@img%2fsharp-linuxmusl-x64 62ms (cache hit)
1784 silly packumentCache full:https://registry.npmjs.org/@img%2fsharp-linuxmusl-x64 set size:67400 disposed:false
1785 silly fetch manifest @img/sharp-linuxmusl-arm64@0.34.5
1786 silly packumentCache full:https://registry.npmjs.org/@img%2fsharp-linuxmusl-arm64 cache-miss
1787 http fetch GET 200 https://registry.npmjs.org/@img%2fsharp-linuxmusl-arm64 87ms (cache hit)
1788 silly packumentCache full:https://registry.npmjs.org/@img%2fsharp-linuxmusl-arm64 set size:68298 disposed:false
1789 silly fetch manifest @img/sharp-libvips-linux-arm@1.2.4
1790 silly packumentCache full:https://registry.npmjs.org/@img%2fsharp-libvips-linux-arm cache-miss
1791 http fetch GET 200 https://registry.npmjs.org/@img%2fsharp-libvips-linux-arm 68ms (cache hit)
1792 silly packumentCache full:https://registry.npmjs.org/@img%2fsharp-libvips-linux-arm set size:58624 disposed:false
1793 silly fetch manifest @img/sharp-libvips-linux-x64@1.2.4
1794 silly packumentCache full:https://registry.npmjs.org/@img%2fsharp-libvips-linux-x64 cache-miss
1795 http fetch GET 200 https://registry.npmjs.org/@img%2fsharp-libvips-linux-x64 68ms (cache hit)
1796 silly packumentCache full:https://registry.npmjs.org/@img%2fsharp-libvips-linux-x64 set size:56678 disposed:false
1797 silly fetch manifest @img/sharp-libvips-darwin-x64@1.2.4
1798 silly packumentCache full:https://registry.npmjs.org/@img%2fsharp-libvips-darwin-x64 cache-miss
1799 http fetch GET 200 https://registry.npmjs.org/@img%2fsharp-libvips-darwin-x64 96ms (cache hit)
1800 silly packumentCache full:https://registry.npmjs.org/@img%2fsharp-libvips-darwin-x64 set size:51923 disposed:false
1801 silly fetch manifest @img/sharp-libvips-linux-arm64@1.2.4
1802 silly packumentCache full:https://registry.npmjs.org/@img%2fsharp-libvips-linux-arm64 cache-miss
1803 http fetch GET 200 https://registry.npmjs.org/@img%2fsharp-libvips-linux-arm64 86ms (cache hit)
1804 silly packumentCache full:https://registry.npmjs.org/@img%2fsharp-libvips-linux-arm64 set size:55489 disposed:false
1805 silly fetch manifest @img/sharp-libvips-linux-ppc64@1.2.4
1806 silly packumentCache full:https://registry.npmjs.org/@img%2fsharp-libvips-linux-ppc64 cache-miss
1807 http fetch GET 200 https://registry.npmjs.org/@img%2fsharp-libvips-linux-ppc64 76ms (cache hit)
1808 silly packumentCache full:https://registry.npmjs.org/@img%2fsharp-libvips-linux-ppc64 set size:42709 disposed:false
1809 silly fetch manifest @img/sharp-libvips-linux-s390x@1.2.4
1810 silly packumentCache full:https://registry.npmjs.org/@img%2fsharp-libvips-linux-s390x cache-miss
1811 http fetch GET 200 https://registry.npmjs.org/@img%2fsharp-libvips-linux-s390x 62ms (cache hit)
1812 silly packumentCache full:https://registry.npmjs.org/@img%2fsharp-libvips-linux-s390x set size:51696 disposed:false
1813 silly fetch manifest @img/sharp-libvips-darwin-arm64@1.2.4
1814 silly packumentCache full:https://registry.npmjs.org/@img%2fsharp-libvips-darwin-arm64 cache-miss
1815 http fetch GET 200 https://registry.npmjs.org/@img%2fsharp-libvips-darwin-arm64 74ms (cache hit)
1816 silly packumentCache full:https://registry.npmjs.org/@img%2fsharp-libvips-darwin-arm64 set size:52515 disposed:false
1817 silly fetch manifest @img/sharp-libvips-linux-riscv64@1.2.4
1818 silly packumentCache full:https://registry.npmjs.org/@img%2fsharp-libvips-linux-riscv64 cache-miss
1819 http fetch GET 200 https://registry.npmjs.org/@img%2fsharp-libvips-linux-riscv64 94ms (cache hit)
1820 silly packumentCache full:https://registry.npmjs.org/@img%2fsharp-libvips-linux-riscv64 set size:28633 disposed:false
1821 silly fetch manifest @img/sharp-libvips-linuxmusl-x64@1.2.4
1822 silly packumentCache full:https://registry.npmjs.org/@img%2fsharp-libvips-linuxmusl-x64 cache-miss
1823 http fetch GET 200 https://registry.npmjs.org/@img%2fsharp-libvips-linuxmusl-x64 163ms (cache hit)
1824 silly packumentCache full:https://registry.npmjs.org/@img%2fsharp-libvips-linuxmusl-x64 set size:53685 disposed:false
1825 silly fetch manifest @img/sharp-libvips-linuxmusl-arm64@1.2.4
1826 silly packumentCache full:https://registry.npmjs.org/@img%2fsharp-libvips-linuxmusl-arm64 cache-miss
1827 http fetch GET 200 https://registry.npmjs.org/@img%2fsharp-libvips-linuxmusl-arm64 206ms (cache hit)
1828 silly packumentCache full:https://registry.npmjs.org/@img%2fsharp-libvips-linuxmusl-arm64 set size:54314 disposed:false
1829 silly fetch manifest client-only@0.0.1
1830 silly packumentCache full:https://registry.npmjs.org/client-only cache-miss
1831 http fetch GET 200 https://registry.npmjs.org/client-only 164ms (cache hit)
1832 silly packumentCache full:https://registry.npmjs.org/client-only set size:2750 disposed:false
1833 silly placeDep ROOT tslib@2.8.1 OK for: @swc/helpers@0.5.15 want: ^2.8.0
1834 silly placeDep ROOT deep-is@0.1.4 OK for: optionator@0.9.4 want: ^0.1.3
1835 silly placeDep ROOT fast-levenshtein@2.0.6 OK for: optionator@0.9.4 want: ^2.0.6
1836 silly placeDep ROOT word-wrap@1.2.5 OK for: optionator@0.9.4 want: ^1.2.5
1837 silly placeDep ROOT p-limit@3.1.0 OK for: p-locate@5.0.0 want: ^3.0.2
1838 silly fetch manifest yocto-queue@^0.1.0
1839 silly packumentCache full:https://registry.npmjs.org/yocto-queue cache-miss
1840 http fetch GET 200 https://registry.npmjs.org/yocto-queue 139ms (cache hit)
1841 silly packumentCache full:https://registry.npmjs.org/yocto-queue set size:20256 disposed:false
1842 silly placeDep ROOT yocto-queue@0.1.0 OK for: p-limit@3.1.0 want: ^0.1.0
1843 silly placeDep ROOT callsites@3.1.0 OK for: parent-module@1.0.1 want: ^3.0.0
1844 silly placeDep ROOT nanoid@3.3.11 OK for: postcss@8.4.31 want: ^3.3.6
1845 silly placeDep ROOT source-map-js@1.2.1 OK for: postcss@8.4.31 want: ^1.0.2
1846 silly placeDep ROOT loose-envify@1.4.0 OK for: prop-types@15.8.1 want: ^1.4.0
1847 silly placeDep ROOT object-assign@4.1.1 OK for: prop-types@15.8.1 want: ^4.1.1
1848 silly placeDep ROOT react-is@16.13.1 OK for: prop-types@15.8.1 want: ^16.13.1
1849 silly placeDep ROOT scheduler@0.27.0 OK for: react-dom@19.2.3 want: ^0.27.0
1850 silly placeDep ROOT path-parse@1.0.7 OK for: resolve@1.22.11 want: ^1.0.7
1851 silly placeDep ROOT supports-preserve-symlinks-flag@1.0.0 OK for: resolve@1.22.11 want: ^1.0.0
1852 silly placeDep ROOT queue-microtask@1.2.3 OK for: run-parallel@1.2.0 want: ^1.2.2
1853 silly placeDep ROOT isarray@2.0.5 OK for: safe-array-concat@1.1.3 want: ^2.0.5
1854 silly placeDep ROOT @img/colour@1.0.0 OK for: sharp@0.34.5 want: ^1.0.0
1855 silly placeDep ROOT @img/sharp-darwin-arm64@0.34.5 OK for: sharp@0.34.5 want: 0.34.5
1856 silly placeDep ROOT @img/sharp-darwin-x64@0.34.5 OK for: sharp@0.34.5 want: 0.34.5
1857 silly placeDep ROOT @img/sharp-libvips-darwin-arm64@1.2.4 OK for: sharp@0.34.5 want: 1.2.4
1858 silly placeDep ROOT @img/sharp-libvips-darwin-x64@1.2.4 OK for: sharp@0.34.5 want: 1.2.4
1859 silly placeDep ROOT @img/sharp-libvips-linux-arm@1.2.4 OK for: sharp@0.34.5 want: 1.2.4
1860 silly placeDep ROOT @img/sharp-libvips-linux-arm64@1.2.4 OK for: sharp@0.34.5 want: 1.2.4
1861 silly placeDep ROOT @img/sharp-libvips-linux-ppc64@1.2.4 OK for: sharp@0.34.5 want: 1.2.4
1862 silly placeDep ROOT @img/sharp-libvips-linux-riscv64@1.2.4 OK for: sharp@0.34.5 want: 1.2.4
1863 silly placeDep ROOT @img/sharp-libvips-linux-s390x@1.2.4 OK for: sharp@0.34.5 want: 1.2.4
1864 silly placeDep ROOT @img/sharp-libvips-linux-x64@1.2.4 OK for: sharp@0.34.5 want: 1.2.4
1865 silly placeDep ROOT @img/sharp-libvips-linuxmusl-arm64@1.2.4 OK for: sharp@0.34.5 want: 1.2.4
1866 silly placeDep ROOT @img/sharp-libvips-linuxmusl-x64@1.2.4 OK for: sharp@0.34.5 want: 1.2.4
1867 silly placeDep ROOT @img/sharp-linux-arm@0.34.5 OK for: sharp@0.34.5 want: 0.34.5
1868 silly placeDep ROOT @img/sharp-linux-arm64@0.34.5 OK for: sharp@0.34.5 want: 0.34.5
1869 silly placeDep ROOT @img/sharp-linux-ppc64@0.34.5 OK for: sharp@0.34.5 want: 0.34.5
1870 silly placeDep ROOT @img/sharp-linux-riscv64@0.34.5 OK for: sharp@0.34.5 want: 0.34.5
1871 silly placeDep ROOT @img/sharp-linux-s390x@0.34.5 OK for: sharp@0.34.5 want: 0.34.5
1872 silly placeDep ROOT @img/sharp-linux-x64@0.34.5 OK for: sharp@0.34.5 want: 0.34.5
1873 silly placeDep ROOT @img/sharp-linuxmusl-arm64@0.34.5 OK for: sharp@0.34.5 want: 0.34.5
1874 silly placeDep ROOT @img/sharp-linuxmusl-x64@0.34.5 OK for: sharp@0.34.5 want: 0.34.5
1875 silly placeDep ROOT @img/sharp-wasm32@0.34.5 OK for: sharp@0.34.5 want: 0.34.5
1876 silly placeDep ROOT @img/sharp-win32-arm64@0.34.5 OK for: sharp@0.34.5 want: 0.34.5
1877 silly placeDep ROOT @img/sharp-win32-ia32@0.34.5 OK for: sharp@0.34.5 want: 0.34.5
1878 silly placeDep ROOT @img/sharp-win32-x64@0.34.5 OK for: sharp@0.34.5 want: 0.34.5
1879 silly placeDep ROOT detect-libc@2.1.2 OK for: sharp@0.34.5 want: ^2.1.2
1880 silly placeDep node_modules/sharp semver@7.7.3 OK for: sharp@0.34.5 want: ^7.7.3
1881 silly fetch manifest @emnapi/runtime@^1.7.0
1882 silly packumentCache full:https://registry.npmjs.org/@emnapi%2fruntime cache-miss
1883 http fetch GET 200 https://registry.npmjs.org/@emnapi%2fruntime 203ms (cache hit)
1884 silly packumentCache full:https://registry.npmjs.org/@emnapi%2fruntime set size:99452 disposed:false
1885 silly placeDep ROOT @emnapi/runtime@1.8.1 OK for: @img/sharp-wasm32@0.34.5 want: ^1.7.0
1886 silly placeDep ROOT shebang-regex@3.0.0 OK for: shebang-command@2.0.0 want: ^3.0.0
1887 silly placeDep ROOT side-channel-list@1.0.0 OK for: side-channel@1.1.0 want: ^1.0.0
1888 silly placeDep ROOT side-channel-map@1.0.1 OK for: side-channel@1.1.0 want: ^1.0.1
1889 silly placeDep ROOT side-channel-weakmap@1.0.2 OK for: side-channel@1.1.0 want: ^1.0.2
1890 silly placeDep ROOT client-only@0.0.1 OK for: styled-jsx@5.1.6 want: 0.0.1
1891 silly placeDep ROOT has-flag@4.0.0 OK for: supports-color@7.2.0 want: ^4.0.0
1892 silly placeDep node_modules/tinyglobby fdir@6.5.0 OK for: tinyglobby@0.2.15 want: ^6.5.0
1893 silly placeDep node_modules/tinyglobby picomatch@4.0.3 OK for: fdir@6.5.0 want: ^3 || ^4
1894 silly placeDep ROOT is-number@7.0.0 OK for: to-regex-range@5.0.1 want: ^7.0.0
1895 silly placeDep ROOT @types/json5@0.0.29 OK for: tsconfig-paths@3.15.0 want: ^0.0.29
1896 silly placeDep node_modules/tsconfig-paths json5@1.0.2 OK for: tsconfig-paths@3.15.0 want: ^1.0.2
1897 silly placeDep ROOT minimist@1.2.8 OK for: tsconfig-paths@3.15.0 want: ^1.2.6
1898 silly placeDep ROOT strip-bom@3.0.0 OK for: tsconfig-paths@3.15.0 want: ^3.0.0
1899 silly fetch manifest minimist@^1.2.0
1900 silly packumentCache full:https://registry.npmjs.org/minimist cache-hit
1901 silly placeDep ROOT for-each@0.3.5 OK for: typed-array-byte-length@1.0.3 want: ^0.3.3
1902 silly placeDep ROOT reflect.getprototypeof@1.0.10 OK for: typed-array-byte-offset@1.0.4 want: ^1.0.9
1903 silly fetch manifest which-builtin-type@^1.2.1
1904 silly packumentCache full:https://registry.npmjs.org/which-builtin-type cache-miss
1905 http fetch GET 200 https://registry.npmjs.org/which-builtin-type 207ms (cache hit)
1906 silly packumentCache full:https://registry.npmjs.org/which-builtin-type set size:39107 disposed:false
1907 silly placeDep ROOT which-builtin-type@1.2.1 OK for: reflect.getprototypeof@1.0.10 want: ^1.2.1
1908 silly fetch manifest is-async-function@^2.0.0
1909 silly packumentCache full:https://registry.npmjs.org/is-async-function cache-miss
1910 http fetch GET 200 https://registry.npmjs.org/is-async-function 178ms (cache hit)
1911 silly packumentCache full:https://registry.npmjs.org/is-async-function set size:51614 disposed:false
1912 silly fetch manifest is-finalizationregistry@^1.1.0
1913 silly packumentCache full:https://registry.npmjs.org/is-finalizationregistry cache-miss
1914 http fetch GET 200 https://registry.npmjs.org/is-finalizationregistry 229ms (cache hit)
1915 silly packumentCache full:https://registry.npmjs.org/is-finalizationregistry set size:19800 disposed:false
1916 silly fetch manifest is-generator-function@^1.0.10
1917 silly packumentCache full:https://registry.npmjs.org/is-generator-function cache-miss
1918 http fetch GET 200 https://registry.npmjs.org/is-generator-function 163ms (cache hit)
1919 silly packumentCache full:https://registry.npmjs.org/is-generator-function set size:44643 disposed:false
1920 silly fetch manifest which-boxed-primitive@^1.1.0
1921 silly packumentCache full:https://registry.npmjs.org/which-boxed-primitive cache-hit
1922 silly fetch manifest which-collection@^1.0.2
1923 silly packumentCache full:https://registry.npmjs.org/which-collection cache-miss
1924 http fetch GET 200 https://registry.npmjs.org/which-collection 122ms (cache hit)
1925 silly packumentCache full:https://registry.npmjs.org/which-collection set size:13607 disposed:false
1926 silly fetch manifest eslint@^8.57.0 || ^9.0.0
1927 silly packumentCache full:https://registry.npmjs.org/eslint cache-miss
1928 http fetch GET 200 https://registry.npmjs.org/eslint 101ms (cache hit)
1929 silly packumentCache full:https://registry.npmjs.org/eslint set size:1886875 disposed:false
1930 silly fetch manifest typescript@>=4.8.4 <6.0.0
1931 silly packumentCache full:https://registry.npmjs.org/typescript cache-miss
1932 http fetch GET 200 https://registry.npmjs.org/typescript 167ms (cache hit)
1933 silly packumentCache full:https://registry.npmjs.org/typescript set size:15133370 disposed:false
1934 silly placeDep ROOT @typescript-eslint/eslint-plugin@8.53.0 OK for: typescript-eslint@8.53.0 want: 8.53.0
1935 silly placeDep ROOT @typescript-eslint/parser@8.53.0 OK for: @typescript-eslint/eslint-plugin@8.53.0 want: ^8.53.0
1936 silly placeDep ROOT @typescript-eslint/typescript-estree@8.53.0 OK for: typescript-eslint@8.53.0 want: 8.53.0
1937 silly placeDep ROOT @typescript-eslint/utils@8.53.0 OK for: typescript-eslint@8.53.0 want: 8.53.0
1938 silly fetch manifest @typescript-eslint/scope-manager@8.53.0
1939 silly packumentCache full:https://registry.npmjs.org/@typescript-eslint%2fscope-manager cache-miss
1940 http fetch GET 200 https://registry.npmjs.org/@typescript-eslint%2fscope-manager 1391ms (cache miss)
1941 silly packumentCache full:https://registry.npmjs.org/@typescript-eslint%2fscope-manager set size:undefined disposed:false
1942 silly fetch manifest @typescript-eslint/type-utils@8.53.0
1943 silly packumentCache full:https://registry.npmjs.org/@typescript-eslint%2ftype-utils cache-miss
1944 http fetch GET 200 https://registry.npmjs.org/@typescript-eslint%2ftype-utils 1701ms (cache miss)
1945 silly packumentCache full:https://registry.npmjs.org/@typescript-eslint%2ftype-utils set size:undefined disposed:false
1946 silly fetch manifest @typescript-eslint/visitor-keys@8.53.0
1947 silly packumentCache full:https://registry.npmjs.org/@typescript-eslint%2fvisitor-keys cache-miss
1948 http fetch GET 200 https://registry.npmjs.org/@typescript-eslint%2fvisitor-keys 852ms (cache miss)
1949 silly packumentCache full:https://registry.npmjs.org/@typescript-eslint%2fvisitor-keys set size:undefined disposed:false
1950 silly fetch manifest ignore@^7.0.5
1951 silly packumentCache full:https://registry.npmjs.org/ignore cache-hit
1952 silly fetch manifest ts-api-utils@^2.4.0
1953 silly packumentCache full:https://registry.npmjs.org/ts-api-utils cache-miss
1954 http fetch GET 200 https://registry.npmjs.org/ts-api-utils 214ms (cache miss)
1955 silly packumentCache full:https://registry.npmjs.org/ts-api-utils set size:undefined disposed:false
1956 silly fetch manifest @typescript-eslint/types@8.53.0
1957 silly packumentCache full:https://registry.npmjs.org/@typescript-eslint%2ftypes cache-miss
1958 http fetch GET 200 https://registry.npmjs.org/@typescript-eslint%2ftypes 1863ms (cache miss)
1959 silly packumentCache full:https://registry.npmjs.org/@typescript-eslint%2ftypes set size:undefined disposed:false
1960 silly fetch manifest @typescript-eslint/project-service@8.53.0
1961 silly packumentCache full:https://registry.npmjs.org/@typescript-eslint%2fproject-service cache-miss
1962 http fetch GET 200 https://registry.npmjs.org/@typescript-eslint%2fproject-service 336ms (cache miss)
1963 silly packumentCache full:https://registry.npmjs.org/@typescript-eslint%2fproject-service set size:undefined disposed:false
1964 silly fetch manifest @typescript-eslint/tsconfig-utils@8.53.0
1965 silly packumentCache full:https://registry.npmjs.org/@typescript-eslint%2ftsconfig-utils cache-miss
1966 http fetch GET 200 https://registry.npmjs.org/@typescript-eslint%2ftsconfig-utils 375ms (cache miss)
1967 silly packumentCache full:https://registry.npmjs.org/@typescript-eslint%2ftsconfig-utils set size:undefined disposed:false
1968 silly fetch manifest minimatch@^9.0.5
1969 silly packumentCache full:https://registry.npmjs.org/minimatch cache-hit
1970 silly placeDep ROOT @typescript-eslint/scope-manager@8.53.0 OK for: @typescript-eslint/eslint-plugin@8.53.0 want: 8.53.0
1971 silly placeDep ROOT @typescript-eslint/type-utils@8.53.0 OK for: @typescript-eslint/eslint-plugin@8.53.0 want: 8.53.0
1972 silly placeDep ROOT @typescript-eslint/visitor-keys@8.53.0 OK for: @typescript-eslint/eslint-plugin@8.53.0 want: 8.53.0
1973 silly placeDep node_modules/@typescript-eslint/eslint-plugin ignore@7.0.5 OK for: @typescript-eslint/eslint-plugin@8.53.0 want: ^7.0.5
1974 silly placeDep ROOT ts-api-utils@2.4.0 OK for: @typescript-eslint/eslint-plugin@8.53.0 want: ^2.4.0
1975 silly placeDep ROOT @typescript-eslint/types@8.53.0 OK for: @typescript-eslint/parser@8.53.0 want: 8.53.0
1976 silly placeDep ROOT @typescript-eslint/project-service@8.53.0 OK for: @typescript-eslint/typescript-estree@8.53.0 want: 8.53.0
1977 silly placeDep ROOT @typescript-eslint/tsconfig-utils@8.53.0 OK for: @typescript-eslint/typescript-estree@8.53.0 want: 8.53.0
1978 silly placeDep node_modules/@typescript-eslint/typescript-estree minimatch@9.0.5 OK for: @typescript-eslint/typescript-estree@8.53.0 want: ^9.0.5
1979 silly placeDep node_modules/@typescript-eslint/typescript-estree semver@7.7.3 OK for: @typescript-eslint/typescript-estree@8.53.0 want: ^7.7.3
1980 silly fetch manifest @typescript-eslint/tsconfig-utils@^8.53.0
1981 silly packumentCache full:https://registry.npmjs.org/@typescript-eslint%2ftsconfig-utils cache-miss
1982 http fetch GET 200 https://registry.npmjs.org/@typescript-eslint%2ftsconfig-utils 91ms (cache hit)
1983 silly packumentCache full:https://registry.npmjs.org/@typescript-eslint%2ftsconfig-utils set size:810590 disposed:false
1984 silly fetch manifest brace-expansion@^2.0.1
1985 silly packumentCache full:https://registry.npmjs.org/brace-expansion cache-hit
1986 silly placeDep ROOT has-bigints@1.1.0 OK for: unbox-primitive@1.1.0 want: ^1.0.2
1987 silly placeDep ROOT which-boxed-primitive@1.1.1 OK for: unbox-primitive@1.1.0 want: ^1.1.1
1988 silly fetch manifest is-bigint@^1.1.0
1989 silly packumentCache full:https://registry.npmjs.org/is-bigint cache-miss
1990 http fetch GET 200 https://registry.npmjs.org/is-bigint 140ms (cache miss)
1991 silly packumentCache full:https://registry.npmjs.org/is-bigint set size:undefined disposed:false
1992 silly fetch manifest is-boolean-object@^1.2.1
1993 silly packumentCache full:https://registry.npmjs.org/is-boolean-object cache-miss
1994 http fetch GET 200 https://registry.npmjs.org/is-boolean-object 156ms (cache miss)
1995 silly packumentCache full:https://registry.npmjs.org/is-boolean-object set size:undefined disposed:false
1996 silly fetch manifest is-number-object@^1.1.1
1997 silly packumentCache full:https://registry.npmjs.org/is-number-object cache-miss
1998 http fetch GET 200 https://registry.npmjs.org/is-number-object 127ms (cache miss)
1999 silly packumentCache full:https://registry.npmjs.org/is-number-object set size:undefined disposed:false
2000 silly placeDep ROOT @unrs/resolver-binding-android-arm-eabi@1.11.1 OK for: unrs-resolver@1.11.1 want: 1.11.1
2001 silly placeDep ROOT @unrs/resolver-binding-android-arm64@1.11.1 OK for: unrs-resolver@1.11.1 want: 1.11.1
2002 silly placeDep ROOT @unrs/resolver-binding-darwin-arm64@1.11.1 OK for: unrs-resolver@1.11.1 want: 1.11.1
2003 silly placeDep ROOT @unrs/resolver-binding-darwin-x64@1.11.1 OK for: unrs-resolver@1.11.1 want: 1.11.1
2004 silly placeDep ROOT @unrs/resolver-binding-freebsd-x64@1.11.1 OK for: unrs-resolver@1.11.1 want: 1.11.1
2005 silly placeDep ROOT @unrs/resolver-binding-linux-arm-gnueabihf@1.11.1 OK for: unrs-resolver@1.11.1 want: 1.11.1
2006 silly placeDep ROOT @unrs/resolver-binding-linux-arm-musleabihf@1.11.1 OK for: unrs-resolver@1.11.1 want: 1.11.1
2007 silly placeDep ROOT @unrs/resolver-binding-linux-arm64-gnu@1.11.1 OK for: unrs-resolver@1.11.1 want: 1.11.1
2008 silly placeDep ROOT @unrs/resolver-binding-linux-arm64-musl@1.11.1 OK for: unrs-resolver@1.11.1 want: 1.11.1
2009 silly placeDep ROOT @unrs/resolver-binding-linux-ppc64-gnu@1.11.1 OK for: unrs-resolver@1.11.1 want: 1.11.1
2010 silly placeDep ROOT @unrs/resolver-binding-linux-riscv64-gnu@1.11.1 OK for: unrs-resolver@1.11.1 want: 1.11.1
2011 silly placeDep ROOT @unrs/resolver-binding-linux-riscv64-musl@1.11.1 OK for: unrs-resolver@1.11.1 want: 1.11.1
2012 silly placeDep ROOT @unrs/resolver-binding-linux-s390x-gnu@1.11.1 OK for: unrs-resolver@1.11.1 want: 1.11.1
2013 silly placeDep ROOT @unrs/resolver-binding-linux-x64-gnu@1.11.1 OK for: unrs-resolver@1.11.1 want: 1.11.1
2014 silly placeDep ROOT @unrs/resolver-binding-linux-x64-musl@1.11.1 OK for: unrs-resolver@1.11.1 want: 1.11.1
2015 silly placeDep ROOT @unrs/resolver-binding-wasm32-wasi@1.11.1 OK for: unrs-resolver@1.11.1 want: 1.11.1
2016 silly placeDep ROOT @unrs/resolver-binding-win32-arm64-msvc@1.11.1 OK for: unrs-resolver@1.11.1 want: 1.11.1
2017 silly placeDep ROOT @unrs/resolver-binding-win32-ia32-msvc@1.11.1 OK for: unrs-resolver@1.11.1 want: 1.11.1
2018 silly placeDep ROOT @unrs/resolver-binding-win32-x64-msvc@1.11.1 OK for: unrs-resolver@1.11.1 want: 1.11.1
2019 silly placeDep ROOT napi-postinstall@0.3.4 OK for: unrs-resolver@1.11.1 want: ^0.3.0
2020 silly fetch manifest @napi-rs/wasm-runtime@^0.2.11
2021 silly packumentCache full:https://registry.npmjs.org/@napi-rs%2fwasm-runtime cache-miss
2022 http fetch GET 200 https://registry.npmjs.org/@napi-rs%2fwasm-runtime 157ms (cache miss)
2023 silly packumentCache full:https://registry.npmjs.org/@napi-rs%2fwasm-runtime set size:undefined disposed:false
2024 silly placeDep ROOT @napi-rs/wasm-runtime@0.2.12 OK for: @unrs/resolver-binding-wasm32-wasi@1.11.1 want: ^0.2.11
2025 silly fetch manifest @emnapi/core@^1.4.3
2026 silly packumentCache full:https://registry.npmjs.org/@emnapi%2fcore cache-miss
2027 http fetch GET 200 https://registry.npmjs.org/@emnapi%2fcore 186ms (cache miss)
2028 silly packumentCache full:https://registry.npmjs.org/@emnapi%2fcore set size:undefined disposed:false
2029 silly fetch manifest @tybys/wasm-util@^0.10.0
2030 silly packumentCache full:https://registry.npmjs.org/@tybys%2fwasm-util cache-miss
2031 http fetch GET 200 https://registry.npmjs.org/@tybys%2fwasm-util 277ms (cache miss)
2032 silly packumentCache full:https://registry.npmjs.org/@tybys%2fwasm-util set size:undefined disposed:false
2033 silly placeDep ROOT @emnapi/core@1.8.1 OK for: @napi-rs/wasm-runtime@0.2.12 want: ^1.4.3
2034 silly placeDep ROOT @tybys/wasm-util@0.10.1 OK for: @napi-rs/wasm-runtime@0.2.12 want: ^0.10.0
2035 silly fetch manifest @emnapi/wasi-threads@1.1.0
2036 silly packumentCache full:https://registry.npmjs.org/@emnapi%2fwasi-threads cache-miss
2037 http fetch GET 200 https://registry.npmjs.org/@emnapi%2fwasi-threads 300ms (cache miss)
2038 silly packumentCache full:https://registry.npmjs.org/@emnapi%2fwasi-threads set size:undefined disposed:false
2039 silly placeDep ROOT @emnapi/wasi-threads@1.1.0 OK for: @emnapi/core@1.8.1 want: 1.1.0
2040 silly placeDep ROOT escalade@3.2.0 OK for: update-browserslist-db@1.2.3 want: ^3.2.0
2041 silly placeDep ROOT punycode@2.3.1 OK for: uri-js@4.4.1 want: ^2.1.0
2042 silly placeDep ROOT isexe@2.0.0 OK for: which@2.0.2 want: ^2.0.0
2043 silly placeDep ROOT is-bigint@1.1.0 OK for: which-boxed-primitive@1.1.1 want: ^1.1.0
2044 silly placeDep ROOT is-boolean-object@1.2.2 OK for: which-boxed-primitive@1.1.1 want: ^1.2.1
2045 silly placeDep ROOT is-number-object@1.1.1 OK for: which-boxed-primitive@1.1.1 want: ^1.1.1
2046 silly placeDep ROOT is-async-function@2.1.1 OK for: which-builtin-type@1.2.1 want: ^2.0.0
2047 silly placeDep ROOT is-finalizationregistry@1.1.1 OK for: which-builtin-type@1.2.1 want: ^1.1.0
2048 silly placeDep ROOT is-generator-function@1.1.2 OK for: which-builtin-type@1.2.1 want: ^1.0.10
2049 silly placeDep ROOT which-collection@1.0.2 OK for: which-builtin-type@1.2.1 want: ^1.0.2
2050 silly fetch manifest async-function@^1.0.0
2051 silly packumentCache full:https://registry.npmjs.org/async-function cache-miss
2052 http fetch GET 200 https://registry.npmjs.org/async-function 191ms (cache miss)
2053 silly packumentCache full:https://registry.npmjs.org/async-function set size:undefined disposed:false
2054 silly fetch manifest generator-function@^2.0.0
2055 silly packumentCache full:https://registry.npmjs.org/generator-function cache-miss
2056 http fetch GET 200 https://registry.npmjs.org/generator-function 191ms (cache miss)
2057 silly packumentCache full:https://registry.npmjs.org/generator-function set size:undefined disposed:false
2058 silly fetch manifest is-map@^2.0.3
2059 silly packumentCache full:https://registry.npmjs.org/is-map cache-miss
2060 http fetch GET 200 https://registry.npmjs.org/is-map 141ms (cache miss)
2061 silly packumentCache full:https://registry.npmjs.org/is-map set size:undefined disposed:false
2062 silly fetch manifest is-weakmap@^2.0.2
2063 silly packumentCache full:https://registry.npmjs.org/is-weakmap cache-miss
2064 http fetch GET 200 https://registry.npmjs.org/is-weakmap 161ms (cache miss)
2065 silly packumentCache full:https://registry.npmjs.org/is-weakmap set size:undefined disposed:false
2066 silly fetch manifest is-weakset@^2.0.3
2067 silly packumentCache full:https://registry.npmjs.org/is-weakset cache-miss
2068 http fetch GET 200 https://registry.npmjs.org/is-weakset 138ms (cache miss)
2069 silly packumentCache full:https://registry.npmjs.org/is-weakset set size:undefined disposed:false
2070 silly placeDep ROOT async-function@1.0.0 OK for: is-async-function@2.1.1 want: ^1.0.0
2071 silly placeDep ROOT generator-function@2.0.1 OK for: is-generator-function@1.1.2 want: ^2.0.0
2072 silly placeDep ROOT is-map@2.0.3 OK for: which-collection@1.0.2 want: ^2.0.3
2073 silly placeDep ROOT is-weakmap@2.0.2 OK for: which-collection@1.0.2 want: ^2.0.2
2074 silly placeDep ROOT is-weakset@2.0.4 OK for: which-collection@1.0.2 want: ^2.0.3
2075 silly placeDep node_modules/@typescript-eslint/typescript-estree brace-expansion@2.0.2 OK for: minimatch@9.0.5 want: ^2.0.1
2076 silly reify moves {}
2077 silly audit bulk request {
2077 silly audit   web: [ '0.1.0' ],
2077 silly audit   '@types/node': [ '20.19.30' ],
2077 silly audit   '@types/react': [ '19.2.8' ],
2077 silly audit   '@types/react-dom': [ '19.2.3' ],
2077 silly audit   eslint: [ '9.39.2' ],
2077 silly audit   'eslint-config-next': [ '16.1.2' ],
2077 silly audit   next: [ '16.1.2' ],
2077 silly audit   react: [ '19.2.3' ],
2077 silly audit   'react-dom': [ '19.2.3' ],
2077 silly audit   typescript: [ '5.9.3' ],
2077 silly audit   'undici-types': [ '6.21.0' ],
2077 silly audit   csstype: [ '3.2.3' ],
2077 silly audit   '@eslint-community/eslint-utils': [ '4.9.1' ],
2077 silly audit   '@eslint-community/regexpp': [ '4.12.2' ],
2077 silly audit   '@eslint/config-array': [ '0.21.1' ],
2077 silly audit   '@eslint/config-helpers': [ '0.4.2' ],
2077 silly audit   '@eslint/core': [ '0.17.0' ],
2077 silly audit   '@eslint/eslintrc': [ '3.3.3' ],
2077 silly audit   '@eslint/js': [ '9.39.2' ],
2077 silly audit   '@eslint/plugin-kit': [ '0.4.1' ],
2077 silly audit   '@humanfs/node': [ '0.16.7' ],
2077 silly audit   '@humanwhocodes/module-importer': [ '1.0.1' ],
2077 silly audit   '@humanwhocodes/retry': [ '0.4.3' ],
2077 silly audit   '@types/estree': [ '1.0.8' ],
2077 silly audit   ajv: [ '6.12.6' ],
2077 silly audit   chalk: [ '4.1.2' ],
2077 silly audit   'cross-spawn': [ '7.0.6' ],
2077 silly audit   debug: [ '4.4.3', '3.2.7' ],
2077 silly audit   'escape-string-regexp': [ '4.0.0' ],
2077 silly audit   'eslint-scope': [ '8.4.0' ],
2077 silly audit   'eslint-visitor-keys': [ '4.2.1', '3.4.3' ],
2077 silly audit   espree: [ '10.4.0' ],
2077 silly audit   esquery: [ '1.7.0' ],
2077 silly audit   esutils: [ '2.0.3' ],
2077 silly audit   'fast-deep-equal': [ '3.1.3' ],
2077 silly audit   'file-entry-cache': [ '8.0.0' ],
2077 silly audit   'find-up': [ '5.0.0' ],
2077 silly audit   'glob-parent': [ '6.0.2', '5.1.2' ],
2077 silly audit   ignore: [ '5.3.2', '7.0.5' ],
2077 silly audit   imurmurhash: [ '0.1.4' ],
2077 silly audit   'is-glob': [ '4.0.3' ],
2077 silly audit   'json-stable-stringify-without-jsonify': [ '1.0.1' ],
2077 silly audit   'lodash.merge': [ '4.6.2' ],
2077 silly audit   minimatch: [ '3.1.2', '9.0.5' ],
2077 silly audit   'natural-compare': [ '1.4.0' ],
2077 silly audit   optionator: [ '0.9.4' ],
2077 silly audit   '@eslint/object-schema': [ '2.1.7' ],
2077 silly audit   '@types/json-schema': [ '7.0.15' ],
2077 silly audit   globals: [ '14.0.0', '16.4.0' ],
2077 silly audit   'import-fresh': [ '3.3.1' ],
2077 silly audit   'js-yaml': [ '4.1.1' ],
2077 silly audit   'strip-json-comments': [ '3.1.1' ],
2077 silly audit   levn: [ '0.4.1' ],
2077 silly audit   '@humanfs/core': [ '0.19.1' ],
2077 silly audit   'fast-json-stable-stringify': [ '2.1.0' ],
2077 silly audit   'json-schema-traverse': [ '0.4.1' ],
2077 silly audit   'uri-js': [ '4.4.1' ],
2077 silly audit   'ansi-styles': [ '4.3.0' ],
2077 silly audit   'supports-color': [ '7.2.0' ],
2077 silly audit   'color-convert': [ '2.0.1' ],
2077 silly audit   'color-name': [ '1.1.4' ],
2077 silly audit   'path-key': [ '3.1.1' ],
2077 silly audit   'shebang-command': [ '2.0.0' ],
2077 silly audit   which: [ '2.0.2' ],
2077 silly audit   ms: [ '2.1.3' ],
2077 silly audit   '@next/eslint-plugin-next': [ '16.1.2' ],
2077 silly audit   'eslint-import-resolver-node': [ '0.3.9' ],
2077 silly audit   'eslint-import-resolver-typescript': [ '3.10.1' ],
2077 silly audit   'eslint-plugin-import': [ '2.32.0' ],
2077 silly audit   'eslint-plugin-jsx-a11y': [ '6.10.2' ],
2077 silly audit   'eslint-plugin-react': [ '7.37.5' ],
2077 silly audit   'eslint-plugin-react-hooks': [ '7.0.1' ],
2077 silly audit   'typescript-eslint': [ '8.53.0' ],
2077 silly audit   'fast-glob': [ '3.3.1' ],
2077 silly audit   'is-core-module': [ '2.16.1' ],
2077 silly audit   resolve: [ '1.22.11', '2.0.0-next.5' ],
2077 silly audit   '@nolyfill/is-core-module': [ '1.0.39' ],
2077 silly audit   'get-tsconfig': [ '4.13.0' ],
2077 silly audit   'is-bun-module': [ '2.0.0' ],
2077 silly audit   'stable-hash': [ '0.0.5' ],
2077 silly audit   tinyglobby: [ '0.2.15' ],
2077 silly audit   'unrs-resolver': [ '1.11.1' ],
2077 silly audit   '@rtsao/scc': [ '1.1.0' ],
2077 silly audit   'array-includes': [ '3.1.9' ],
2077 silly audit   'array.prototype.findlastindex': [ '1.2.6' ],
2077 silly audit   'array.prototype.flat': [ '1.3.3' ],
2077 silly audit   'array.prototype.flatmap': [ '1.3.3' ],
2077 silly audit   doctrine: [ '2.1.0' ],
2077 silly audit   'eslint-module-utils': [ '2.12.1' ],
2077 silly audit   hasown: [ '2.0.2' ],
2077 silly audit   'object.fromentries': [ '2.0.8' ],
2077 silly audit   'object.groupby': [ '1.0.3' ],
2077 silly audit   'object.values': [ '1.2.1' ],
2077 silly audit   semver: [ '6.3.1', '7.7.3' ],
2077 silly audit   'string.prototype.trimend': [ '1.0.9' ],
2077 silly audit   'tsconfig-paths': [ '3.15.0' ],
2077 silly audit   'call-bind': [ '1.0.8' ],
2077 silly audit   'call-bound': [ '1.0.4' ],
2077 silly audit   'define-properties': [ '1.2.1' ],
2077 silly audit   'es-abstract': [ '1.24.1' ],
2077 silly audit   'es-object-atoms': [ '1.1.1' ],
2077 silly audit   'get-intrinsic': [ '1.3.0' ],
2077 silly audit   'is-string': [ '1.1.1' ],
2077 silly audit   'math-intrinsics': [ '1.1.0' ],
2077 silly audit   'es-errors': [ '1.3.0' ],
2077 silly audit   'es-shim-unscopables': [ '1.1.0' ],
2077 silly audit   'call-bind-apply-helpers': [ '1.0.2' ],
2077 silly audit   'es-define-property': [ '1.0.1' ],
2077 silly audit   'set-function-length': [ '1.2.2' ],
2077 silly audit   'function-bind': [ '1.1.2' ],
2077 silly audit   'define-data-property': [ '1.1.4' ],
2077 silly audit   'has-property-descriptors': [ '1.0.2' ],
2077 silly audit   'object-keys': [ '1.1.1' ],
2077 silly audit   gopd: [ '1.2.0' ],
2077 silly audit   'array-buffer-byte-length': [ '1.0.2' ],
2077 silly audit   'arraybuffer.prototype.slice': [ '1.0.4' ],
2077 silly audit   'available-typed-arrays': [ '1.0.7' ],
2077 silly audit   'data-view-buffer': [ '1.0.2' ],
2077 silly audit   'data-view-byte-length': [ '1.0.2' ],
2077 silly audit   'data-view-byte-offset': [ '1.0.1' ],
2077 silly audit   'es-set-tostringtag': [ '2.1.0' ],
2077 silly audit   'es-to-primitive': [ '1.3.0' ],
2077 silly audit   'function.prototype.name': [ '1.1.8' ],
2077 silly audit   'get-proto': [ '1.0.1' ],
2077 silly audit   'get-symbol-description': [ '1.1.0' ],
2077 silly audit   globalthis: [ '1.0.4' ],
2077 silly audit   'has-proto': [ '1.2.0' ],
2077 silly audit   'has-symbols': [ '1.1.0' ],
2077 silly audit   'internal-slot': [ '1.1.0' ],
2077 silly audit   'is-array-buffer': [ '3.0.5' ],
2077 silly audit   'is-callable': [ '1.2.7' ],
2077 silly audit   'is-data-view': [ '1.0.2' ],
2077 silly audit   'is-negative-zero': [ '2.0.3' ],
2077 silly audit   'is-regex': [ '1.2.1' ],
2077 silly audit   'is-set': [ '2.0.3' ],
2077 silly audit   'is-shared-array-buffer': [ '1.0.4' ],
2077 silly audit   'is-typed-array': [ '1.1.15' ],
2077 silly audit   'is-weakref': [ '1.1.1' ],
2077 silly audit   'object-inspect': [ '1.13.4' ],
2077 silly audit   'object.assign': [ '4.1.7' ],
2077 silly audit   'own-keys': [ '1.0.1' ],
2077 silly audit   'regexp.prototype.flags': [ '1.5.4' ],
2077 silly audit   'safe-array-concat': [ '1.1.3' ],
2077 silly audit   'safe-push-apply': [ '1.0.0' ],
2077 silly audit   'safe-regex-test': [ '1.1.0' ],
2077 silly audit   'set-proto': [ '1.0.0' ],
2077 silly audit   'stop-iteration-iterator': [ '1.1.0' ],
2077 silly audit   'string.prototype.trim': [ '1.2.10' ],
2077 silly audit   'string.prototype.trimstart': [ '1.0.8' ],
2077 silly audit   'typed-array-buffer': [ '1.0.3' ],
2077 silly audit   'typed-array-byte-length': [ '1.0.3' ],
2077 silly audit   'typed-array-byte-offset': [ '1.0.4' ],
2077 silly audit   'typed-array-length': [ '1.0.7' ],
2077 silly audit   'unbox-primitive': [ '1.1.0' ],
2077 silly audit   'which-typed-array': [ '1.1.20' ],
2077 silly audit   'possible-typed-array-names': [ '1.1.0' ],
2077 silly audit   'has-tostringtag': [ '1.0.2' ],
2077 silly audit   'is-date-object': [ '1.1.0' ],
2077 silly audit   'is-symbol': [ '1.1.1' ],
2077 silly audit   'aria-query': [ '5.3.2' ],
2077 silly audit   'ast-types-flow': [ '0.0.8' ],
2077 silly audit   'axe-core': [ '4.11.1' ],
2077 silly audit   'axobject-query': [ '4.1.0' ],
2077 silly audit   'damerau-levenshtein': [ '1.0.8' ],
2077 silly audit   'emoji-regex': [ '9.2.2' ],
2077 silly audit   'jsx-ast-utils': [ '3.3.5' ],
2077 silly audit   'language-tags': [ '1.0.9' ],
2077 silly audit   'string.prototype.includes': [ '2.0.1' ],
2077 silly audit   'array.prototype.findlast': [ '1.2.5' ],
2077 silly audit   'array.prototype.tosorted': [ '1.1.4' ],
2077 silly audit   'es-iterator-helpers': [ '1.2.2' ],
2077 silly audit   estraverse: [ '5.3.0' ],
2077 silly audit   'object.entries': [ '1.1.9' ],
2077 silly audit   'prop-types': [ '15.8.1' ],
2077 silly audit   'string.prototype.matchall': [ '4.0.12' ],
2077 silly audit   'string.prototype.repeat': [ '1.0.0' ],
2077 silly audit   'iterator.prototype': [ '1.1.5' ],
2077 silly audit   '@babel/core': [ '7.28.6' ],
2077 silly audit   '@babel/parser': [ '7.28.6' ],
2077 silly audit   'hermes-parser': [ '0.25.1' ],
2077 silly audit   zod: [ '4.3.5' ],
2077 silly audit   'zod-validation-error': [ '4.0.2' ],
2077 silly audit   '@babel/code-frame': [ '7.28.6' ],
2077 silly audit   '@babel/generator': [ '7.28.6' ],
2077 silly audit   '@babel/helper-compilation-targets': [ '7.28.6' ],
2077 silly audit   '@babel/helper-module-transforms': [ '7.28.6' ],
2077 silly audit   '@babel/helpers': [ '7.28.6' ],
2077 silly audit   '@babel/template': [ '7.28.6' ],
2077 silly audit   '@babel/traverse': [ '7.28.6' ],
2077 silly audit   '@babel/types': [ '7.28.6' ],
2077 silly audit   '@jridgewell/remapping': [ '2.3.5' ],
2077 silly audit   'convert-source-map': [ '2.0.0' ],
2077 silly audit   gensync: [ '1.0.0-beta.2' ],
2077 silly audit   json5: [ '2.2.3', '1.0.2' ],
2077 silly audit   '@babel/helper-validator-identifier': [ '7.28.5' ],
2077 silly audit   'js-tokens': [ '4.0.0' ],
2077 silly audit   picocolors: [ '1.1.1' ],
2077 silly audit   '@jridgewell/gen-mapping': [ '0.3.13' ],
2077 silly audit   '@jridgewell/trace-mapping': [ '0.3.31' ],
2077 silly audit   jsesc: [ '3.1.0' ],
2077 silly audit   '@babel/compat-data': [ '7.28.6' ],
2077 silly audit   '@babel/helper-validator-option': [ '7.27.1' ],
2077 silly audit   browserslist: [ '4.28.1' ],
2077 silly audit   'lru-cache': [ '5.1.1' ],
2077 silly audit   '@babel/helper-module-imports': [ '7.28.6' ],
2077 silly audit   '@babel/helper-globals': [ '7.28.0' ],
2077 silly audit   '@babel/helper-string-parser': [ '7.27.1' ],
2077 silly audit   '@jridgewell/sourcemap-codec': [ '1.5.5' ],
2077 silly audit   '@jridgewell/resolve-uri': [ '3.1.2' ],
2077 silly audit   'baseline-browser-mapping': [ '2.9.14' ],
2077 silly audit   'caniuse-lite': [ '1.0.30001764' ],
2077 silly audit   'electron-to-chromium': [ '1.5.267' ],
2077 silly audit   'node-releases': [ '2.0.27' ],
2077 silly audit   'update-browserslist-db': [ '1.2.3' ],
2077 silly audit   esrecurse: [ '4.3.0' ],
2077 silly audit   acorn: [ '8.15.0' ],
2077 silly audit   'acorn-jsx': [ '5.3.2' ],
2077 silly audit   '@nodelib/fs.stat': [ '2.0.5' ],
2077 silly audit   '@nodelib/fs.walk': [ '1.2.8' ],
2077 silly audit   merge2: [ '1.4.1' ],
2077 silly audit   micromatch: [ '4.0.8' ],
2077 silly audit   '@nodelib/fs.scandir': [ '2.1.5' ],
2077 silly audit   fastq: [ '1.20.1' ],
2077 silly audit   'run-parallel': [ '1.2.0' ],
2077 silly audit   reusify: [ '1.1.0' ],
2077 silly audit   'flat-cache': [ '4.0.1' ],
2077 silly audit   'locate-path': [ '6.0.0' ],
2077 silly audit   'path-exists': [ '4.0.0' ],
2077 silly audit   flatted: [ '3.3.3' ],
2077 silly audit   keyv: [ '4.5.4' ],
2077 silly audit   'functions-have-names': [ '1.2.3' ],
2077 silly audit   'dunder-proto': [ '1.0.1' ],
2077 silly audit   'resolve-pkg-maps': [ '1.0.0' ],
2077 silly audit   'hermes-estree': [ '0.25.1' ],
2077 silly audit   'parent-module': [ '1.0.1' ],
2077 silly audit   'resolve-from': [ '4.0.0' ],
2077 silly audit   'side-channel': [ '1.1.0' ],
2077 silly audit   'is-extglob': [ '2.1.1' ],
2077 silly audit   'set-function-name': [ '2.0.2' ],
2077 silly audit   argparse: [ '2.0.1' ],
2077 silly audit   'json-buffer': [ '3.0.1' ],
2077 silly audit   'language-subtag-registry': [ '0.3.23' ],
2077 silly audit   'prelude-ls': [ '1.2.1' ],
2077 silly audit   'type-check': [ '0.4.0' ],
2077 silly audit   'p-locate': [ '5.0.0' ],
2077 silly audit   yallist: [ '3.1.1' ],
2077 silly audit   braces: [ '3.0.3' ],
2077 silly audit   picomatch: [ '2.3.1', '4.0.3' ],
2077 silly audit   'fill-range': [ '7.1.1' ],
2077 silly audit   'to-regex-range': [ '5.0.1' ],
2077 silly audit   'brace-expansion': [ '1.1.12', '2.0.2' ],
2077 silly audit   'balanced-match': [ '1.0.2' ],
2077 silly audit   'concat-map': [ '0.0.1' ],
2077 silly audit   '@next/env': [ '16.1.2' ],
2077 silly audit   '@next/swc-darwin-arm64': [ '16.1.2' ],
2077 silly audit   '@next/swc-darwin-x64': [ '16.1.2' ],
2077 silly audit   '@next/swc-linux-arm64-gnu': [ '16.1.2' ],
2077 silly audit   '@next/swc-linux-arm64-musl': [ '16.1.2' ],
2077 silly audit   '@next/swc-linux-x64-gnu': [ '16.1.2' ],
2077 silly audit   '@next/swc-linux-x64-musl': [ '16.1.2' ],
2077 silly audit   '@next/swc-win32-arm64-msvc': [ '16.1.2' ],
2077 silly audit   '@next/swc-win32-x64-msvc': [ '16.1.2' ],
2077 silly audit   '@swc/helpers': [ '0.5.15' ],
2077 silly audit   postcss: [ '8.4.31' ],
2077 silly audit   sharp: [ '0.34.5' ],
2077 silly audit   'styled-jsx': [ '5.1.6' ],
2077 silly audit   tslib: [ '2.8.1' ],
2077 silly audit   'deep-is': [ '0.1.4' ],
2077 silly audit   'fast-levenshtein': [ '2.0.6' ],
2077 silly audit   'word-wrap': [ '1.2.5' ],
2077 silly audit   'p-limit': [ '3.1.0' ],
2077 silly audit   'yocto-queue': [ '0.1.0' ],
2077 silly audit   callsites: [ '3.1.0' ],
2077 silly audit   nanoid: [ '3.3.11' ],
2077 silly audit   'source-map-js': [ '1.2.1' ],
2077 silly audit   'loose-envify': [ '1.4.0' ],
2077 silly audit   'object-assign': [ '4.1.1' ],
2077 silly audit   'react-is': [ '16.13.1' ],
2077 silly audit   scheduler: [ '0.27.0' ],
2077 silly audit   'path-parse': [ '1.0.7' ],
2077 silly audit   'supports-preserve-symlinks-flag': [ '1.0.0' ],
2077 silly audit   'queue-microtask': [ '1.2.3' ],
2077 silly audit   isarray: [ '2.0.5' ],
2077 silly audit   '@img/colour': [ '1.0.0' ],
2077 silly audit   '@img/sharp-darwin-arm64': [ '0.34.5' ],
2077 silly audit   '@img/sharp-darwin-x64': [ '0.34.5' ],
2077 silly audit   '@img/sharp-libvips-darwin-arm64': [ '1.2.4' ],
2077 silly audit   '@img/sharp-libvips-darwin-x64': [ '1.2.4' ],
2077 silly audit   '@img/sharp-libvips-linux-arm': [ '1.2.4' ],
2077 silly audit   '@img/sharp-libvips-linux-arm64': [ '1.2.4' ],
2077 silly audit   '@img/sharp-libvips-linux-ppc64': [ '1.2.4' ],
2077 silly audit   '@img/sharp-libvips-linux-riscv64': [ '1.2.4' ],
2077 silly audit   '@img/sharp-libvips-linux-s390x': [ '1.2.4' ],
2077 silly audit   '@img/sharp-libvips-linux-x64': [ '1.2.4' ],
2077 silly audit   '@img/sharp-libvips-linuxmusl-arm64': [ '1.2.4' ],
2077 silly audit   '@img/sharp-libvips-linuxmusl-x64': [ '1.2.4' ],
2077 silly audit   '@img/sharp-linux-arm': [ '0.34.5' ],
2077 silly audit   '@img/sharp-linux-arm64': [ '0.34.5' ],
2077 silly audit   '@img/sharp-linux-ppc64': [ '0.34.5' ],
2077 silly audit   '@img/sharp-linux-riscv64': [ '0.34.5' ],
2077 silly audit   '@img/sharp-linux-s390x': [ '0.34.5' ],
2077 silly audit   '@img/sharp-linux-x64': [ '0.34.5' ],
2077 silly audit   '@img/sharp-linuxmusl-arm64': [ '0.34.5' ],
2077 silly audit   '@img/sharp-linuxmusl-x64': [ '0.34.5' ],
2077 silly audit   '@img/sharp-wasm32': [ '0.34.5' ],
2077 silly audit   '@img/sharp-win32-arm64': [ '0.34.5' ],
2077 silly audit   '@img/sharp-win32-ia32': [ '0.34.5' ],
2077 silly audit   '@img/sharp-win32-x64': [ '0.34.5' ],
2077 silly audit   'detect-libc': [ '2.1.2' ],
2077 silly audit   '@emnapi/runtime': [ '1.8.1' ],
2077 silly audit   'shebang-regex': [ '3.0.0' ],
2077 silly audit   'side-channel-list': [ '1.0.0' ],
2077 silly audit   'side-channel-map': [ '1.0.1' ],
2077 silly audit   'side-channel-weakmap': [ '1.0.2' ],
2077 silly audit   'client-only': [ '0.0.1' ],
2077 silly audit   'has-flag': [ '4.0.0' ],
2077 silly audit   fdir: [ '6.5.0' ],
2077 silly audit   'is-number': [ '7.0.0' ],
2077 silly audit   '@types/json5': [ '0.0.29' ],
2077 silly audit   minimist: [ '1.2.8' ],
2077 silly audit   'strip-bom': [ '3.0.0' ],
2077 silly audit   'for-each': [ '0.3.5' ],
2077 silly audit   'reflect.getprototypeof': [ '1.0.10' ],
2077 silly audit   'which-builtin-type': [ '1.2.1' ],
2077 silly audit   '@typescript-eslint/eslint-plugin': [ '8.53.0' ],
2077 silly audit   '@typescript-eslint/parser': [ '8.53.0' ],
2077 silly audit   '@typescript-eslint/typescript-estree': [ '8.53.0' ],
2077 silly audit   '@typescript-eslint/utils': [ '8.53.0' ],
2077 silly audit   '@typescript-eslint/scope-manager': [ '8.53.0' ],
2077 silly audit   '@typescript-eslint/type-utils': [ '8.53.0' ],
2077 silly audit   '@typescript-eslint/visitor-keys': [ '8.53.0' ],
2077 silly audit   'ts-api-utils': [ '2.4.0' ],
2077 silly audit   '@typescript-eslint/types': [ '8.53.0' ],
2077 silly audit   '@typescript-eslint/project-service': [ '8.53.0' ],
2077 silly audit   '@typescript-eslint/tsconfig-utils': [ '8.53.0' ],
2077 silly audit   'has-bigints': [ '1.1.0' ],
2077 silly audit   'which-boxed-primitive': [ '1.1.1' ],
2077 silly audit   '@unrs/resolver-binding-android-arm-eabi': [ '1.11.1' ],
2077 silly audit   '@unrs/resolver-binding-android-arm64': [ '1.11.1' ],
2077 silly audit   '@unrs/resolver-binding-darwin-arm64': [ '1.11.1' ],
2077 silly audit   '@unrs/resolver-binding-darwin-x64': [ '1.11.1' ],
2077 silly audit   '@unrs/resolver-binding-freebsd-x64': [ '1.11.1' ],
2077 silly audit   '@unrs/resolver-binding-linux-arm-gnueabihf': [ '1.11.1' ],
2077 silly audit   '@unrs/resolver-binding-linux-arm-musleabihf': [ '1.11.1' ],
2077 silly audit   '@unrs/resolver-binding-linux-arm64-gnu': [ '1.11.1' ],
2077 silly audit   '@unrs/resolver-binding-linux-arm64-musl': [ '1.11.1' ],
2077 silly audit   '@unrs/resolver-binding-linux-ppc64-gnu': [ '1.11.1' ],
2077 silly audit   '@unrs/resolver-binding-linux-riscv64-gnu': [ '1.11.1' ],
2077 silly audit   '@unrs/resolver-binding-linux-riscv64-musl': [ '1.11.1' ],
2077 silly audit   '@unrs/resolver-binding-linux-s390x-gnu': [ '1.11.1' ],
2077 silly audit   '@unrs/resolver-binding-linux-x64-gnu': [ '1.11.1' ],
2077 silly audit   '@unrs/resolver-binding-linux-x64-musl': [ '1.11.1' ],
2077 silly audit   '@unrs/resolver-binding-wasm32-wasi': [ '1.11.1' ],
2077 silly audit   '@unrs/resolver-binding-win32-arm64-msvc': [ '1.11.1' ],
2077 silly audit   '@unrs/resolver-binding-win32-ia32-msvc': [ '1.11.1' ],
2077 silly audit   '@unrs/resolver-binding-win32-x64-msvc': [ '1.11.1' ],
2077 silly audit   'napi-postinstall': [ '0.3.4' ],
2077 silly audit   '@napi-rs/wasm-runtime': [ '0.2.12' ],
2077 silly audit   '@emnapi/core': [ '1.8.1' ],
2077 silly audit   '@tybys/wasm-util': [ '0.10.1' ],
2077 silly audit   '@emnapi/wasi-threads': [ '1.1.0' ],
2077 silly audit   escalade: [ '3.2.0' ],
2077 silly audit   punycode: [ '2.3.1' ],
2077 silly audit   isexe: [ '2.0.0' ],
2077 silly audit   'is-bigint': [ '1.1.0' ],
2077 silly audit   'is-boolean-object': [ '1.2.2' ],
2077 silly audit   'is-number-object': [ '1.1.1' ],
2077 silly audit   'is-async-function': [ '2.1.1' ],
2077 silly audit   'is-finalizationregistry': [ '1.1.1' ],
2077 silly audit   'is-generator-function': [ '1.1.2' ],
2077 silly audit   'which-collection': [ '1.0.2' ],
2077 silly audit   'async-function': [ '1.0.0' ],
2077 silly audit   'generator-function': [ '2.0.1' ],
2077 silly audit   'is-map': [ '2.0.3' ],
2077 silly audit   'is-weakmap': [ '2.0.2' ],
2077 silly audit   'is-weakset': [ '2.0.4' ]
2077 silly audit }
2078 verbose reify failed optional dependency /mnt/c/Users/matma/Documents/MyDigitalSchool/M1/OrigAMI/site/node_modules/@unrs/resolver-binding-win32-x64-msvc
2079 silly reify mark deleted [
2079 silly reify   '/mnt/c/Users/matma/Documents/MyDigitalSchool/M1/OrigAMI/site/node_modules/@unrs/resolver-binding-win32-x64-msvc'
2079 silly reify ]
2080 verbose reify failed optional dependency /mnt/c/Users/matma/Documents/MyDigitalSchool/M1/OrigAMI/site/node_modules/@unrs/resolver-binding-win32-ia32-msvc
2081 silly reify mark deleted [
2081 silly reify   '/mnt/c/Users/matma/Documents/MyDigitalSchool/M1/OrigAMI/site/node_modules/@unrs/resolver-binding-win32-ia32-msvc'
2081 silly reify ]
2082 verbose reify failed optional dependency /mnt/c/Users/matma/Documents/MyDigitalSchool/M1/OrigAMI/site/node_modules/@unrs/resolver-binding-win32-arm64-msvc
2083 silly reify mark deleted [
2083 silly reify   '/mnt/c/Users/matma/Documents/MyDigitalSchool/M1/OrigAMI/site/node_modules/@unrs/resolver-binding-win32-arm64-msvc'
2083 silly reify ]
2084 verbose reify failed optional dependency /mnt/c/Users/matma/Documents/MyDigitalSchool/M1/OrigAMI/site/node_modules/@unrs/resolver-binding-wasm32-wasi
2085 silly reify mark deleted [
2085 silly reify   '/mnt/c/Users/matma/Documents/MyDigitalSchool/M1/OrigAMI/site/node_modules/@unrs/resolver-binding-wasm32-wasi'
2085 silly reify ]
2086 verbose reify failed optional dependency /mnt/c/Users/matma/Documents/MyDigitalSchool/M1/OrigAMI/site/node_modules/@napi-rs/wasm-runtime
2087 silly reify mark deleted [
2087 silly reify   '/mnt/c/Users/matma/Documents/MyDigitalSchool/M1/OrigAMI/site/node_modules/@napi-rs/wasm-runtime'
2087 silly reify ]
2088 verbose reify failed optional dependency /mnt/c/Users/matma/Documents/MyDigitalSchool/M1/OrigAMI/site/node_modules/@emnapi/core
2089 silly reify mark deleted [
2089 silly reify   '/mnt/c/Users/matma/Documents/MyDigitalSchool/M1/OrigAMI/site/node_modules/@emnapi/core'
2089 silly reify ]
2090 verbose reify failed optional dependency /mnt/c/Users/matma/Documents/MyDigitalSchool/M1/OrigAMI/site/node_modules/@tybys/wasm-util
2091 silly reify mark deleted [
2091 silly reify   '/mnt/c/Users/matma/Documents/MyDigitalSchool/M1/OrigAMI/site/node_modules/@tybys/wasm-util'
2091 silly reify ]
2092 verbose reify failed optional dependency /mnt/c/Users/matma/Documents/MyDigitalSchool/M1/OrigAMI/site/node_modules/@emnapi/wasi-threads
2093 silly reify mark deleted [
2093 silly reify   '/mnt/c/Users/matma/Documents/MyDigitalSchool/M1/OrigAMI/site/node_modules/@emnapi/wasi-threads'
2093 silly reify ]
2094 verbose reify failed optional dependency /mnt/c/Users/matma/Documents/MyDigitalSchool/M1/OrigAMI/site/node_modules/@unrs/resolver-binding-linux-x64-musl
2095 silly reify mark deleted [
2095 silly reify   '/mnt/c/Users/matma/Documents/MyDigitalSchool/M1/OrigAMI/site/node_modules/@unrs/resolver-binding-linux-x64-musl'
2095 silly reify ]
2096 verbose reify failed optional dependency /mnt/c/Users/matma/Documents/MyDigitalSchool/M1/OrigAMI/site/node_modules/@unrs/resolver-binding-linux-s390x-gnu
2097 silly reify mark deleted [
2097 silly reify   '/mnt/c/Users/matma/Documents/MyDigitalSchool/M1/OrigAMI/site/node_modules/@unrs/resolver-binding-linux-s390x-gnu'
2097 silly reify ]
2098 verbose reify failed optional dependency /mnt/c/Users/matma/Documents/MyDigitalSchool/M1/OrigAMI/site/node_modules/@unrs/resolver-binding-linux-riscv64-musl
2099 silly reify mark deleted [
2099 silly reify   '/mnt/c/Users/matma/Documents/MyDigitalSchool/M1/OrigAMI/site/node_modules/@unrs/resolver-binding-linux-riscv64-musl'
2099 silly reify ]
2100 verbose reify failed optional dependency /mnt/c/Users/matma/Documents/MyDigitalSchool/M1/OrigAMI/site/node_modules/@unrs/resolver-binding-linux-riscv64-gnu
2101 silly reify mark deleted [
2101 silly reify   '/mnt/c/Users/matma/Documents/MyDigitalSchool/M1/OrigAMI/site/node_modules/@unrs/resolver-binding-linux-riscv64-gnu'
2101 silly reify ]
2102 verbose reify failed optional dependency /mnt/c/Users/matma/Documents/MyDigitalSchool/M1/OrigAMI/site/node_modules/@unrs/resolver-binding-linux-ppc64-gnu
2103 silly reify mark deleted [
2103 silly reify   '/mnt/c/Users/matma/Documents/MyDigitalSchool/M1/OrigAMI/site/node_modules/@unrs/resolver-binding-linux-ppc64-gnu'
2103 silly reify ]
2104 verbose reify failed optional dependency /mnt/c/Users/matma/Documents/MyDigitalSchool/M1/OrigAMI/site/node_modules/@unrs/resolver-binding-linux-arm64-musl
2105 silly reify mark deleted [
2105 silly reify   '/mnt/c/Users/matma/Documents/MyDigitalSchool/M1/OrigAMI/site/node_modules/@unrs/resolver-binding-linux-arm64-musl'
2105 silly reify ]
2106 verbose reify failed optional dependency /mnt/c/Users/matma/Documents/MyDigitalSchool/M1/OrigAMI/site/node_modules/@unrs/resolver-binding-linux-arm64-gnu
2107 silly reify mark deleted [
2107 silly reify   '/mnt/c/Users/matma/Documents/MyDigitalSchool/M1/OrigAMI/site/node_modules/@unrs/resolver-binding-linux-arm64-gnu'
2107 silly reify ]
2108 verbose reify failed optional dependency /mnt/c/Users/matma/Documents/MyDigitalSchool/M1/OrigAMI/site/node_modules/@unrs/resolver-binding-linux-arm-musleabihf
2109 silly reify mark deleted [
2109 silly reify   '/mnt/c/Users/matma/Documents/MyDigitalSchool/M1/OrigAMI/site/node_modules/@unrs/resolver-binding-linux-arm-musleabihf'
2109 silly reify ]
2110 verbose reify failed optional dependency /mnt/c/Users/matma/Documents/MyDigitalSchool/M1/OrigAMI/site/node_modules/@unrs/resolver-binding-linux-arm-gnueabihf
2111 silly reify mark deleted [
2111 silly reify   '/mnt/c/Users/matma/Documents/MyDigitalSchool/M1/OrigAMI/site/node_modules/@unrs/resolver-binding-linux-arm-gnueabihf'
2111 silly reify ]
2112 verbose reify failed optional dependency /mnt/c/Users/matma/Documents/MyDigitalSchool/M1/OrigAMI/site/node_modules/@unrs/resolver-binding-freebsd-x64
2113 silly reify mark deleted [
2113 silly reify   '/mnt/c/Users/matma/Documents/MyDigitalSchool/M1/OrigAMI/site/node_modules/@unrs/resolver-binding-freebsd-x64'
2113 silly reify ]
2114 verbose reify failed optional dependency /mnt/c/Users/matma/Documents/MyDigitalSchool/M1/OrigAMI/site/node_modules/@unrs/resolver-binding-darwin-x64
2115 silly reify mark deleted [
2115 silly reify   '/mnt/c/Users/matma/Documents/MyDigitalSchool/M1/OrigAMI/site/node_modules/@unrs/resolver-binding-darwin-x64'
2115 silly reify ]
2116 verbose reify failed optional dependency /mnt/c/Users/matma/Documents/MyDigitalSchool/M1/OrigAMI/site/node_modules/@unrs/resolver-binding-darwin-arm64
2117 silly reify mark deleted [
2117 silly reify   '/mnt/c/Users/matma/Documents/MyDigitalSchool/M1/OrigAMI/site/node_modules/@unrs/resolver-binding-darwin-arm64'
2117 silly reify ]
2118 verbose reify failed optional dependency /mnt/c/Users/matma/Documents/MyDigitalSchool/M1/OrigAMI/site/node_modules/@unrs/resolver-binding-android-arm64
2119 silly reify mark deleted [
2119 silly reify   '/mnt/c/Users/matma/Documents/MyDigitalSchool/M1/OrigAMI/site/node_modules/@unrs/resolver-binding-android-arm64'
2119 silly reify ]
2120 verbose reify failed optional dependency /mnt/c/Users/matma/Documents/MyDigitalSchool/M1/OrigAMI/site/node_modules/@unrs/resolver-binding-android-arm-eabi
2121 silly reify mark deleted [
2121 silly reify   '/mnt/c/Users/matma/Documents/MyDigitalSchool/M1/OrigAMI/site/node_modules/@unrs/resolver-binding-android-arm-eabi'
2121 silly reify ]
2122 verbose reify failed optional dependency /mnt/c/Users/matma/Documents/MyDigitalSchool/M1/OrigAMI/site/node_modules/@img/sharp-win32-x64
2123 silly reify mark deleted [
2123 silly reify   '/mnt/c/Users/matma/Documents/MyDigitalSchool/M1/OrigAMI/site/node_modules/@img/sharp-win32-x64'
2123 silly reify ]
2124 verbose reify failed optional dependency /mnt/c/Users/matma/Documents/MyDigitalSchool/M1/OrigAMI/site/node_modules/@img/sharp-win32-ia32
2125 silly reify mark deleted [
2125 silly reify   '/mnt/c/Users/matma/Documents/MyDigitalSchool/M1/OrigAMI/site/node_modules/@img/sharp-win32-ia32'
2125 silly reify ]
2126 verbose reify failed optional dependency /mnt/c/Users/matma/Documents/MyDigitalSchool/M1/OrigAMI/site/node_modules/@img/sharp-win32-arm64
2127 silly reify mark deleted [
2127 silly reify   '/mnt/c/Users/matma/Documents/MyDigitalSchool/M1/OrigAMI/site/node_modules/@img/sharp-win32-arm64'
2127 silly reify ]
2128 verbose reify failed optional dependency /mnt/c/Users/matma/Documents/MyDigitalSchool/M1/OrigAMI/site/node_modules/@img/sharp-wasm32
2129 silly reify mark deleted [
2129 silly reify   '/mnt/c/Users/matma/Documents/MyDigitalSchool/M1/OrigAMI/site/node_modules/@img/sharp-wasm32'
2129 silly reify ]
2130 verbose reify failed optional dependency /mnt/c/Users/matma/Documents/MyDigitalSchool/M1/OrigAMI/site/node_modules/@img/sharp-linuxmusl-x64
2131 silly reify mark deleted [
2131 silly reify   '/mnt/c/Users/matma/Documents/MyDigitalSchool/M1/OrigAMI/site/node_modules/@img/sharp-linuxmusl-x64'
2131 silly reify ]
2132 verbose reify failed optional dependency /mnt/c/Users/matma/Documents/MyDigitalSchool/M1/OrigAMI/site/node_modules/@img/sharp-linuxmusl-arm64
2133 silly reify mark deleted [
2133 silly reify   '/mnt/c/Users/matma/Documents/MyDigitalSchool/M1/OrigAMI/site/node_modules/@img/sharp-linuxmusl-arm64'
2133 silly reify ]
2134 verbose reify failed optional dependency /mnt/c/Users/matma/Documents/MyDigitalSchool/M1/OrigAMI/site/node_modules/@img/sharp-linux-s390x
2135 silly reify mark deleted [
2135 silly reify   '/mnt/c/Users/matma/Documents/MyDigitalSchool/M1/OrigAMI/site/node_modules/@img/sharp-linux-s390x'
2135 silly reify ]
2136 verbose reify failed optional dependency /mnt/c/Users/matma/Documents/MyDigitalSchool/M1/OrigAMI/site/node_modules/@img/sharp-linux-riscv64
2137 silly reify mark deleted [
2137 silly reify   '/mnt/c/Users/matma/Documents/MyDigitalSchool/M1/OrigAMI/site/node_modules/@img/sharp-linux-riscv64'
2137 silly reify ]
2138 verbose reify failed optional dependency /mnt/c/Users/matma/Documents/MyDigitalSchool/M1/OrigAMI/site/node_modules/@img/sharp-linux-ppc64
2139 silly reify mark deleted [
2139 silly reify   '/mnt/c/Users/matma/Documents/MyDigitalSchool/M1/OrigAMI/site/node_modules/@img/sharp-linux-ppc64'
2139 silly reify ]
2140 verbose reify failed optional dependency /mnt/c/Users/matma/Documents/MyDigitalSchool/M1/OrigAMI/site/node_modules/@img/sharp-linux-arm64
2141 silly reify mark deleted [
2141 silly reify   '/mnt/c/Users/matma/Documents/MyDigitalSchool/M1/OrigAMI/site/node_modules/@img/sharp-linux-arm64'
2141 silly reify ]
2142 verbose reify failed optional dependency /mnt/c/Users/matma/Documents/MyDigitalSchool/M1/OrigAMI/site/node_modules/@img/sharp-linux-arm
2143 silly reify mark deleted [
2143 silly reify   '/mnt/c/Users/matma/Documents/MyDigitalSchool/M1/OrigAMI/site/node_modules/@img/sharp-linux-arm'
2143 silly reify ]
2144 verbose reify failed optional dependency /mnt/c/Users/matma/Documents/MyDigitalSchool/M1/OrigAMI/site/node_modules/@img/sharp-libvips-linuxmusl-x64
2145 silly reify mark deleted [
2145 silly reify   '/mnt/c/Users/matma/Documents/MyDigitalSchool/M1/OrigAMI/site/node_modules/@img/sharp-libvips-linuxmusl-x64'
2145 silly reify ]
2146 verbose reify failed optional dependency /mnt/c/Users/matma/Documents/MyDigitalSchool/M1/OrigAMI/site/node_modules/@img/sharp-libvips-linuxmusl-arm64
2147 silly reify mark deleted [
2147 silly reify   '/mnt/c/Users/matma/Documents/MyDigitalSchool/M1/OrigAMI/site/node_modules/@img/sharp-libvips-linuxmusl-arm64'
2147 silly reify ]
2148 verbose reify failed optional dependency /mnt/c/Users/matma/Documents/MyDigitalSchool/M1/OrigAMI/site/node_modules/@img/sharp-libvips-linux-s390x
2149 silly reify mark deleted [
2149 silly reify   '/mnt/c/Users/matma/Documents/MyDigitalSchool/M1/OrigAMI/site/node_modules/@img/sharp-libvips-linux-s390x'
2149 silly reify ]
2150 verbose reify failed optional dependency /mnt/c/Users/matma/Documents/MyDigitalSchool/M1/OrigAMI/site/node_modules/@img/sharp-libvips-linux-riscv64
2151 silly reify mark deleted [
2151 silly reify   '/mnt/c/Users/matma/Documents/MyDigitalSchool/M1/OrigAMI/site/node_modules/@img/sharp-libvips-linux-riscv64'
2151 silly reify ]
2152 verbose reify failed optional dependency /mnt/c/Users/matma/Documents/MyDigitalSchool/M1/OrigAMI/site/node_modules/@img/sharp-libvips-linux-ppc64
2153 silly reify mark deleted [
2153 silly reify   '/mnt/c/Users/matma/Documents/MyDigitalSchool/M1/OrigAMI/site/node_modules/@img/sharp-libvips-linux-ppc64'
2153 silly reify ]
2154 verbose reify failed optional dependency /mnt/c/Users/matma/Documents/MyDigitalSchool/M1/OrigAMI/site/node_modules/@img/sharp-libvips-linux-arm64
2155 silly reify mark deleted [
2155 silly reify   '/mnt/c/Users/matma/Documents/MyDigitalSchool/M1/OrigAMI/site/node_modules/@img/sharp-libvips-linux-arm64'
2155 silly reify ]
2156 verbose reify failed optional dependency /mnt/c/Users/matma/Documents/MyDigitalSchool/M1/OrigAMI/site/node_modules/@img/sharp-libvips-linux-arm
2157 silly reify mark deleted [
2157 silly reify   '/mnt/c/Users/matma/Documents/MyDigitalSchool/M1/OrigAMI/site/node_modules/@img/sharp-libvips-linux-arm'
2157 silly reify ]
2158 verbose reify failed optional dependency /mnt/c/Users/matma/Documents/MyDigitalSchool/M1/OrigAMI/site/node_modules/@img/sharp-libvips-darwin-x64
2159 silly reify mark deleted [
2159 silly reify   '/mnt/c/Users/matma/Documents/MyDigitalSchool/M1/OrigAMI/site/node_modules/@img/sharp-libvips-darwin-x64'
2159 silly reify ]
2160 verbose reify failed optional dependency /mnt/c/Users/matma/Documents/MyDigitalSchool/M1/OrigAMI/site/node_modules/@img/sharp-libvips-darwin-arm64
2161 silly reify mark deleted [
2161 silly reify   '/mnt/c/Users/matma/Documents/MyDigitalSchool/M1/OrigAMI/site/node_modules/@img/sharp-libvips-darwin-arm64'
2161 silly reify ]
2162 verbose reify failed optional dependency /mnt/c/Users/matma/Documents/MyDigitalSchool/M1/OrigAMI/site/node_modules/@img/sharp-darwin-x64
2163 silly reify mark deleted [
2163 silly reify   '/mnt/c/Users/matma/Documents/MyDigitalSchool/M1/OrigAMI/site/node_modules/@img/sharp-darwin-x64'
2163 silly reify ]
2164 verbose reify failed optional dependency /mnt/c/Users/matma/Documents/MyDigitalSchool/M1/OrigAMI/site/node_modules/@img/sharp-darwin-arm64
2165 silly reify mark deleted [
2165 silly reify   '/mnt/c/Users/matma/Documents/MyDigitalSchool/M1/OrigAMI/site/node_modules/@img/sharp-darwin-arm64'
2165 silly reify ]
2166 verbose reify failed optional dependency /mnt/c/Users/matma/Documents/MyDigitalSchool/M1/OrigAMI/site/node_modules/@next/swc-win32-x64-msvc
2167 silly reify mark deleted [
2167 silly reify   '/mnt/c/Users/matma/Documents/MyDigitalSchool/M1/OrigAMI/site/node_modules/@next/swc-win32-x64-msvc'
2167 silly reify ]
2168 verbose reify failed optional dependency /mnt/c/Users/matma/Documents/MyDigitalSchool/M1/OrigAMI/site/node_modules/@next/swc-win32-arm64-msvc
2169 silly reify mark deleted [
2169 silly reify   '/mnt/c/Users/matma/Documents/MyDigitalSchool/M1/OrigAMI/site/node_modules/@next/swc-win32-arm64-msvc'
2169 silly reify ]
2170 verbose reify failed optional dependency /mnt/c/Users/matma/Documents/MyDigitalSchool/M1/OrigAMI/site/node_modules/@next/swc-linux-x64-musl
2171 silly reify mark deleted [
2171 silly reify   '/mnt/c/Users/matma/Documents/MyDigitalSchool/M1/OrigAMI/site/node_modules/@next/swc-linux-x64-musl'
2171 silly reify ]
2172 verbose reify failed optional dependency /mnt/c/Users/matma/Documents/MyDigitalSchool/M1/OrigAMI/site/node_modules/@next/swc-linux-arm64-musl
2173 silly reify mark deleted [
2173 silly reify   '/mnt/c/Users/matma/Documents/MyDigitalSchool/M1/OrigAMI/site/node_modules/@next/swc-linux-arm64-musl'
2173 silly reify ]
2174 verbose reify failed optional dependency /mnt/c/Users/matma/Documents/MyDigitalSchool/M1/OrigAMI/site/node_modules/@next/swc-linux-arm64-gnu
2175 silly reify mark deleted [
2175 silly reify   '/mnt/c/Users/matma/Documents/MyDigitalSchool/M1/OrigAMI/site/node_modules/@next/swc-linux-arm64-gnu'
2175 silly reify ]
2176 verbose reify failed optional dependency /mnt/c/Users/matma/Documents/MyDigitalSchool/M1/OrigAMI/site/node_modules/@next/swc-darwin-x64
2177 silly reify mark deleted [
2177 silly reify   '/mnt/c/Users/matma/Documents/MyDigitalSchool/M1/OrigAMI/site/node_modules/@next/swc-darwin-x64'
2177 silly reify ]
2178 verbose reify failed optional dependency /mnt/c/Users/matma/Documents/MyDigitalSchool/M1/OrigAMI/site/node_modules/@next/swc-darwin-arm64
2179 silly reify mark deleted [
2179 silly reify   '/mnt/c/Users/matma/Documents/MyDigitalSchool/M1/OrigAMI/site/node_modules/@next/swc-darwin-arm64'
2179 silly reify ]
2180 http fetch POST 200 https://registry.npmjs.org/-/npm/v1/security/advisories/bulk 3226ms
2181 silly audit report {}
2182 silly tarball no local data for is-weakset@https://registry.npmjs.org/is-weakset/-/is-weakset-2.0.4.tgz. Extracting by manifest.
2183 silly tarball no local data for async-function@https://registry.npmjs.org/async-function/-/async-function-1.0.0.tgz. Extracting by manifest.
2184 silly tarball no local data for generator-function@https://registry.npmjs.org/generator-function/-/generator-function-2.0.1.tgz. Extracting by manifest.
2185 silly tarball no local data for is-weakmap@https://registry.npmjs.org/is-weakmap/-/is-weakmap-2.0.2.tgz. Extracting by manifest.
2186 silly tarball no local data for is-map@https://registry.npmjs.org/is-map/-/is-map-2.0.3.tgz. Extracting by manifest.
2187 silly tarball no local data for which-collection@https://registry.npmjs.org/which-collection/-/which-collection-1.0.2.tgz. Extracting by manifest.
2188 silly tarball no local data for is-boolean-object@https://registry.npmjs.org/is-boolean-object/-/is-boolean-object-1.2.2.tgz. Extracting by manifest.
2189 silly tarball no local data for is-generator-function@https://registry.npmjs.org/is-generator-function/-/is-generator-function-1.1.2.tgz. Extracting by manifest.
2190 silly tarball no local data for is-finalizationregistry@https://registry.npmjs.org/is-finalizationregistry/-/is-finalizationregistry-1.1.1.tgz. Extracting by manifest.
2191 silly tarball no local data for is-bigint@https://registry.npmjs.org/is-bigint/-/is-bigint-1.1.0.tgz. Extracting by manifest.
2192 silly tarball no local data for is-async-function@https://registry.npmjs.org/is-async-function/-/is-async-function-2.1.1.tgz. Extracting by manifest.
2193 silly tarball no local data for escalade@https://registry.npmjs.org/escalade/-/escalade-3.2.0.tgz. Extracting by manifest.
2194 silly tarball no local data for punycode@https://registry.npmjs.org/punycode/-/punycode-2.3.1.tgz. Extracting by manifest.
2195 silly tarball no local data for is-number-object@https://registry.npmjs.org/is-number-object/-/is-number-object-1.1.1.tgz. Extracting by manifest.
2196 silly tarball no local data for @emnapi/wasi-threads@https://registry.npmjs.org/@emnapi/wasi-threads/-/wasi-threads-1.1.0.tgz. Extracting by manifest.
2197 silly tarball no local data for napi-postinstall@https://registry.npmjs.org/napi-postinstall/-/napi-postinstall-0.3.4.tgz. Extracting by manifest.
2198 silly tarball no local data for isexe@https://registry.npmjs.org/isexe/-/isexe-2.0.0.tgz. Extracting by manifest.
2199 silly tarball no local data for @emnapi/core@https://registry.npmjs.org/@emnapi/core/-/core-1.8.1.tgz. Extracting by manifest.
2200 silly tarball no local data for @napi-rs/wasm-runtime@https://registry.npmjs.org/@napi-rs/wasm-runtime/-/wasm-runtime-0.2.12.tgz. Extracting by manifest.
2201 silly tarball no local data for @tybys/wasm-util@https://registry.npmjs.org/@tybys/wasm-util/-/wasm-util-0.10.1.tgz. Extracting by manifest.
2202 silly tarball no local data for ts-api-utils@https://registry.npmjs.org/ts-api-utils/-/ts-api-utils-2.4.0.tgz. Extracting by manifest.
2203 silly tarball no local data for @unrs/resolver-binding-linux-x64-gnu@https://registry.npmjs.org/@unrs/resolver-binding-linux-x64-gnu/-/resolver-binding-linux-x64-gnu-1.11.1.tgz. Extracting by manifest.
2204 silly tarball no local data for @typescript-eslint/utils@https://registry.npmjs.org/@typescript-eslint/utils/-/utils-8.53.0.tgz. Extracting by manifest.
2205 silly tarball no local data for which-boxed-primitive@https://registry.npmjs.org/which-boxed-primitive/-/which-boxed-primitive-1.1.1.tgz. Extracting by manifest.
2206 silly tarball no local data for @typescript-eslint/visitor-keys@https://registry.npmjs.org/@typescript-eslint/visitor-keys/-/visitor-keys-8.53.0.tgz. Extracting by manifest.
2207 silly tarball no local data for has-bigints@https://registry.npmjs.org/has-bigints/-/has-bigints-1.1.0.tgz. Extracting by manifest.
2208 silly tarball no local data for @typescript-eslint/typescript-estree@https://registry.npmjs.org/@typescript-eslint/typescript-estree/-/typescript-estree-8.53.0.tgz. Extracting by manifest.
2209 silly tarball no local data for @typescript-eslint/scope-manager@https://registry.npmjs.org/@typescript-eslint/scope-manager/-/scope-manager-8.53.0.tgz. Extracting by manifest.
2210 silly tarball no local data for @typescript-eslint/type-utils@https://registry.npmjs.org/@typescript-eslint/type-utils/-/type-utils-8.53.0.tgz. Extracting by manifest.
2211 silly tarball no local data for which-builtin-type@https://registry.npmjs.org/which-builtin-type/-/which-builtin-type-1.2.1.tgz. Extracting by manifest.
2212 silly tarball no local data for @typescript-eslint/project-service@https://registry.npmjs.org/@typescript-eslint/project-service/-/project-service-8.53.0.tgz. Extracting by manifest.
2213 silly tarball no local data for @typescript-eslint/tsconfig-utils@https://registry.npmjs.org/@typescript-eslint/tsconfig-utils/-/tsconfig-utils-8.53.0.tgz. Extracting by manifest.
2214 silly tarball no local data for @typescript-eslint/types@https://registry.npmjs.org/@typescript-eslint/types/-/types-8.53.0.tgz. Extracting by manifest.
2215 silly tarball no local data for for-each@https://registry.npmjs.org/for-each/-/for-each-0.3.5.tgz. Extracting by manifest.
2216 silly tarball no local data for reflect.getprototypeof@https://registry.npmjs.org/reflect.getprototypeof/-/reflect.getprototypeof-1.0.10.tgz. Extracting by manifest.
2217 silly tarball no local data for @typescript-eslint/parser@https://registry.npmjs.org/@typescript-eslint/parser/-/parser-8.53.0.tgz. Extracting by manifest.
2218 silly tarball no local data for @typescript-eslint/eslint-plugin@https://registry.npmjs.org/@typescript-eslint/eslint-plugin/-/eslint-plugin-8.53.0.tgz. Extracting by manifest.
2219 silly tarball no local data for minimist@https://registry.npmjs.org/minimist/-/minimist-1.2.8.tgz. Extracting by manifest.
2220 silly tarball no local data for strip-bom@https://registry.npmjs.org/strip-bom/-/strip-bom-3.0.0.tgz. Extracting by manifest.
2221 silly tarball no local data for has-flag@https://registry.npmjs.org/has-flag/-/has-flag-4.0.0.tgz. Extracting by manifest.
2222 silly tarball no local data for is-number@https://registry.npmjs.org/is-number/-/is-number-7.0.0.tgz. Extracting by manifest.
2223 silly tarball no local data for client-only@https://registry.npmjs.org/client-only/-/client-only-0.0.1.tgz. Extracting by manifest.
2224 silly tarball no local data for side-channel-map@https://registry.npmjs.org/side-channel-map/-/side-channel-map-1.0.1.tgz. Extracting by manifest.
2225 silly tarball no local data for side-channel-weakmap@https://registry.npmjs.org/side-channel-weakmap/-/side-channel-weakmap-1.0.2.tgz. Extracting by manifest.
2226 silly tarball no local data for shebang-regex@https://registry.npmjs.org/shebang-regex/-/shebang-regex-3.0.0.tgz. Extracting by manifest.
2227 silly tarball no local data for supports-preserve-symlinks-flag@https://registry.npmjs.org/supports-preserve-symlinks-flag/-/supports-preserve-symlinks-flag-1.0.0.tgz. Extracting by manifest.
2228 silly tarball no local data for @types/json5@https://registry.npmjs.org/@types/json5/-/json5-0.0.29.tgz. Extracting by manifest.
2229 silly tarball no local data for side-channel-list@https://registry.npmjs.org/side-channel-list/-/side-channel-list-1.0.0.tgz. Extracting by manifest.
2230 silly tarball no local data for @emnapi/runtime@https://registry.npmjs.org/@emnapi/runtime/-/runtime-1.8.1.tgz. Extracting by manifest.
2231 silly tarball no local data for isarray@https://registry.npmjs.org/isarray/-/isarray-2.0.5.tgz. Extracting by manifest.
2232 silly tarball no local data for detect-libc@https://registry.npmjs.org/detect-libc/-/detect-libc-2.1.2.tgz. Extracting by manifest.
2233 silly tarball no local data for @img/sharp-linux-x64@https://registry.npmjs.org/@img/sharp-linux-x64/-/sharp-linux-x64-0.34.5.tgz. Extracting by manifest.
2234 silly tarball no local data for queue-microtask@https://registry.npmjs.org/queue-microtask/-/queue-microtask-1.2.3.tgz. Extracting by manifest.
2235 silly tarball no local data for @img/sharp-libvips-linux-x64@https://registry.npmjs.org/@img/sharp-libvips-linux-x64/-/sharp-libvips-linux-x64-1.2.4.tgz. Extracting by manifest.
2236 silly tarball no local data for @img/colour@https://registry.npmjs.org/@img/colour/-/colour-1.0.0.tgz. Extracting by manifest.
2237 silly tarball no local data for path-parse@https://registry.npmjs.org/path-parse/-/path-parse-1.0.7.tgz. Extracting by manifest.
2238 silly tarball no local data for source-map-js@https://registry.npmjs.org/source-map-js/-/source-map-js-1.2.1.tgz. Extracting by manifest.
2239 silly tarball no local data for object-assign@https://registry.npmjs.org/object-assign/-/object-assign-4.1.1.tgz. Extracting by manifest.
2240 silly tarball no local data for react-is@https://registry.npmjs.org/react-is/-/react-is-16.13.1.tgz. Extracting by manifest.
2241 silly tarball no local data for nanoid@https://registry.npmjs.org/nanoid/-/nanoid-3.3.11.tgz. Extracting by manifest.
2242 silly tarball no local data for word-wrap@https://registry.npmjs.org/word-wrap/-/word-wrap-1.2.5.tgz. Extracting by manifest.
2243 silly tarball no local data for callsites@https://registry.npmjs.org/callsites/-/callsites-3.1.0.tgz. Extracting by manifest.
2244 silly tarball no local data for p-limit@https://registry.npmjs.org/p-limit/-/p-limit-3.1.0.tgz. Extracting by manifest.
2245 silly tarball no local data for fast-levenshtein@https://registry.npmjs.org/fast-levenshtein/-/fast-levenshtein-2.0.6.tgz. Extracting by manifest.
2246 silly tarball no local data for deep-is@https://registry.npmjs.org/deep-is/-/deep-is-0.1.4.tgz. Extracting by manifest.
2247 silly tarball no local data for loose-envify@https://registry.npmjs.org/loose-envify/-/loose-envify-1.4.0.tgz. Extracting by manifest.
2248 silly tarball no local data for scheduler@https://registry.npmjs.org/scheduler/-/scheduler-0.27.0.tgz. Extracting by manifest.
2249 silly tarball no local data for sharp@https://registry.npmjs.org/sharp/-/sharp-0.34.5.tgz. Extracting by manifest.
2250 silly tarball no local data for yocto-queue@https://registry.npmjs.org/yocto-queue/-/yocto-queue-0.1.0.tgz. Extracting by manifest.
2251 silly tarball no local data for postcss@https://registry.npmjs.org/postcss/-/postcss-8.4.31.tgz. Extracting by manifest.
2252 silly tarball no local data for styled-jsx@https://registry.npmjs.org/styled-jsx/-/styled-jsx-5.1.6.tgz. Extracting by manifest.
2253 silly tarball no local data for balanced-match@https://registry.npmjs.org/balanced-match/-/balanced-match-1.0.2.tgz. Extracting by manifest.
2254 silly tarball no local data for tslib@https://registry.npmjs.org/tslib/-/tslib-2.8.1.tgz. Extracting by manifest.
2255 silly tarball no local data for concat-map@https://registry.npmjs.org/concat-map/-/concat-map-0.0.1.tgz. Extracting by manifest.
2256 silly tarball no local data for @swc/helpers@https://registry.npmjs.org/@swc/helpers/-/helpers-0.5.15.tgz. Extracting by manifest.
2257 silly tarball no local data for fill-range@https://registry.npmjs.org/fill-range/-/fill-range-7.1.1.tgz. Extracting by manifest.
2258 silly tarball no local data for braces@https://registry.npmjs.org/braces/-/braces-3.0.3.tgz. Extracting by manifest.
2259 silly tarball no local data for @next/swc-linux-x64-gnu@https://registry.npmjs.org/@next/swc-linux-x64-gnu/-/swc-linux-x64-gnu-16.1.2.tgz. Extracting by manifest.
2260 silly tarball no local data for to-regex-range@https://registry.npmjs.org/to-regex-range/-/to-regex-range-5.0.1.tgz. Extracting by manifest.
2261 silly tarball no local data for @next/env@https://registry.npmjs.org/@next/env/-/env-16.1.2.tgz. Extracting by manifest.
2262 silly tarball no local data for brace-expansion@https://registry.npmjs.org/brace-expansion/-/brace-expansion-1.1.12.tgz. Extracting by manifest.
2263 silly tarball no local data for type-check@https://registry.npmjs.org/type-check/-/type-check-0.4.0.tgz. Extracting by manifest.
2264 silly tarball no local data for picomatch@https://registry.npmjs.org/picomatch/-/picomatch-2.3.1.tgz. Extracting by manifest.
2265 silly tarball no local data for argparse@https://registry.npmjs.org/argparse/-/argparse-2.0.1.tgz. Extracting by manifest.
2266 silly tarball no local data for p-locate@https://registry.npmjs.org/p-locate/-/p-locate-5.0.0.tgz. Extracting by manifest.
2267 silly tarball no local data for yallist@https://registry.npmjs.org/yallist/-/yallist-3.1.1.tgz. Extracting by manifest.
2268 silly tarball no local data for resolve-from@https://registry.npmjs.org/resolve-from/-/resolve-from-4.0.0.tgz. Extracting by manifest.
2269 silly tarball no local data for set-function-name@https://registry.npmjs.org/set-function-name/-/set-function-name-2.0.2.tgz. Extracting by manifest.
2270 silly tarball no local data for language-subtag-registry@https://registry.npmjs.org/language-subtag-registry/-/language-subtag-registry-0.3.23.tgz. Extracting by manifest.
2271 silly tarball no local data for parent-module@https://registry.npmjs.org/parent-module/-/parent-module-1.0.1.tgz. Extracting by manifest.
2272 silly tarball no local data for side-channel@https://registry.npmjs.org/side-channel/-/side-channel-1.1.0.tgz. Extracting by manifest.
2273 silly tarball no local data for resolve-pkg-maps@https://registry.npmjs.org/resolve-pkg-maps/-/resolve-pkg-maps-1.0.0.tgz. Extracting by manifest.
2274 silly tarball no local data for hermes-estree@https://registry.npmjs.org/hermes-estree/-/hermes-estree-0.25.1.tgz. Extracting by manifest.
2275 silly tarball no local data for prelude-ls@https://registry.npmjs.org/prelude-ls/-/prelude-ls-1.2.1.tgz. Extracting by manifest.
2276 silly tarball no local data for dunder-proto@https://registry.npmjs.org/dunder-proto/-/dunder-proto-1.0.1.tgz. Extracting by manifest.
2277 silly tarball no local data for flatted@https://registry.npmjs.org/flatted/-/flatted-3.3.3.tgz. Extracting by manifest.
2278 silly tarball no local data for json-buffer@https://registry.npmjs.org/json-buffer/-/json-buffer-3.0.1.tgz. Extracting by manifest.
2279 silly tarball no local data for keyv@https://registry.npmjs.org/keyv/-/keyv-4.5.4.tgz. Extracting by manifest.
2280 silly tarball no local data for is-extglob@https://registry.npmjs.org/is-extglob/-/is-extglob-2.1.1.tgz. Extracting by manifest.
2281 silly tarball no local data for path-exists@https://registry.npmjs.org/path-exists/-/path-exists-4.0.0.tgz. Extracting by manifest.
2282 silly tarball no local data for reusify@https://registry.npmjs.org/reusify/-/reusify-1.1.0.tgz. Extracting by manifest.
2283 silly tarball no local data for functions-have-names@https://registry.npmjs.org/functions-have-names/-/functions-have-names-1.2.3.tgz. Extracting by manifest.
2284 silly tarball no local data for locate-path@https://registry.npmjs.org/locate-path/-/locate-path-6.0.0.tgz. Extracting by manifest.
2285 silly tarball no local data for flat-cache@https://registry.npmjs.org/flat-cache/-/flat-cache-4.0.1.tgz. Extracting by manifest.
2286 silly tarball no local data for fastq@https://registry.npmjs.org/fastq/-/fastq-1.20.1.tgz. Extracting by manifest.
2287 silly tarball no local data for run-parallel@https://registry.npmjs.org/run-parallel/-/run-parallel-1.2.0.tgz. Extracting by manifest.
2288 silly tarball no local data for acorn-jsx@https://registry.npmjs.org/acorn-jsx/-/acorn-jsx-5.3.2.tgz. Extracting by manifest.
2289 silly tarball no local data for micromatch@https://registry.npmjs.org/micromatch/-/micromatch-4.0.8.tgz. Extracting by manifest.
2290 silly tarball no local data for merge2@https://registry.npmjs.org/merge2/-/merge2-1.4.1.tgz. Extracting by manifest.
2291 silly tarball no local data for acorn@https://registry.npmjs.org/acorn/-/acorn-8.15.0.tgz. Extracting by manifest.
2292 silly tarball no local data for @nodelib/fs.walk@https://registry.npmjs.org/@nodelib/fs.walk/-/fs.walk-1.2.8.tgz. Extracting by manifest.
2293 silly tarball no local data for @nodelib/fs.scandir@https://registry.npmjs.org/@nodelib/fs.scandir/-/fs.scandir-2.1.5.tgz. Extracting by manifest.
2294 silly tarball no local data for node-releases@https://registry.npmjs.org/node-releases/-/node-releases-2.0.27.tgz. Extracting by manifest.
2295 silly tarball no local data for esrecurse@https://registry.npmjs.org/esrecurse/-/esrecurse-4.3.0.tgz. Extracting by manifest.
2296 silly tarball no local data for @jridgewell/resolve-uri@https://registry.npmjs.org/@jridgewell/resolve-uri/-/resolve-uri-3.1.2.tgz. Extracting by manifest.
2297 silly tarball no local data for caniuse-lite@https://registry.npmjs.org/caniuse-lite/-/caniuse-lite-1.0.30001764.tgz. Extracting by manifest.
2298 silly tarball no local data for @nodelib/fs.stat@https://registry.npmjs.org/@nodelib/fs.stat/-/fs.stat-2.0.5.tgz. Extracting by manifest.
2299 silly tarball no local data for update-browserslist-db@https://registry.npmjs.org/update-browserslist-db/-/update-browserslist-db-1.2.3.tgz. Extracting by manifest.
2300 silly tarball no local data for electron-to-chromium@https://registry.npmjs.org/electron-to-chromium/-/electron-to-chromium-1.5.267.tgz. Extracting by manifest.
2301 silly tarball no local data for baseline-browser-mapping@https://registry.npmjs.org/baseline-browser-mapping/-/baseline-browser-mapping-2.9.14.tgz. Extracting by manifest.
2302 silly tarball no local data for @babel/helper-string-parser@https://registry.npmjs.org/@babel/helper-string-parser/-/helper-string-parser-7.27.1.tgz. Extracting by manifest.
2303 silly tarball no local data for @babel/helper-module-imports@https://registry.npmjs.org/@babel/helper-module-imports/-/helper-module-imports-7.28.6.tgz. Extracting by manifest.
2304 silly tarball no local data for @jridgewell/sourcemap-codec@https://registry.npmjs.org/@jridgewell/sourcemap-codec/-/sourcemap-codec-1.5.5.tgz. Extracting by manifest.
2305 silly tarball no local data for @babel/helper-globals@https://registry.npmjs.org/@babel/helper-globals/-/helper-globals-7.28.0.tgz. Extracting by manifest.
2306 silly tarball no local data for lru-cache@https://registry.npmjs.org/lru-cache/-/lru-cache-5.1.1.tgz. Extracting by manifest.
2307 silly tarball no local data for browserslist@https://registry.npmjs.org/browserslist/-/browserslist-4.28.1.tgz. Extracting by manifest.
2308 silly tarball no local data for @babel/helper-validator-option@https://registry.npmjs.org/@babel/helper-validator-option/-/helper-validator-option-7.27.1.tgz. Extracting by manifest.
2309 silly tarball no local data for jsesc@https://registry.npmjs.org/jsesc/-/jsesc-3.1.0.tgz. Extracting by manifest.
2310 silly tarball no local data for @babel/compat-data@https://registry.npmjs.org/@babel/compat-data/-/compat-data-7.28.6.tgz. Extracting by manifest.
2311 silly tarball no local data for picocolors@https://registry.npmjs.org/picocolors/-/picocolors-1.1.1.tgz. Extracting by manifest.
2312 silly tarball no local data for @jridgewell/trace-mapping@https://registry.npmjs.org/@jridgewell/trace-mapping/-/trace-mapping-0.3.31.tgz. Extracting by manifest.
2313 silly tarball no local data for js-tokens@https://registry.npmjs.org/js-tokens/-/js-tokens-4.0.0.tgz. Extracting by manifest.
2314 silly tarball no local data for json5@https://registry.npmjs.org/json5/-/json5-2.2.3.tgz. Extracting by manifest.
2315 silly tarball no local data for @jridgewell/gen-mapping@https://registry.npmjs.org/@jridgewell/gen-mapping/-/gen-mapping-0.3.13.tgz. Extracting by manifest.
2316 silly tarball no local data for @babel/helper-module-transforms@https://registry.npmjs.org/@babel/helper-module-transforms/-/helper-module-transforms-7.28.6.tgz. Extracting by manifest.
2317 silly tarball no local data for gensync@https://registry.npmjs.org/gensync/-/gensync-1.0.0-beta.2.tgz. Extracting by manifest.
2318 silly tarball no local data for convert-source-map@https://registry.npmjs.org/convert-source-map/-/convert-source-map-2.0.0.tgz. Extracting by manifest.
2319 silly tarball no local data for @babel/types@https://registry.npmjs.org/@babel/types/-/types-7.28.6.tgz. Extracting by manifest.
2320 silly tarball no local data for @babel/helpers@https://registry.npmjs.org/@babel/helpers/-/helpers-7.28.6.tgz. Extracting by manifest.
2321 silly tarball no local data for @babel/traverse@https://registry.npmjs.org/@babel/traverse/-/traverse-7.28.6.tgz. Extracting by manifest.
2322 silly tarball no local data for @babel/helper-validator-identifier@https://registry.npmjs.org/@babel/helper-validator-identifier/-/helper-validator-identifier-7.28.5.tgz. Extracting by manifest.
2323 silly tarball no local data for zod-validation-error@https://registry.npmjs.org/zod-validation-error/-/zod-validation-error-4.0.2.tgz. Extracting by manifest.
2324 silly tarball no local data for @babel/helper-compilation-targets@https://registry.npmjs.org/@babel/helper-compilation-targets/-/helper-compilation-targets-7.28.6.tgz. Extracting by manifest.
2325 silly tarball no local data for @jridgewell/remapping@https://registry.npmjs.org/@jridgewell/remapping/-/remapping-2.3.5.tgz. Extracting by manifest.
2326 silly tarball no local data for @babel/template@https://registry.npmjs.org/@babel/template/-/template-7.28.6.tgz. Extracting by manifest.
2327 silly tarball no local data for @babel/generator@https://registry.npmjs.org/@babel/generator/-/generator-7.28.6.tgz. Extracting by manifest.
2328 silly tarball no local data for iterator.prototype@https://registry.npmjs.org/iterator.prototype/-/iterator.prototype-1.1.5.tgz. Extracting by manifest.
2329 silly tarball no local data for zod@https://registry.npmjs.org/zod/-/zod-4.3.5.tgz. Extracting by manifest.
2330 silly tarball no local data for prop-types@https://registry.npmjs.org/prop-types/-/prop-types-15.8.1.tgz. Extracting by manifest.
2331 silly tarball no local data for @babel/code-frame@https://registry.npmjs.org/@babel/code-frame/-/code-frame-7.28.6.tgz. Extracting by manifest.
2332 silly tarball no local data for @babel/core@https://registry.npmjs.org/@babel/core/-/core-7.28.6.tgz. Extracting by manifest.
2333 silly tarball no local data for hermes-parser@https://registry.npmjs.org/hermes-parser/-/hermes-parser-0.25.1.tgz. Extracting by manifest.
2334 silly tarball no local data for @babel/parser@https://registry.npmjs.org/@babel/parser/-/parser-7.28.6.tgz. Extracting by manifest.
2335 silly tarball no local data for string.prototype.matchall@https://registry.npmjs.org/string.prototype.matchall/-/string.prototype.matchall-4.0.12.tgz. Extracting by manifest.
2336 silly tarball no local data for object.entries@https://registry.npmjs.org/object.entries/-/object.entries-1.1.9.tgz. Extracting by manifest.
2337 silly tarball no local data for array.prototype.findlast@https://registry.npmjs.org/array.prototype.findlast/-/array.prototype.findlast-1.2.5.tgz. Extracting by manifest.
2338 silly tarball no local data for estraverse@https://registry.npmjs.org/estraverse/-/estraverse-5.3.0.tgz. Extracting by manifest.
2339 silly tarball no local data for array.prototype.tosorted@https://registry.npmjs.org/array.prototype.tosorted/-/array.prototype.tosorted-1.1.4.tgz. Extracting by manifest.
2340 silly tarball no local data for string.prototype.repeat@https://registry.npmjs.org/string.prototype.repeat/-/string.prototype.repeat-1.0.0.tgz. Extracting by manifest.
2341 silly tarball no local data for axobject-query@https://registry.npmjs.org/axobject-query/-/axobject-query-4.1.0.tgz. Extracting by manifest.
2342 silly tarball no local data for es-iterator-helpers@https://registry.npmjs.org/es-iterator-helpers/-/es-iterator-helpers-1.2.2.tgz. Extracting by manifest.
2343 silly tarball no local data for language-tags@https://registry.npmjs.org/language-tags/-/language-tags-1.0.9.tgz. Extracting by manifest.
2344 silly tarball no local data for string.prototype.includes@https://registry.npmjs.org/string.prototype.includes/-/string.prototype.includes-2.0.1.tgz. Extracting by manifest.
2345 silly tarball no local data for jsx-ast-utils@https://registry.npmjs.org/jsx-ast-utils/-/jsx-ast-utils-3.3.5.tgz. Extracting by manifest.
2346 silly tarball no local data for emoji-regex@https://registry.npmjs.org/emoji-regex/-/emoji-regex-9.2.2.tgz. Extracting by manifest.
2347 silly tarball no local data for aria-query@https://registry.npmjs.org/aria-query/-/aria-query-5.3.2.tgz. Extracting by manifest.
2348 silly tarball no local data for axe-core@https://registry.npmjs.org/axe-core/-/axe-core-4.11.1.tgz. Extracting by manifest.
2349 silly tarball no local data for damerau-levenshtein@https://registry.npmjs.org/damerau-levenshtein/-/damerau-levenshtein-1.0.8.tgz. Extracting by manifest.
2350 silly tarball no local data for which-typed-array@https://registry.npmjs.org/which-typed-array/-/which-typed-array-1.1.20.tgz. Extracting by manifest.
2351 silly tarball no local data for ast-types-flow@https://registry.npmjs.org/ast-types-flow/-/ast-types-flow-0.0.8.tgz. Extracting by manifest.
2352 silly tarball no local data for is-symbol@https://registry.npmjs.org/is-symbol/-/is-symbol-1.1.1.tgz. Extracting by manifest.
2353 silly tarball no local data for is-date-object@https://registry.npmjs.org/is-date-object/-/is-date-object-1.1.0.tgz. Extracting by manifest.
2354 silly tarball no local data for possible-typed-array-names@https://registry.npmjs.org/possible-typed-array-names/-/possible-typed-array-names-1.1.0.tgz. Extracting by manifest.
2355 silly tarball no local data for has-tostringtag@https://registry.npmjs.org/has-tostringtag/-/has-tostringtag-1.0.2.tgz. Extracting by manifest.
2356 silly tarball no local data for unbox-primitive@https://registry.npmjs.org/unbox-primitive/-/unbox-primitive-1.1.0.tgz. Extracting by manifest.
2357 silly tarball no local data for typed-array-byte-length@https://registry.npmjs.org/typed-array-byte-length/-/typed-array-byte-length-1.0.3.tgz. Extracting by manifest.
2358 silly tarball no local data for typed-array-byte-offset@https://registry.npmjs.org/typed-array-byte-offset/-/typed-array-byte-offset-1.0.4.tgz. Extracting by manifest.
2359 silly tarball no local data for typed-array-length@https://registry.npmjs.org/typed-array-length/-/typed-array-length-1.0.7.tgz. Extracting by manifest.
2360 silly tarball no local data for stop-iteration-iterator@https://registry.npmjs.org/stop-iteration-iterator/-/stop-iteration-iterator-1.1.0.tgz. Extracting by manifest.
2361 silly tarball no local data for typed-array-buffer@https://registry.npmjs.org/typed-array-buffer/-/typed-array-buffer-1.0.3.tgz. Extracting by manifest.
2362 silly tarball no local data for safe-regex-test@https://registry.npmjs.org/safe-regex-test/-/safe-regex-test-1.1.0.tgz. Extracting by manifest.
2363 silly tarball no local data for string.prototype.trim@https://registry.npmjs.org/string.prototype.trim/-/string.prototype.trim-1.2.10.tgz. Extracting by manifest.
2364 silly tarball no local data for string.prototype.trimstart@https://registry.npmjs.org/string.prototype.trimstart/-/string.prototype.trimstart-1.0.8.tgz. Extracting by manifest.
2365 silly tarball no local data for set-proto@https://registry.npmjs.org/set-proto/-/set-proto-1.0.0.tgz. Extracting by manifest.
2366 silly tarball no local data for safe-push-apply@https://registry.npmjs.org/safe-push-apply/-/safe-push-apply-1.0.0.tgz. Extracting by manifest.
2367 silly tarball no local data for safe-array-concat@https://registry.npmjs.org/safe-array-concat/-/safe-array-concat-1.1.3.tgz. Extracting by manifest.
2368 silly tarball no local data for own-keys@https://registry.npmjs.org/own-keys/-/own-keys-1.0.1.tgz. Extracting by manifest.
2369 silly tarball no local data for is-weakref@https://registry.npmjs.org/is-weakref/-/is-weakref-1.1.1.tgz. Extracting by manifest.
2370 silly tarball no local data for is-typed-array@https://registry.npmjs.org/is-typed-array/-/is-typed-array-1.1.15.tgz. Extracting by manifest.
2371 silly tarball no local data for regexp.prototype.flags@https://registry.npmjs.org/regexp.prototype.flags/-/regexp.prototype.flags-1.5.4.tgz. Extracting by manifest.
2372 silly tarball no local data for object-inspect@https://registry.npmjs.org/object-inspect/-/object-inspect-1.13.4.tgz. Extracting by manifest.
2373 silly tarball no local data for object.assign@https://registry.npmjs.org/object.assign/-/object.assign-4.1.7.tgz. Extracting by manifest.
2374 silly tarball no local data for is-negative-zero@https://registry.npmjs.org/is-negative-zero/-/is-negative-zero-2.0.3.tgz. Extracting by manifest.
2375 silly tarball no local data for is-set@https://registry.npmjs.org/is-set/-/is-set-2.0.3.tgz. Extracting by manifest.
2376 silly tarball no local data for is-array-buffer@https://registry.npmjs.org/is-array-buffer/-/is-array-buffer-3.0.5.tgz. Extracting by manifest.
2377 silly tarball no local data for is-regex@https://registry.npmjs.org/is-regex/-/is-regex-1.2.1.tgz. Extracting by manifest.
2378 silly tarball no local data for is-shared-array-buffer@https://registry.npmjs.org/is-shared-array-buffer/-/is-shared-array-buffer-1.0.4.tgz. Extracting by manifest.
2379 silly tarball no local data for is-data-view@https://registry.npmjs.org/is-data-view/-/is-data-view-1.0.2.tgz. Extracting by manifest.
2380 silly tarball no local data for has-symbols@https://registry.npmjs.org/has-symbols/-/has-symbols-1.1.0.tgz. Extracting by manifest.
2381 silly tarball no local data for internal-slot@https://registry.npmjs.org/internal-slot/-/internal-slot-1.1.0.tgz. Extracting by manifest.
2382 silly tarball no local data for is-callable@https://registry.npmjs.org/is-callable/-/is-callable-1.2.7.tgz. Extracting by manifest.
2383 silly tarball no local data for has-proto@https://registry.npmjs.org/has-proto/-/has-proto-1.2.0.tgz. Extracting by manifest.
2384 silly tarball no local data for get-symbol-description@https://registry.npmjs.org/get-symbol-description/-/get-symbol-description-1.1.0.tgz. Extracting by manifest.
2385 silly tarball no local data for get-proto@https://registry.npmjs.org/get-proto/-/get-proto-1.0.1.tgz. Extracting by manifest.
2386 silly tarball no local data for data-view-byte-length@https://registry.npmjs.org/data-view-byte-length/-/data-view-byte-length-1.0.2.tgz. Extracting by manifest.
2387 silly tarball no local data for globalthis@https://registry.npmjs.org/globalthis/-/globalthis-1.0.4.tgz. Extracting by manifest.
2388 silly tarball no local data for function.prototype.name@https://registry.npmjs.org/function.prototype.name/-/function.prototype.name-1.1.8.tgz. Extracting by manifest.
2389 silly tarball no local data for es-set-tostringtag@https://registry.npmjs.org/es-set-tostringtag/-/es-set-tostringtag-2.1.0.tgz. Extracting by manifest.
2390 silly tarball no local data for es-to-primitive@https://registry.npmjs.org/es-to-primitive/-/es-to-primitive-1.3.0.tgz. Extracting by manifest.
2391 silly tarball no local data for data-view-buffer@https://registry.npmjs.org/data-view-buffer/-/data-view-buffer-1.0.2.tgz. Extracting by manifest.
2392 silly tarball no local data for data-view-byte-offset@https://registry.npmjs.org/data-view-byte-offset/-/data-view-byte-offset-1.0.1.tgz. Extracting by manifest.
2393 silly tarball no local data for arraybuffer.prototype.slice@https://registry.npmjs.org/arraybuffer.prototype.slice/-/arraybuffer.prototype.slice-1.0.4.tgz. Extracting by manifest.
2394 silly tarball no local data for has-property-descriptors@https://registry.npmjs.org/has-property-descriptors/-/has-property-descriptors-1.0.2.tgz. Extracting by manifest.
2395 silly tarball no local data for array-buffer-byte-length@https://registry.npmjs.org/array-buffer-byte-length/-/array-buffer-byte-length-1.0.2.tgz. Extracting by manifest.
2396 silly tarball no local data for object-keys@https://registry.npmjs.org/object-keys/-/object-keys-1.1.1.tgz. Extracting by manifest.
2397 silly tarball no local data for gopd@https://registry.npmjs.org/gopd/-/gopd-1.2.0.tgz. Extracting by manifest.
2398 silly tarball no local data for available-typed-arrays@https://registry.npmjs.org/available-typed-arrays/-/available-typed-arrays-1.0.7.tgz. Extracting by manifest.
2399 silly tarball no local data for function-bind@https://registry.npmjs.org/function-bind/-/function-bind-1.1.2.tgz. Extracting by manifest.
2400 silly tarball no local data for set-function-length@https://registry.npmjs.org/set-function-length/-/set-function-length-1.2.2.tgz. Extracting by manifest.
2401 silly tarball no local data for define-data-property@https://registry.npmjs.org/define-data-property/-/define-data-property-1.1.4.tgz. Extracting by manifest.
2402 silly tarball no local data for call-bind-apply-helpers@https://registry.npmjs.org/call-bind-apply-helpers/-/call-bind-apply-helpers-1.0.2.tgz. Extracting by manifest.
2403 silly tarball no local data for es-define-property@https://registry.npmjs.org/es-define-property/-/es-define-property-1.0.1.tgz. Extracting by manifest.
2404 silly tarball no local data for get-intrinsic@https://registry.npmjs.org/get-intrinsic/-/get-intrinsic-1.3.0.tgz. Extracting by manifest.
2405 silly tarball no local data for es-errors@https://registry.npmjs.org/es-errors/-/es-errors-1.3.0.tgz. Extracting by manifest.
2406 silly tarball no local data for es-shim-unscopables@https://registry.npmjs.org/es-shim-unscopables/-/es-shim-unscopables-1.1.0.tgz. Extracting by manifest.
2407 silly tarball no local data for is-string@https://registry.npmjs.org/is-string/-/is-string-1.1.1.tgz. Extracting by manifest.
2408 silly tarball no local data for es-object-atoms@https://registry.npmjs.org/es-object-atoms/-/es-object-atoms-1.1.1.tgz. Extracting by manifest.
2409 silly tarball no local data for define-properties@https://registry.npmjs.org/define-properties/-/define-properties-1.2.1.tgz. Extracting by manifest.
2410 silly tarball no local data for math-intrinsics@https://registry.npmjs.org/math-intrinsics/-/math-intrinsics-1.1.0.tgz. Extracting by manifest.
2411 silly tarball no local data for tsconfig-paths@https://registry.npmjs.org/tsconfig-paths/-/tsconfig-paths-3.15.0.tgz. Extracting by manifest.
2412 silly tarball no local data for es-abstract@https://registry.npmjs.org/es-abstract/-/es-abstract-1.24.1.tgz. Extracting by manifest.
2413 silly tarball no local data for call-bound@https://registry.npmjs.org/call-bound/-/call-bound-1.0.4.tgz. Extracting by manifest.
2414 silly tarball no local data for object.groupby@https://registry.npmjs.org/object.groupby/-/object.groupby-1.0.3.tgz. Extracting by manifest.
2415 silly tarball no local data for call-bind@https://registry.npmjs.org/call-bind/-/call-bind-1.0.8.tgz. Extracting by manifest.
2416 silly tarball no local data for semver@https://registry.npmjs.org/semver/-/semver-6.3.1.tgz. Extracting by manifest.
2417 silly tarball no local data for object.values@https://registry.npmjs.org/object.values/-/object.values-1.2.1.tgz. Extracting by manifest.
2418 silly tarball no local data for object.fromentries@https://registry.npmjs.org/object.fromentries/-/object.fromentries-2.0.8.tgz. Extracting by manifest.
2419 silly tarball no local data for string.prototype.trimend@https://registry.npmjs.org/string.prototype.trimend/-/string.prototype.trimend-1.0.9.tgz. Extracting by manifest.
2420 silly tarball no local data for array-includes@https://registry.npmjs.org/array-includes/-/array-includes-3.1.9.tgz. Extracting by manifest.
2421 silly tarball no local data for eslint-module-utils@https://registry.npmjs.org/eslint-module-utils/-/eslint-module-utils-2.12.1.tgz. Extracting by manifest.
2422 silly tarball no local data for hasown@https://registry.npmjs.org/hasown/-/hasown-2.0.2.tgz. Extracting by manifest.
2423 silly tarball no local data for array.prototype.flatmap@https://registry.npmjs.org/array.prototype.flatmap/-/array.prototype.flatmap-1.3.3.tgz. Extracting by manifest.
2424 silly tarball no local data for array.prototype.flat@https://registry.npmjs.org/array.prototype.flat/-/array.prototype.flat-1.3.3.tgz. Extracting by manifest.
2425 silly tarball no local data for doctrine@https://registry.npmjs.org/doctrine/-/doctrine-2.1.0.tgz. Extracting by manifest.
2426 silly tarball no local data for unrs-resolver@https://registry.npmjs.org/unrs-resolver/-/unrs-resolver-1.11.1.tgz. Extracting by manifest.
2427 silly tarball no local data for tinyglobby@https://registry.npmjs.org/tinyglobby/-/tinyglobby-0.2.15.tgz. Extracting by manifest.
2428 silly tarball no local data for array.prototype.findlastindex@https://registry.npmjs.org/array.prototype.findlastindex/-/array.prototype.findlastindex-1.2.6.tgz. Extracting by manifest.
2429 silly tarball no local data for stable-hash@https://registry.npmjs.org/stable-hash/-/stable-hash-0.0.5.tgz. Extracting by manifest.
2430 silly tarball no local data for @rtsao/scc@https://registry.npmjs.org/@rtsao/scc/-/scc-1.1.0.tgz. Extracting by manifest.
2431 silly tarball no local data for is-bun-module@https://registry.npmjs.org/is-bun-module/-/is-bun-module-2.0.0.tgz. Extracting by manifest.
2432 silly tarball no local data for typescript-eslint@https://registry.npmjs.org/typescript-eslint/-/typescript-eslint-8.53.0.tgz. Extracting by manifest.
2433 silly tarball no local data for get-tsconfig@https://registry.npmjs.org/get-tsconfig/-/get-tsconfig-4.13.0.tgz. Extracting by manifest.
2434 silly tarball no local data for fast-glob@https://registry.npmjs.org/fast-glob/-/fast-glob-3.3.1.tgz. Extracting by manifest.
2435 silly tarball no local data for resolve@https://registry.npmjs.org/resolve/-/resolve-1.22.11.tgz. Extracting by manifest.
2436 silly tarball no local data for is-core-module@https://registry.npmjs.org/is-core-module/-/is-core-module-2.16.1.tgz. Extracting by manifest.
2437 silly tarball no local data for eslint-plugin-react@https://registry.npmjs.org/eslint-plugin-react/-/eslint-plugin-react-7.37.5.tgz. Extracting by manifest.
2438 silly tarball no local data for eslint-plugin-react-hooks@https://registry.npmjs.org/eslint-plugin-react-hooks/-/eslint-plugin-react-hooks-7.0.1.tgz. Extracting by manifest.
2439 silly tarball no local data for eslint-import-resolver-node@https://registry.npmjs.org/eslint-import-resolver-node/-/eslint-import-resolver-node-0.3.9.tgz. Extracting by manifest.
2440 silly tarball no local data for @nolyfill/is-core-module@https://registry.npmjs.org/@nolyfill/is-core-module/-/is-core-module-1.0.39.tgz. Extracting by manifest.
2441 silly tarball no local data for eslint-plugin-jsx-a11y@https://registry.npmjs.org/eslint-plugin-jsx-a11y/-/eslint-plugin-jsx-a11y-6.10.2.tgz. Extracting by manifest.
2442 silly tarball no local data for path-key@https://registry.npmjs.org/path-key/-/path-key-3.1.1.tgz. Extracting by manifest.
2443 silly tarball no local data for eslint-plugin-import@https://registry.npmjs.org/eslint-plugin-import/-/eslint-plugin-import-2.32.0.tgz. Extracting by manifest.
2444 silly tarball no local data for eslint-import-resolver-typescript@https://registry.npmjs.org/eslint-import-resolver-typescript/-/eslint-import-resolver-typescript-3.10.1.tgz. Extracting by manifest.
2445 silly tarball no local data for which@https://registry.npmjs.org/which/-/which-2.0.2.tgz. Extracting by manifest.
2446 silly tarball no local data for shebang-command@https://registry.npmjs.org/shebang-command/-/shebang-command-2.0.0.tgz. Extracting by manifest.
2447 silly tarball no local data for color-name@https://registry.npmjs.org/color-name/-/color-name-1.1.4.tgz. Extracting by manifest.
2448 silly tarball no local data for color-convert@https://registry.npmjs.org/color-convert/-/color-convert-2.0.1.tgz. Extracting by manifest.
2449 silly tarball no local data for ms@https://registry.npmjs.org/ms/-/ms-2.1.3.tgz. Extracting by manifest.
2450 silly tarball no local data for supports-color@https://registry.npmjs.org/supports-color/-/supports-color-7.2.0.tgz. Extracting by manifest.
2451 silly tarball no local data for json-schema-traverse@https://registry.npmjs.org/json-schema-traverse/-/json-schema-traverse-0.4.1.tgz. Extracting by manifest.
2452 silly tarball no local data for @next/eslint-plugin-next@https://registry.npmjs.org/@next/eslint-plugin-next/-/eslint-plugin-next-16.1.2.tgz. Extracting by manifest.
2453 silly tarball no local data for ansi-styles@https://registry.npmjs.org/ansi-styles/-/ansi-styles-4.3.0.tgz. Extracting by manifest.
2454 silly tarball no local data for uri-js@https://registry.npmjs.org/uri-js/-/uri-js-4.4.1.tgz. Extracting by manifest.
2455 silly tarball no local data for fast-json-stable-stringify@https://registry.npmjs.org/fast-json-stable-stringify/-/fast-json-stable-stringify-2.1.0.tgz. Extracting by manifest.
2456 silly tarball no local data for import-fresh@https://registry.npmjs.org/import-fresh/-/import-fresh-3.3.1.tgz. Extracting by manifest.
2457 silly tarball no local data for optionator@https://registry.npmjs.org/optionator/-/optionator-0.9.4.tgz. Extracting by manifest.
2458 silly tarball no local data for @humanfs/core@https://registry.npmjs.org/@humanfs/core/-/core-0.19.1.tgz. Extracting by manifest.
2459 silly tarball no local data for globals@https://registry.npmjs.org/globals/-/globals-14.0.0.tgz. Extracting by manifest.
2460 silly tarball no local data for levn@https://registry.npmjs.org/levn/-/levn-0.4.1.tgz. Extracting by manifest.
2461 silly tarball no local data for natural-compare@https://registry.npmjs.org/natural-compare/-/natural-compare-1.4.0.tgz. Extracting by manifest.
2462 silly tarball no local data for @types/json-schema@https://registry.npmjs.org/@types/json-schema/-/json-schema-7.0.15.tgz. Extracting by manifest.
2463 silly tarball no local data for strip-json-comments@https://registry.npmjs.org/strip-json-comments/-/strip-json-comments-3.1.1.tgz. Extracting by manifest.
2464 silly tarball no local data for minimatch@https://registry.npmjs.org/minimatch/-/minimatch-3.1.2.tgz. Extracting by manifest.
2465 silly tarball no local data for @eslint/object-schema@https://registry.npmjs.org/@eslint/object-schema/-/object-schema-2.1.7.tgz. Extracting by manifest.
2466 silly tarball no local data for js-yaml@https://registry.npmjs.org/js-yaml/-/js-yaml-4.1.1.tgz. Extracting by manifest.
2467 silly tarball no local data for imurmurhash@https://registry.npmjs.org/imurmurhash/-/imurmurhash-0.1.4.tgz. Extracting by manifest.
2468 silly tarball no local data for json-stable-stringify-without-jsonify@https://registry.npmjs.org/json-stable-stringify-without-jsonify/-/json-stable-stringify-without-jsonify-1.0.1.tgz. Extracting by manifest.
2469 silly tarball no local data for ignore@https://registry.npmjs.org/ignore/-/ignore-5.3.2.tgz. Extracting by manifest.
2470 silly tarball no local data for lodash.merge@https://registry.npmjs.org/lodash.merge/-/lodash.merge-4.6.2.tgz. Extracting by manifest.
2471 silly tarball no local data for file-entry-cache@https://registry.npmjs.org/file-entry-cache/-/file-entry-cache-8.0.0.tgz. Extracting by manifest.
2472 silly tarball no local data for fast-deep-equal@https://registry.npmjs.org/fast-deep-equal/-/fast-deep-equal-3.1.3.tgz. Extracting by manifest.
2473 silly tarball no local data for find-up@https://registry.npmjs.org/find-up/-/find-up-5.0.0.tgz. Extracting by manifest.
2474 silly tarball no local data for eslint-scope@https://registry.npmjs.org/eslint-scope/-/eslint-scope-8.4.0.tgz. Extracting by manifest.
2475 silly tarball no local data for esutils@https://registry.npmjs.org/esutils/-/esutils-2.0.3.tgz. Extracting by manifest.
2476 silly tarball no local data for is-glob@https://registry.npmjs.org/is-glob/-/is-glob-4.0.3.tgz. Extracting by manifest.
2477 silly tarball no local data for esquery@https://registry.npmjs.org/esquery/-/esquery-1.7.0.tgz. Extracting by manifest.
2478 silly tarball no local data for glob-parent@https://registry.npmjs.org/glob-parent/-/glob-parent-6.0.2.tgz. Extracting by manifest.
2479 silly tarball no local data for eslint-visitor-keys@https://registry.npmjs.org/eslint-visitor-keys/-/eslint-visitor-keys-4.2.1.tgz. Extracting by manifest.
2480 silly tarball no local data for espree@https://registry.npmjs.org/espree/-/espree-10.4.0.tgz. Extracting by manifest.
2481 silly tarball no local data for escape-string-regexp@https://registry.npmjs.org/escape-string-regexp/-/escape-string-regexp-4.0.0.tgz. Extracting by manifest.
2482 silly tarball no local data for debug@https://registry.npmjs.org/debug/-/debug-4.4.3.tgz. Extracting by manifest.
2483 silly tarball no local data for cross-spawn@https://registry.npmjs.org/cross-spawn/-/cross-spawn-7.0.6.tgz. Extracting by manifest.
2484 silly tarball no local data for @humanwhocodes/retry@https://registry.npmjs.org/@humanwhocodes/retry/-/retry-0.4.3.tgz. Extracting by manifest.
2485 silly tarball no local data for chalk@https://registry.npmjs.org/chalk/-/chalk-4.1.2.tgz. Extracting by manifest.
2486 silly tarball no local data for ajv@https://registry.npmjs.org/ajv/-/ajv-6.12.6.tgz. Extracting by manifest.
2487 silly tarball no local data for @eslint/js@https://registry.npmjs.org/@eslint/js/-/js-9.39.2.tgz. Extracting by manifest.
2488 silly tarball no local data for @humanfs/node@https://registry.npmjs.org/@humanfs/node/-/node-0.16.7.tgz. Extracting by manifest.
2489 silly tarball no local data for @eslint/plugin-kit@https://registry.npmjs.org/@eslint/plugin-kit/-/plugin-kit-0.4.1.tgz. Extracting by manifest.
2490 silly tarball no local data for @humanwhocodes/module-importer@https://registry.npmjs.org/@humanwhocodes/module-importer/-/module-importer-1.0.1.tgz. Extracting by manifest.
2491 silly tarball no local data for @types/estree@https://registry.npmjs.org/@types/estree/-/estree-1.0.8.tgz. Extracting by manifest.
2492 silly tarball no local data for csstype@https://registry.npmjs.org/csstype/-/csstype-3.2.3.tgz. Extracting by manifest.
2493 silly tarball no local data for @eslint/core@https://registry.npmjs.org/@eslint/core/-/core-0.17.0.tgz. Extracting by manifest.
2494 silly tarball no local data for @eslint/config-helpers@https://registry.npmjs.org/@eslint/config-helpers/-/config-helpers-0.4.2.tgz. Extracting by manifest.
2495 silly tarball no local data for @eslint/eslintrc@https://registry.npmjs.org/@eslint/eslintrc/-/eslintrc-3.3.3.tgz. Extracting by manifest.
2496 silly tarball no local data for undici-types@https://registry.npmjs.org/undici-types/-/undici-types-6.21.0.tgz. Extracting by manifest.
2497 silly tarball no local data for @eslint-community/regexpp@https://registry.npmjs.org/@eslint-community/regexpp/-/regexpp-4.12.2.tgz. Extracting by manifest.
2498 silly tarball no local data for @eslint/config-array@https://registry.npmjs.org/@eslint/config-array/-/config-array-0.21.1.tgz. Extracting by manifest.
2499 silly tarball no local data for @eslint-community/eslint-utils@https://registry.npmjs.org/@eslint-community/eslint-utils/-/eslint-utils-4.9.1.tgz. Extracting by manifest.
2500 silly tarball no local data for react-dom@https://registry.npmjs.org/react-dom/-/react-dom-19.2.3.tgz. Extracting by manifest.
2501 silly tarball no local data for eslint@https://registry.npmjs.org/eslint/-/eslint-9.39.2.tgz. Extracting by manifest.
2502 silly tarball no local data for react@https://registry.npmjs.org/react/-/react-19.2.3.tgz. Extracting by manifest.
2503 silly tarball no local data for typescript@https://registry.npmjs.org/typescript/-/typescript-5.9.3.tgz. Extracting by manifest.
2504 silly tarball no local data for next@https://registry.npmjs.org/next/-/next-16.1.2.tgz. Extracting by manifest.
2505 silly tarball no local data for eslint-config-next@https://registry.npmjs.org/eslint-config-next/-/eslint-config-next-16.1.2.tgz. Extracting by manifest.
2506 silly tarball no local data for @types/node@https://registry.npmjs.org/@types/node/-/node-20.19.30.tgz. Extracting by manifest.
2507 silly tarball no local data for @types/react@https://registry.npmjs.org/@types/react/-/react-19.2.8.tgz. Extracting by manifest.
2508 silly tarball no local data for @types/react-dom@https://registry.npmjs.org/@types/react-dom/-/react-dom-19.2.3.tgz. Extracting by manifest.
2509 silly tarball no local data for minimatch@https://registry.npmjs.org/minimatch/-/minimatch-9.0.5.tgz. Extracting by manifest.
2510 silly tarball no local data for semver@https://registry.npmjs.org/semver/-/semver-7.7.3.tgz. Extracting by manifest.
2511 silly tarball no local data for brace-expansion@https://registry.npmjs.org/brace-expansion/-/brace-expansion-2.0.2.tgz. Extracting by manifest.
2512 silly tarball no local data for picomatch@https://registry.npmjs.org/picomatch/-/picomatch-4.0.3.tgz. Extracting by manifest.
2513 silly tarball no local data for ignore@https://registry.npmjs.org/ignore/-/ignore-7.0.5.tgz. Extracting by manifest.
2514 silly tarball no local data for json5@https://registry.npmjs.org/json5/-/json5-1.0.2.tgz. Extracting by manifest.
2515 silly tarball no local data for fdir@https://registry.npmjs.org/fdir/-/fdir-6.5.0.tgz. Extracting by manifest.
2516 silly tarball no local data for debug@https://registry.npmjs.org/debug/-/debug-3.2.7.tgz. Extracting by manifest.
2517 silly tarball no local data for debug@https://registry.npmjs.org/debug/-/debug-3.2.7.tgz. Extracting by manifest.
2518 silly tarball no local data for semver@https://registry.npmjs.org/semver/-/semver-7.7.3.tgz. Extracting by manifest.
2519 silly tarball no local data for glob-parent@https://registry.npmjs.org/glob-parent/-/glob-parent-5.1.2.tgz. Extracting by manifest.
2520 silly tarball no local data for resolve@https://registry.npmjs.org/resolve/-/resolve-2.0.0-next.5.tgz. Extracting by manifest.
2521 silly tarball no local data for semver@https://registry.npmjs.org/semver/-/semver-7.7.3.tgz. Extracting by manifest.
2522 silly tarball no local data for debug@https://registry.npmjs.org/debug/-/debug-3.2.7.tgz. Extracting by manifest.
2523 silly tarball no local data for globals@https://registry.npmjs.org/globals/-/globals-16.4.0.tgz. Extracting by manifest.
2524 silly tarball no local data for eslint-visitor-keys@https://registry.npmjs.org/eslint-visitor-keys/-/eslint-visitor-keys-3.4.3.tgz. Extracting by manifest.
2525 http fetch GET 200 https://registry.npmjs.org/is-weakset/-/is-weakset-2.0.4.tgz 6729ms (cache miss)
2526 http fetch GET 200 https://registry.npmjs.org/napi-postinstall/-/napi-postinstall-0.3.4.tgz 13146ms (cache miss)
2527 http fetch GET 200 https://registry.npmjs.org/client-only/-/client-only-0.0.1.tgz 16323ms (cache miss)
2528 http fetch GET 200 https://registry.npmjs.org/object-assign/-/object-assign-4.1.1.tgz 17170ms (cache miss)
2529 http fetch GET 200 https://registry.npmjs.org/punycode/-/punycode-2.3.1.tgz 17407ms (cache miss)
2530 http fetch GET 200 https://registry.npmjs.org/path-parse/-/path-parse-1.0.7.tgz 17591ms (cache miss)
2531 http fetch GET 200 https://registry.npmjs.org/strip-bom/-/strip-bom-3.0.0.tgz 17771ms (cache miss)
2532 http fetch GET 200 https://registry.npmjs.org/@typescript-eslint/tsconfig-utils/-/tsconfig-utils-8.53.0.tgz 17807ms (cache miss)
2533 http fetch GET 200 https://registry.npmjs.org/has-flag/-/has-flag-4.0.0.tgz 17880ms (cache miss)
2534 http fetch GET 200 https://registry.npmjs.org/callsites/-/callsites-3.1.0.tgz 17825ms (cache miss)
2535 http fetch GET 200 https://registry.npmjs.org/balanced-match/-/balanced-match-1.0.2.tgz 18064ms (cache miss)
2536 http fetch GET 200 https://registry.npmjs.org/isexe/-/isexe-2.0.0.tgz 18275ms (cache miss)
2537 http fetch GET 200 https://registry.npmjs.org/fill-range/-/fill-range-7.1.1.tgz 18081ms (cache miss)
2538 http fetch GET 200 https://registry.npmjs.org/set-function-name/-/set-function-name-2.0.2.tgz 18470ms (cache miss)
2539 http fetch GET 200 https://registry.npmjs.org/parent-module/-/parent-module-1.0.1.tgz 18593ms (cache miss)
2540 http fetch GET 200 https://registry.npmjs.org/is-number/-/is-number-7.0.0.tgz 18878ms (cache miss)
2541 http fetch GET 200 https://registry.npmjs.org/keyv/-/keyv-4.5.4.tgz 18808ms (cache miss)
2542 http fetch GET 200 https://registry.npmjs.org/is-extglob/-/is-extglob-2.1.1.tgz 18837ms (cache miss)
2543 http fetch GET 200 https://registry.npmjs.org/run-parallel/-/run-parallel-1.2.0.tgz 19130ms (cache miss)
2544 http fetch GET 200 https://registry.npmjs.org/acorn-jsx/-/acorn-jsx-5.3.2.tgz 19144ms (cache miss)
2545 http fetch GET 200 https://registry.npmjs.org/generator-function/-/generator-function-2.0.1.tgz 19504ms (cache miss)
2546 http fetch GET 200 https://registry.npmjs.org/merge2/-/merge2-1.4.1.tgz 19161ms (cache miss)
2547 http fetch GET 200 https://registry.npmjs.org/side-channel-map/-/side-channel-map-1.0.1.tgz 19417ms (cache miss)
2548 http fetch GET 200 https://registry.npmjs.org/supports-preserve-symlinks-flag/-/supports-preserve-symlinks-flag-1.0.0.tgz 19676ms (cache miss)
2549 http fetch GET 200 https://registry.npmjs.org/@types/json5/-/json5-0.0.29.tgz 19698ms (cache miss)
2550 http fetch GET 200 https://registry.npmjs.org/resolve-pkg-maps/-/resolve-pkg-maps-1.0.0.tgz 19566ms (cache miss)
2551 http fetch GET 200 https://registry.npmjs.org/isarray/-/isarray-2.0.5.tgz 19886ms (cache miss)
2552 http fetch GET 200 https://registry.npmjs.org/update-browserslist-db/-/update-browserslist-db-1.2.3.tgz 19683ms (cache miss)
2553 http fetch GET 200 https://registry.npmjs.org/p-limit/-/p-limit-3.1.0.tgz 19918ms (cache miss)
2554 http fetch GET 200 https://registry.npmjs.org/deep-is/-/deep-is-0.1.4.tgz 19917ms (cache miss)
2555 http fetch GET 200 https://registry.npmjs.org/loose-envify/-/loose-envify-1.4.0.tgz 19958ms (cache miss)
2556 http fetch GET 200 https://registry.npmjs.org/yocto-queue/-/yocto-queue-0.1.0.tgz 19999ms (cache miss)
2557 http fetch GET 200 https://registry.npmjs.org/concat-map/-/concat-map-0.0.1.tgz 19995ms (cache miss)
2558 http fetch GET 200 https://registry.npmjs.org/functions-have-names/-/functions-have-names-1.2.3.tgz 19945ms (cache miss)
2559 http fetch GET 200 https://registry.npmjs.org/lru-cache/-/lru-cache-5.1.1.tgz 19875ms (cache miss)
2560 http fetch GET 200 https://registry.npmjs.org/@babel/helper-globals/-/helper-globals-7.28.0.tgz 19899ms (cache miss)
2561 http fetch GET 200 https://registry.npmjs.org/word-wrap/-/word-wrap-1.2.5.tgz 20141ms (cache miss)
2562 http fetch GET 200 https://registry.npmjs.org/async-function/-/async-function-1.0.0.tgz 20420ms (cache miss)
2563 http fetch GET 200 https://registry.npmjs.org/@babel/helper-validator-option/-/helper-validator-option-7.27.1.tgz 20141ms (cache miss)
2564 http fetch GET 200 https://registry.npmjs.org/shebang-regex/-/shebang-regex-3.0.0.tgz 20439ms (cache miss)
2565 http fetch GET 200 https://registry.npmjs.org/picocolors/-/picocolors-1.1.1.tgz 20220ms (cache miss)
2566 http fetch GET 200 https://registry.npmjs.org/node-releases/-/node-releases-2.0.27.tgz 20401ms (cache miss)
2567 http fetch GET 200 https://registry.npmjs.org/gensync/-/gensync-1.0.0-beta.2.tgz 20402ms (cache miss)
2568 http fetch GET 200 https://registry.npmjs.org/@typescript-eslint/parser/-/parser-8.53.0.tgz 20786ms (cache miss)
2569 http fetch GET 200 https://registry.npmjs.org/dunder-proto/-/dunder-proto-1.0.1.tgz 20621ms (cache miss)
2570 http fetch GET 200 https://registry.npmjs.org/json-buffer/-/json-buffer-3.0.1.tgz 20633ms (cache miss)
2571 http fetch GET 200 https://registry.npmjs.org/queue-microtask/-/queue-microtask-1.2.3.tgz 20828ms (cache miss)
2572 http fetch GET 200 https://registry.npmjs.org/iterator.prototype/-/iterator.prototype-1.1.5.tgz 20609ms (cache miss)
2573 http fetch GET 200 https://registry.npmjs.org/reusify/-/reusify-1.1.0.tgz 20792ms (cache miss)
2574 http fetch GET 200 https://registry.npmjs.org/braces/-/braces-3.0.3.tgz 20915ms (cache miss)
2575 http fetch GET 200 https://registry.npmjs.org/argparse/-/argparse-2.0.1.tgz 20924ms (cache miss)
2576 http fetch GET 200 https://registry.npmjs.org/@babel/code-frame/-/code-frame-7.28.6.tgz 20723ms (cache miss)
2577 http fetch GET 200 https://registry.npmjs.org/fastq/-/fastq-1.20.1.tgz 21112ms (cache miss)
2578 http fetch GET 200 https://registry.npmjs.org/yallist/-/yallist-3.1.1.tgz 21192ms (cache miss)
2579 http fetch GET 200 https://registry.npmjs.org/@next/env/-/env-16.1.2.tgz 21242ms (cache miss)
2580 http fetch GET 200 https://registry.npmjs.org/p-locate/-/p-locate-5.0.0.tgz 21210ms (cache miss)
2581 http fetch GET 200 https://registry.npmjs.org/string.prototype.matchall/-/string.prototype.matchall-4.0.12.tgz 21040ms (cache miss)
2582 http fetch GET 200 https://registry.npmjs.org/fast-levenshtein/-/fast-levenshtein-2.0.6.tgz 21334ms (cache miss)
2583 http fetch GET 200 https://registry.npmjs.org/object.entries/-/object.entries-1.1.9.tgz 21070ms (cache miss)
2584 http fetch GET 200 https://registry.npmjs.org/estraverse/-/estraverse-5.3.0.tgz 21072ms (cache miss)
2585 http fetch GET 200 https://registry.npmjs.org/esrecurse/-/esrecurse-4.3.0.tgz 21257ms (cache miss)
2586 http fetch GET 200 https://registry.npmjs.org/path-exists/-/path-exists-4.0.0.tgz 21463ms (cache miss)
2587 http fetch GET 200 https://registry.npmjs.org/is-symbol/-/is-symbol-1.1.1.tgz 21289ms (cache miss)
2588 http fetch GET 200 https://registry.npmjs.org/is-date-object/-/is-date-object-1.1.0.tgz 21294ms (cache miss)
2589 http fetch GET 200 https://registry.npmjs.org/ast-types-flow/-/ast-types-flow-0.0.8.tgz 21304ms (cache miss)
2590 http fetch GET 200 https://registry.npmjs.org/has-tostringtag/-/has-tostringtag-1.0.2.tgz 21275ms (cache miss)
2591 http fetch GET 200 https://registry.npmjs.org/@babel/helper-module-imports/-/helper-module-imports-7.28.6.tgz 21461ms (cache miss)
2592 http fetch GET 200 https://registry.npmjs.org/stop-iteration-iterator/-/stop-iteration-iterator-1.1.0.tgz 21298ms (cache miss)
2593 http fetch GET 200 https://registry.npmjs.org/typed-array-length/-/typed-array-length-1.0.7.tgz 21308ms (cache miss)
2594 http fetch GET 200 https://registry.npmjs.org/type-check/-/type-check-0.4.0.tgz 21639ms (cache miss)
2595 http fetch GET 200 https://registry.npmjs.org/typed-array-buffer/-/typed-array-buffer-1.0.3.tgz 21345ms (cache miss)
2596 http fetch GET 200 https://registry.npmjs.org/set-proto/-/set-proto-1.0.0.tgz 21348ms (cache miss)
2597 http fetch GET 200 https://registry.npmjs.org/safe-array-concat/-/safe-array-concat-1.1.3.tgz 21347ms (cache miss)
2598 http fetch GET 200 https://registry.npmjs.org/micromatch/-/micromatch-4.0.8.tgz 21618ms (cache miss)
2599 http fetch GET 200 https://registry.npmjs.org/@typescript-eslint/visitor-keys/-/visitor-keys-8.53.0.tgz 21898ms (cache miss)
2600 http fetch GET 200 https://registry.npmjs.org/is-weakref/-/is-weakref-1.1.1.tgz 21396ms (cache miss)
2601 http fetch GET 200 https://registry.npmjs.org/regexp.prototype.flags/-/regexp.prototype.flags-1.5.4.tgz 21393ms (cache miss)
2602 http fetch GET 200 https://registry.npmjs.org/is-set/-/is-set-2.0.3.tgz 21391ms (cache miss)
2603 http fetch GET 200 https://registry.npmjs.org/is-shared-array-buffer/-/is-shared-array-buffer-1.0.4.tgz 21389ms (cache miss)
2604 http fetch GET 200 https://registry.npmjs.org/is-data-view/-/is-data-view-1.0.2.tgz 21400ms (cache miss)
2605 http fetch GET 200 https://registry.npmjs.org/has-symbols/-/has-symbols-1.1.0.tgz 21404ms (cache miss)
2606 http fetch GET 200 https://registry.npmjs.org/resolve-from/-/resolve-from-4.0.0.tgz 21741ms (cache miss)
2607 http fetch GET 200 https://registry.npmjs.org/data-view-byte-length/-/data-view-byte-length-1.0.2.tgz 21380ms (cache miss)
2608 http fetch GET 200 https://registry.npmjs.org/has-proto/-/has-proto-1.2.0.tgz 21401ms (cache miss)
2609 http fetch GET 200 https://registry.npmjs.org/get-symbol-description/-/get-symbol-description-1.1.0.tgz 21401ms (cache miss)
2610 http fetch GET 200 https://registry.npmjs.org/internal-slot/-/internal-slot-1.1.0.tgz 21409ms (cache miss)
2611 http fetch GET 200 https://registry.npmjs.org/js-tokens/-/js-tokens-4.0.0.tgz 21626ms (cache miss)
2612 http fetch GET 200 https://registry.npmjs.org/globalthis/-/globalthis-1.0.4.tgz 21400ms (cache miss)
2613 http fetch GET 200 https://registry.npmjs.org/function.prototype.name/-/function.prototype.name-1.1.8.tgz 21401ms (cache miss)
2614 http fetch GET 200 https://registry.npmjs.org/react-is/-/react-is-16.13.1.tgz 21892ms (cache miss)
2615 http fetch GET 200 https://registry.npmjs.org/es-set-tostringtag/-/es-set-tostringtag-2.1.0.tgz 21425ms (cache miss)
2616 http fetch GET 200 https://registry.npmjs.org/object-keys/-/object-keys-1.1.1.tgz 21411ms (cache miss)
2617 http fetch GET 200 https://registry.npmjs.org/available-typed-arrays/-/available-typed-arrays-1.0.7.tgz 21418ms (cache miss)
2618 http fetch GET 200 https://registry.npmjs.org/function-bind/-/function-bind-1.1.2.tgz 21431ms (cache miss)
2619 http fetch GET 200 https://registry.npmjs.org/set-function-length/-/set-function-length-1.2.2.tgz 21431ms (cache miss)
2620 http fetch GET 200 https://registry.npmjs.org/string.prototype.repeat/-/string.prototype.repeat-1.0.0.tgz 21616ms (cache miss)
2621 http fetch GET 200 https://registry.npmjs.org/es-define-property/-/es-define-property-1.0.1.tgz 21436ms (cache miss)
2622 http fetch GET 200 https://registry.npmjs.org/call-bind-apply-helpers/-/call-bind-apply-helpers-1.0.2.tgz 21457ms (cache miss)
2623 http fetch GET 200 https://registry.npmjs.org/es-shim-unscopables/-/es-shim-unscopables-1.1.0.tgz 21453ms (cache miss)
2624 http fetch GET 200 https://registry.npmjs.org/convert-source-map/-/convert-source-map-2.0.0.tgz 21735ms (cache miss)
2625 http fetch GET 200 https://registry.npmjs.org/es-object-atoms/-/es-object-atoms-1.1.1.tgz 21467ms (cache miss)
2626 http fetch GET 200 https://registry.npmjs.org/@jridgewell/resolve-uri/-/resolve-uri-3.1.2.tgz 21794ms (cache miss)
2627 http fetch GET 200 https://registry.npmjs.org/math-intrinsics/-/math-intrinsics-1.1.0.tgz 21482ms (cache miss)
2628 http fetch GET 200 https://registry.npmjs.org/call-bound/-/call-bound-1.0.4.tgz 21478ms (cache miss)
2629 http fetch GET 200 https://registry.npmjs.org/language-tags/-/language-tags-1.0.9.tgz 21691ms (cache miss)
2630 http fetch GET 200 https://registry.npmjs.org/@typescript-eslint/project-service/-/project-service-8.53.0.tgz 22110ms (cache miss)
2631 http fetch GET 200 https://registry.npmjs.org/call-bind/-/call-bind-1.0.8.tgz 21472ms (cache miss)
2632 http fetch GET 200 https://registry.npmjs.org/object.groupby/-/object.groupby-1.0.3.tgz 21491ms (cache miss)
2633 http fetch GET 200 https://registry.npmjs.org/hasown/-/hasown-2.0.2.tgz 21468ms (cache miss)
2634 http fetch GET 200 https://registry.npmjs.org/string.prototype.trimend/-/string.prototype.trimend-1.0.9.tgz 21478ms (cache miss)
2635 http fetch GET 200 https://registry.npmjs.org/array.prototype.flatmap/-/array.prototype.flatmap-1.3.3.tgz 21491ms (cache miss)
2636 http fetch GET 200 https://registry.npmjs.org/array.prototype.findlastindex/-/array.prototype.findlastindex-1.2.6.tgz 21478ms (cache miss)
2637 http fetch GET 200 https://registry.npmjs.org/escalade/-/escalade-3.2.0.tgz 22232ms (cache miss)
2638 http fetch GET 200 https://registry.npmjs.org/is-bun-module/-/is-bun-module-2.0.0.tgz 21487ms (cache miss)
2639 http fetch GET 200 https://registry.npmjs.org/stable-hash/-/stable-hash-0.0.5.tgz 21496ms (cache miss)
2640 http fetch GET 200 https://registry.npmjs.org/typescript-eslint/-/typescript-eslint-8.53.0.tgz 21489ms (cache miss)
2641 http fetch GET 200 https://registry.npmjs.org/@rtsao/scc/-/scc-1.1.0.tgz 21499ms (cache miss)
2642 http fetch GET 200 https://registry.npmjs.org/is-core-module/-/is-core-module-2.16.1.tgz 21490ms (cache miss)
2643 http fetch GET 200 https://registry.npmjs.org/damerau-levenshtein/-/damerau-levenshtein-1.0.8.tgz 21801ms (cache miss)
2644 http fetch GET 200 https://registry.npmjs.org/unbox-primitive/-/unbox-primitive-1.1.0.tgz 21767ms (cache miss)
2645 http fetch GET 200 https://registry.npmjs.org/path-key/-/path-key-3.1.1.tgz 21526ms (cache miss)
2646 http fetch GET 200 https://registry.npmjs.org/which/-/which-2.0.2.tgz 21528ms (cache miss)
2647 http fetch GET 200 https://registry.npmjs.org/color-name/-/color-name-1.1.4.tgz 21511ms (cache miss)
2648 http fetch GET 200 https://registry.npmjs.org/locate-path/-/locate-path-6.0.0.tgz 22018ms (cache miss)
2649 http fetch GET 200 https://registry.npmjs.org/@nolyfill/is-core-module/-/is-core-module-1.0.39.tgz 21549ms (cache miss)
2650 http fetch GET 200 https://registry.npmjs.org/ms/-/ms-2.1.3.tgz 21520ms (cache miss)
2651 http fetch GET 200 https://registry.npmjs.org/supports-color/-/supports-color-7.2.0.tgz 21519ms (cache miss)
2652 http fetch GET 200 https://registry.npmjs.org/color-convert/-/color-convert-2.0.1.tgz 21532ms (cache miss)
2653 http fetch GET 200 https://registry.npmjs.org/brace-expansion/-/brace-expansion-1.1.12.tgz 22117ms (cache miss)
2654 http fetch GET 200 https://registry.npmjs.org/typed-array-byte-offset/-/typed-array-byte-offset-1.0.4.tgz 21807ms (cache miss)
2655 http fetch GET 200 https://registry.npmjs.org/json-schema-traverse/-/json-schema-traverse-0.4.1.tgz 21536ms (cache miss)
2656 http fetch GET 200 https://registry.npmjs.org/ansi-styles/-/ansi-styles-4.3.0.tgz 21535ms (cache miss)
2657 http fetch GET 200 https://registry.npmjs.org/fast-json-stable-stringify/-/fast-json-stable-stringify-2.1.0.tgz 21538ms (cache miss)
2658 http fetch GET 200 https://registry.npmjs.org/import-fresh/-/import-fresh-3.3.1.tgz 21551ms (cache miss)
2659 http fetch GET 200 https://registry.npmjs.org/optionator/-/optionator-0.9.4.tgz 21557ms (cache miss)
2660 http fetch GET 200 https://registry.npmjs.org/strip-json-comments/-/strip-json-comments-3.1.1.tgz 21559ms (cache miss)
2661 http fetch GET 200 https://registry.npmjs.org/safe-regex-test/-/safe-regex-test-1.1.0.tgz 21858ms (cache miss)
2662 http fetch GET 200 https://registry.npmjs.org/levn/-/levn-0.4.1.tgz 21572ms (cache miss)
2663 http fetch GET 200 https://registry.npmjs.org/is-glob/-/is-glob-4.0.3.tgz 21529ms (cache miss)
2664 http fetch GET 200 https://registry.npmjs.org/file-entry-cache/-/file-entry-cache-8.0.0.tgz 21562ms (cache miss)
2665 http fetch GET 200 https://registry.npmjs.org/fast-deep-equal/-/fast-deep-equal-3.1.3.tgz 21564ms (cache miss)
2666 http fetch GET 200 https://registry.npmjs.org/find-up/-/find-up-5.0.0.tgz 21563ms (cache miss)
2667 http fetch GET 200 https://registry.npmjs.org/glob-parent/-/glob-parent-6.0.2.tgz 21539ms (cache miss)
2668 http fetch GET 200 https://registry.npmjs.org/@types/estree/-/estree-1.0.8.tgz 21547ms (cache miss)
2669 http fetch GET 200 https://registry.npmjs.org/jsesc/-/jsesc-3.1.0.tgz 22098ms (cache miss)
2670 http fetch GET 200 https://registry.npmjs.org/is-callable/-/is-callable-1.2.7.tgz 21878ms (cache miss)
2671 http fetch GET 200 https://registry.npmjs.org/@eslint/config-helpers/-/config-helpers-0.4.2.tgz 21552ms (cache miss)
2672 http fetch GET 200 https://registry.npmjs.org/data-view-buffer/-/data-view-buffer-1.0.2.tgz 21872ms (cache miss)
2673 http fetch GET 200 https://registry.npmjs.org/array.prototype.tosorted/-/array.prototype.tosorted-1.1.4.tgz 22052ms (cache miss)
2674 http fetch GET 200 https://registry.npmjs.org/arraybuffer.prototype.slice/-/arraybuffer.prototype.slice-1.0.4.tgz 21894ms (cache miss)
2675 http fetch GET 200 https://registry.npmjs.org/define-data-property/-/define-data-property-1.1.4.tgz 21907ms (cache miss)
2676 http fetch GET 200 https://registry.npmjs.org/gopd/-/gopd-1.2.0.tgz 21922ms (cache miss)
2677 http fetch GET 200 https://registry.npmjs.org/is-string/-/is-string-1.1.1.tgz 21923ms (cache miss)
2678 http fetch GET 200 https://registry.npmjs.org/string.prototype.includes/-/string.prototype.includes-2.0.1.tgz 22128ms (cache miss)
2679 http fetch GET 200 https://registry.npmjs.org/eslint-config-next/-/eslint-config-next-16.1.2.tgz 21705ms (cache miss)
2680 http fetch GET 200 https://registry.npmjs.org/semver/-/semver-6.3.1.tgz 21959ms (cache miss)
2681 http fetch GET 200 https://registry.npmjs.org/flatted/-/flatted-3.3.3.tgz 22391ms (cache miss)
2682 http fetch GET 200 https://registry.npmjs.org/emoji-regex/-/emoji-regex-9.2.2.tgz 22198ms (cache miss)
2683 http fetch GET 200 https://registry.npmjs.org/@babel/helper-validator-identifier/-/helper-validator-identifier-7.28.5.tgz 22313ms (cache miss)
2684 http fetch GET 200 https://registry.npmjs.org/possible-typed-array-names/-/possible-typed-array-names-1.1.0.tgz 22243ms (cache miss)
2685 http fetch GET 200 https://registry.npmjs.org/typed-array-byte-length/-/typed-array-byte-length-1.0.3.tgz 22238ms (cache miss)
2686 http fetch GET 200 https://registry.npmjs.org/is-async-function/-/is-async-function-2.1.1.tgz 22784ms (cache miss)
2687 http fetch GET 200 https://registry.npmjs.org/@types/react-dom/-/react-dom-19.2.3.tgz 21812ms (cache miss)
2688 http fetch GET 200 https://registry.npmjs.org/flat-cache/-/flat-cache-4.0.1.tgz 22516ms (cache miss)
2689 http fetch GET 200 https://registry.npmjs.org/globals/-/globals-14.0.0.tgz 21988ms (cache miss)
2690 http fetch GET 200 https://registry.npmjs.org/string.prototype.trimstart/-/string.prototype.trimstart-1.0.8.tgz 22276ms (cache miss)
2691 http fetch GET 200 https://registry.npmjs.org/@types/json-schema/-/json-schema-7.0.15.tgz 22006ms (cache miss)
2692 http fetch GET 200 https://registry.npmjs.org/ignore/-/ignore-5.3.2.tgz 21989ms (cache miss)
2693 http fetch GET 200 https://registry.npmjs.org/lodash.merge/-/lodash.merge-4.6.2.tgz 21994ms (cache miss)
2694 http fetch GET 200 https://registry.npmjs.org/side-channel-weakmap/-/side-channel-weakmap-1.0.2.tgz 22758ms (cache miss)
2695 http fetch GET 200 https://registry.npmjs.org/debug/-/debug-4.4.3.tgz 21958ms (cache miss)
2696 http fetch GET 200 https://registry.npmjs.org/eslint-visitor-keys/-/eslint-visitor-keys-4.2.1.tgz 21967ms (cache miss)
2697 http fetch GET 200 https://registry.npmjs.org/is-negative-zero/-/is-negative-zero-2.0.3.tgz 22288ms (cache miss)
2698 http fetch GET 200 https://registry.npmjs.org/own-keys/-/own-keys-1.0.1.tgz 22314ms (cache miss)
2699 http fetch GET 200 https://registry.npmjs.org/is-array-buffer/-/is-array-buffer-3.0.5.tgz 22296ms (cache miss)
2700 http fetch GET 200 https://registry.npmjs.org/brace-expansion/-/brace-expansion-2.0.2.tgz 21885ms (cache miss)
2701 http fetch GET 200 https://registry.npmjs.org/@humanwhocodes/module-importer/-/module-importer-1.0.1.tgz 21962ms (cache miss)
2702 http fetch GET 200 https://registry.npmjs.org/chalk/-/chalk-4.1.2.tgz 21976ms (cache miss)
2703 http fetch GET 200 https://registry.npmjs.org/@humanwhocodes/retry/-/retry-0.4.3.tgz 21981ms (cache miss)
2704 http fetch GET 200 https://registry.npmjs.org/get-proto/-/get-proto-1.0.1.tgz 22288ms (cache miss)
2705 http fetch GET 200 https://registry.npmjs.org/es-to-primitive/-/es-to-primitive-1.3.0.tgz 22328ms (cache miss)
2706 http fetch GET 200 https://registry.npmjs.org/has-property-descriptors/-/has-property-descriptors-1.0.2.tgz 22393ms (cache miss)
2707 http fetch GET 200 https://registry.npmjs.org/array-buffer-byte-length/-/array-buffer-byte-length-1.0.2.tgz 22399ms (cache miss)
2708 http fetch GET 200 https://registry.npmjs.org/get-intrinsic/-/get-intrinsic-1.3.0.tgz 22416ms (cache miss)
2709 http fetch GET 200 https://registry.npmjs.org/side-channel-list/-/side-channel-list-1.0.0.tgz 23009ms (cache miss)
2710 http fetch GET 200 https://registry.npmjs.org/array.prototype.flat/-/array.prototype.flat-1.3.3.tgz 22431ms (cache miss)
2711 http fetch GET 200 https://registry.npmjs.org/unrs-resolver/-/unrs-resolver-1.11.1.tgz 22427ms (cache miss)
2712 http fetch GET 200 https://registry.npmjs.org/which-typed-array/-/which-typed-array-1.1.20.tgz 22714ms (cache miss)
2713 http fetch GET 200 https://registry.npmjs.org/eslint-visitor-keys/-/eslint-visitor-keys-3.4.3.tgz 22050ms (cache miss)
2714 http fetch GET 200 https://registry.npmjs.org/eslint-import-resolver-typescript/-/eslint-import-resolver-typescript-3.10.1.tgz 22441ms (cache miss)
2715 http fetch GET 200 https://registry.npmjs.org/shebang-command/-/shebang-command-2.0.0.tgz 22426ms (cache miss)
2716 http fetch GET 200 https://registry.npmjs.org/prop-types/-/prop-types-15.8.1.tgz 22802ms (cache miss)
2717 http fetch GET 200 https://registry.npmjs.org/to-regex-range/-/to-regex-range-5.0.1.tgz 23047ms (cache miss)
2718 http fetch GET 200 https://registry.npmjs.org/@eslint/core/-/core-0.17.0.tgz 22352ms (cache miss)
2719 http fetch GET 200 https://registry.npmjs.org/safe-push-apply/-/safe-push-apply-1.0.0.tgz 22727ms (cache miss)
2720 http fetch GET 200 https://registry.npmjs.org/@eslint/object-schema/-/object-schema-2.1.7.tgz 22452ms (cache miss)
2721 http fetch GET 200 https://registry.npmjs.org/esutils/-/esutils-2.0.3.tgz 22445ms (cache miss)
2722 http fetch GET 200 https://registry.npmjs.org/cross-spawn/-/cross-spawn-7.0.6.tgz 22412ms (cache miss)
2723 http fetch GET 200 https://registry.npmjs.org/which-boxed-primitive/-/which-boxed-primitive-1.1.1.tgz 23291ms (cache miss)
2724 http fetch GET 200 https://registry.npmjs.org/escape-string-regexp/-/escape-string-regexp-4.0.0.tgz 22425ms (cache miss)
2725 http fetch GET 200 https://registry.npmjs.org/is-typed-array/-/is-typed-array-1.1.15.tgz 22759ms (cache miss)
2726 http fetch GET 200 https://registry.npmjs.org/is-regex/-/is-regex-1.2.1.tgz 22748ms (cache miss)
2727 http fetch GET 200 https://registry.npmjs.org/@humanfs/node/-/node-0.16.7.tgz 22420ms (cache miss)
2728 http fetch GET 200 https://registry.npmjs.org/@babel/compat-data/-/compat-data-7.28.6.tgz 22968ms (cache miss)
2729 http fetch GET 200 https://registry.npmjs.org/data-view-byte-offset/-/data-view-byte-offset-1.0.1.tgz 22732ms (cache miss)
2730 http fetch GET 200 https://registry.npmjs.org/ignore/-/ignore-7.0.5.tgz 22391ms (cache miss)
2731 http fetch GET 200 https://registry.npmjs.org/for-each/-/for-each-0.3.5.tgz 23331ms (cache miss)
2732 http fetch GET 200 https://registry.npmjs.org/fdir/-/fdir-6.5.0.tgz 22437ms (cache miss)
2733 http fetch GET 200 https://registry.npmjs.org/define-properties/-/define-properties-1.2.1.tgz 22780ms (cache miss)
2734 http fetch GET 200 https://registry.npmjs.org/object.values/-/object.values-1.2.1.tgz 22761ms (cache miss)
2735 http fetch GET 200 https://registry.npmjs.org/doctrine/-/doctrine-2.1.0.tgz 22758ms (cache miss)
2736 http fetch GET 200 https://registry.npmjs.org/tinyglobby/-/tinyglobby-0.2.15.tgz 22776ms (cache miss)
2737 http fetch GET 200 https://registry.npmjs.org/which-collection/-/which-collection-1.0.2.tgz 23548ms (cache miss)
2738 http fetch GET 200 https://registry.npmjs.org/glob-parent/-/glob-parent-5.1.2.tgz 22498ms (cache miss)
2739 http fetch GET 200 https://registry.npmjs.org/@babel/helper-compilation-targets/-/helper-compilation-targets-7.28.6.tgz 23145ms (cache miss)
2740 http fetch GET 200 https://registry.npmjs.org/detect-libc/-/detect-libc-2.1.2.tgz 23434ms (cache miss)
2741 http fetch GET 200 https://registry.npmjs.org/@eslint/js/-/js-9.39.2.tgz 22660ms (cache miss)
2742 http fetch GET 200 https://registry.npmjs.org/eslint-import-resolver-node/-/eslint-import-resolver-node-0.3.9.tgz 22809ms (cache miss)
2743 http fetch GET 200 https://registry.npmjs.org/is-weakmap/-/is-weakmap-2.0.2.tgz 23630ms (cache miss)
2744 http fetch GET 200 https://registry.npmjs.org/is-bigint/-/is-bigint-1.1.0.tgz 23611ms (cache miss)
2745 http fetch GET 200 https://registry.npmjs.org/string.prototype.trim/-/string.prototype.trim-1.2.10.tgz 23082ms (cache miss)
2746 http fetch GET 200 https://registry.npmjs.org/@humanfs/core/-/core-0.19.1.tgz 22806ms (cache miss)
2747 http fetch GET 200 https://registry.npmjs.org/espree/-/espree-10.4.0.tgz 22750ms (cache miss)
2748 http fetch GET 200 https://registry.npmjs.org/picomatch/-/picomatch-4.0.3.tgz 22658ms (cache miss)
2749 http fetch GET 200 https://registry.npmjs.org/is-number-object/-/is-number-object-1.1.1.tgz 23920ms (cache miss)
2750 http fetch GET 200 https://registry.npmjs.org/natural-compare/-/natural-compare-1.4.0.tgz 23087ms (cache miss)
2751 http fetch GET 200 https://registry.npmjs.org/minimatch/-/minimatch-3.1.2.tgz 23087ms (cache miss)
2752 http fetch GET 200 https://registry.npmjs.org/imurmurhash/-/imurmurhash-0.1.4.tgz 23082ms (cache miss)
2753 http fetch GET 200 https://registry.npmjs.org/@img/colour/-/colour-1.0.0.tgz 23846ms (cache miss)
2754 http fetch GET 200 https://registry.npmjs.org/debug/-/debug-3.2.7.tgz 23033ms (cache miss)
2755 http fetch GET 200 https://registry.npmjs.org/get-tsconfig/-/get-tsconfig-4.13.0.tgz 23329ms (cache miss)
2756 http fetch GET 200 https://registry.npmjs.org/globals/-/globals-16.4.0.tgz 22977ms (cache miss)
2757 http fetch GET 200 https://registry.npmjs.org/@nodelib/fs.stat/-/fs.stat-2.0.5.tgz 23755ms (cache miss)
2758 http fetch GET 200 https://registry.npmjs.org/@babel/helper-string-parser/-/helper-string-parser-7.27.1.tgz 23750ms (cache miss)
2759 http fetch GET 200 https://registry.npmjs.org/is-finalizationregistry/-/is-finalizationregistry-1.1.1.tgz 24175ms (cache miss)
2760 http fetch GET 200 https://registry.npmjs.org/browserslist/-/browserslist-4.28.1.tgz 23785ms (cache miss)
2761 http fetch GET 200 https://registry.npmjs.org/json-stable-stringify-without-jsonify/-/json-stable-stringify-without-jsonify-1.0.1.tgz 23360ms (cache miss)
2762 http fetch GET 200 https://registry.npmjs.org/is-map/-/is-map-2.0.3.tgz 24266ms (cache miss)
2763 http fetch GET 200 https://registry.npmjs.org/has-bigints/-/has-bigints-1.1.0.tgz 24257ms (cache miss)
2764 http fetch GET 200 https://registry.npmjs.org/object.fromentries/-/object.fromentries-2.0.8.tgz 23642ms (cache miss)
2765 http fetch GET 200 https://registry.npmjs.org/array-includes/-/array-includes-3.1.9.tgz 23647ms (cache miss)
2766 http fetch GET 200 https://registry.npmjs.org/electron-to-chromium/-/electron-to-chromium-1.5.267.tgz 24032ms (cache miss)
2767 http fetch GET 200 https://registry.npmjs.org/prelude-ls/-/prelude-ls-1.2.1.tgz 24112ms (cache miss)
2768 http fetch GET 200 https://registry.npmjs.org/is-boolean-object/-/is-boolean-object-1.2.2.tgz 24477ms (cache miss)
2769 http fetch GET 200 https://registry.npmjs.org/array.prototype.findlast/-/array.prototype.findlast-1.2.5.tgz 24050ms (cache miss)
2770 http fetch GET 200 https://registry.npmjs.org/json5/-/json5-1.0.2.tgz 23546ms (cache miss)
2771 http fetch GET 200 https://registry.npmjs.org/debug/-/debug-3.2.7.tgz 23554ms (cache miss)
2772 http fetch GET 200 https://registry.npmjs.org/debug/-/debug-3.2.7.tgz 23497ms (cache miss)
2773 http fetch GET 200 https://registry.npmjs.org/baseline-browser-mapping/-/baseline-browser-mapping-2.9.14.tgz 24490ms (cache miss)
2774 http fetch GET 200 https://registry.npmjs.org/@eslint/plugin-kit/-/plugin-kit-0.4.1.tgz 24094ms (cache miss)
2775 http fetch GET 200 https://registry.npmjs.org/nanoid/-/nanoid-3.3.11.tgz 24876ms (cache miss)
2776 http fetch GET 200 https://registry.npmjs.org/picomatch/-/picomatch-2.3.1.tgz 25072ms (cache miss)
2777 http fetch GET 200 https://registry.npmjs.org/which-builtin-type/-/which-builtin-type-1.2.1.tgz 25337ms (cache miss)
2778 http fetch GET 200 https://registry.npmjs.org/side-channel/-/side-channel-1.1.0.tgz 25125ms (cache miss)
2779 http fetch GET 200 https://registry.npmjs.org/reflect.getprototypeof/-/reflect.getprototypeof-1.0.10.tgz 25366ms (cache miss)
2780 http fetch GET 200 https://registry.npmjs.org/tslib/-/tslib-2.8.1.tgz 25317ms (cache miss)
2781 http fetch GET 200 https://registry.npmjs.org/es-errors/-/es-errors-1.3.0.tgz 24962ms (cache miss)
2782 http fetch GET 200 https://registry.npmjs.org/@babel/template/-/template-7.28.6.tgz 25278ms (cache miss)
2783 http fetch GET 200 https://registry.npmjs.org/@nodelib/fs.scandir/-/fs.scandir-2.1.5.tgz 25518ms (cache miss)
2784 http fetch GET 200 https://registry.npmjs.org/scheduler/-/scheduler-0.27.0.tgz 25955ms (cache miss)
2785 http fetch GET 200 https://registry.npmjs.org/eslint-scope/-/eslint-scope-8.4.0.tgz 25284ms (cache miss)
2786 http fetch GET 200 https://registry.npmjs.org/is-generator-function/-/is-generator-function-1.1.2.tgz 26210ms (cache miss)
2787 http fetch GET 200 https://registry.npmjs.org/@nodelib/fs.walk/-/fs.walk-1.2.8.tgz 26017ms (cache miss)
2788 http fetch GET 200 https://registry.npmjs.org/object.assign/-/object.assign-4.1.7.tgz 26044ms (cache miss)
2789 http fetch GET 200 https://registry.npmjs.org/@babel/helper-module-transforms/-/helper-module-transforms-7.28.6.tgz 26251ms (cache miss)
2790 http fetch GET 200 https://registry.npmjs.org/source-map-js/-/source-map-js-1.2.1.tgz 26592ms (cache miss)
2791 http fetch GET 200 https://registry.npmjs.org/eslint-module-utils/-/eslint-module-utils-2.12.1.tgz 26902ms (cache miss)
2792 http fetch GET 200 https://registry.npmjs.org/zod-validation-error/-/zod-validation-error-4.0.2.tgz 27213ms (cache miss)
2793 http fetch GET 200 https://registry.npmjs.org/@typescript-eslint/types/-/types-8.53.0.tgz 27692ms (cache miss)
2794 http fetch GET 200 https://registry.npmjs.org/json5/-/json5-2.2.3.tgz 27450ms (cache miss)
2795 http fetch GET 200 https://registry.npmjs.org/@jridgewell/gen-mapping/-/gen-mapping-0.3.13.tgz 27620ms (cache miss)
2796 http fetch GET 200 https://registry.npmjs.org/hermes-estree/-/hermes-estree-0.25.1.tgz 27777ms (cache miss)
2797 http fetch GET 200 https://registry.npmjs.org/@jridgewell/sourcemap-codec/-/sourcemap-codec-1.5.5.tgz 27704ms (cache miss)
2798 http fetch GET 200 https://registry.npmjs.org/minimist/-/minimist-1.2.8.tgz 28335ms (cache miss)
2799 http fetch GET 200 https://registry.npmjs.org/@jridgewell/remapping/-/remapping-2.3.5.tgz 28240ms (cache miss)
2800 http fetch GET 200 https://registry.npmjs.org/@eslint-community/eslint-utils/-/eslint-utils-4.9.1.tgz 27741ms (cache miss)
2801 http fetch GET 200 https://registry.npmjs.org/@eslint-community/regexpp/-/regexpp-4.12.2.tgz 28033ms (cache miss)
2802 http fetch GET 200 https://registry.npmjs.org/object-inspect/-/object-inspect-1.13.4.tgz 28457ms (cache miss)
2803 http fetch GET 200 https://registry.npmjs.org/@emnapi/runtime/-/runtime-1.8.1.tgz 28956ms (cache miss)
2804 http fetch GET 200 https://registry.npmjs.org/react/-/react-19.2.3.tgz 28232ms (cache miss)
2805 http fetch GET 200 https://registry.npmjs.org/@emnapi/wasi-threads/-/wasi-threads-1.1.0.tgz 29481ms (cache miss)
2806 http fetch GET 200 https://registry.npmjs.org/undici-types/-/undici-types-6.21.0.tgz 28629ms (cache miss)
2807 http fetch GET 200 https://registry.npmjs.org/@types/react/-/react-19.2.8.tgz 29002ms (cache miss)
2808 http fetch GET 200 https://registry.npmjs.org/ts-api-utils/-/ts-api-utils-2.4.0.tgz 30406ms (cache miss)
2809 http fetch GET 200 https://registry.npmjs.org/@eslint/config-array/-/config-array-0.21.1.tgz 29489ms (cache miss)
2810 http fetch GET 200 https://registry.npmjs.org/@typescript-eslint/type-utils/-/type-utils-8.53.0.tgz 31093ms (cache miss)
2811 http fetch GET 200 https://registry.npmjs.org/semver/-/semver-7.7.3.tgz 30223ms (cache miss)
2812 http fetch GET 200 https://registry.npmjs.org/semver/-/semver-7.7.3.tgz 30247ms (cache miss)
2813 http fetch GET 200 https://registry.npmjs.org/@jridgewell/trace-mapping/-/trace-mapping-0.3.31.tgz 30883ms (cache miss)
2814 http fetch GET 200 https://registry.npmjs.org/@next/eslint-plugin-next/-/eslint-plugin-next-16.1.2.tgz 30947ms (cache miss)
2815 http fetch GET 200 https://registry.npmjs.org/semver/-/semver-7.7.3.tgz 30839ms (cache miss)
2816 http fetch GET 200 https://registry.npmjs.org/acorn/-/acorn-8.15.0.tgz 32232ms (cache miss)
2817 http fetch GET 200 https://registry.npmjs.org/@img/sharp-linux-x64/-/sharp-linux-x64-0.34.5.tgz 32676ms (cache miss)
2818 http fetch GET 200 https://registry.npmjs.org/js-yaml/-/js-yaml-4.1.1.tgz 32215ms (cache miss)
2819 http fetch GET 200 https://registry.npmjs.org/postcss/-/postcss-8.4.31.tgz 32962ms (cache miss)
2820 http fetch GET 200 https://registry.npmjs.org/fast-glob/-/fast-glob-3.3.1.tgz 32433ms (cache miss)
2821 http fetch GET 200 https://registry.npmjs.org/esquery/-/esquery-1.7.0.tgz 33227ms (cache miss)
2822 http fetch GET 200 https://registry.npmjs.org/csstype/-/csstype-3.2.3.tgz 33256ms (cache miss)
2823 http fetch GET 200 https://registry.npmjs.org/styled-jsx/-/styled-jsx-5.1.6.tgz 34082ms (cache miss)
2824 http fetch GET 200 https://registry.npmjs.org/uri-js/-/uri-js-4.4.1.tgz 33615ms (cache miss)
2825 http fetch GET 200 https://registry.npmjs.org/sharp/-/sharp-0.34.5.tgz 34260ms (cache miss)
2826 http fetch GET 200 https://registry.npmjs.org/@eslint/eslintrc/-/eslintrc-3.3.3.tgz 33990ms (cache miss)
2827 http fetch GET 200 https://registry.npmjs.org/minimatch/-/minimatch-9.0.5.tgz 34017ms (cache miss)
2828 http fetch GET 200 https://registry.npmjs.org/tsconfig-paths/-/tsconfig-paths-3.15.0.tgz 34516ms (cache miss)
2829 http fetch GET 200 https://registry.npmjs.org/@babel/generator/-/generator-7.28.6.tgz 35230ms (cache miss)
2830 http fetch GET 200 https://registry.npmjs.org/language-subtag-registry/-/language-subtag-registry-0.3.23.tgz 35984ms (cache miss)
2831 http fetch GET 200 https://registry.npmjs.org/@tybys/wasm-util/-/wasm-util-0.10.1.tgz 38041ms (cache miss)
2832 http fetch GET 200 https://registry.npmjs.org/hermes-parser/-/hermes-parser-0.25.1.tgz 37624ms (cache miss)
2833 http fetch GET 200 https://registry.npmjs.org/@babel/traverse/-/traverse-7.28.6.tgz 37718ms (cache miss)
2834 http fetch GET 200 https://registry.npmjs.org/@typescript-eslint/typescript-estree/-/typescript-estree-8.53.0.tgz 38521ms (cache miss)
2835 http fetch GET 200 https://registry.npmjs.org/@typescript-eslint/utils/-/utils-8.53.0.tgz 38660ms (cache miss)
2836 http fetch GET 200 https://registry.npmjs.org/axobject-query/-/axobject-query-4.1.0.tgz 38282ms (cache miss)
2837 http fetch GET 200 https://registry.npmjs.org/jsx-ast-utils/-/jsx-ast-utils-3.3.5.tgz 38280ms (cache miss)
2838 http fetch GET 200 https://registry.npmjs.org/@babel/parser/-/parser-7.28.6.tgz 38373ms (cache miss)
2839 http fetch GET 200 https://registry.npmjs.org/@emnapi/core/-/core-1.8.1.tgz 39914ms (cache miss)
2840 http fetch GET 200 https://registry.npmjs.org/@unrs/resolver-binding-linux-x64-gnu/-/resolver-binding-linux-x64-gnu-1.11.1.tgz 40652ms (cache miss)
2841 http fetch GET 200 https://registry.npmjs.org/ajv/-/ajv-6.12.6.tgz 40078ms (cache miss)
2842 http fetch GET 200 https://registry.npmjs.org/es-iterator-helpers/-/es-iterator-helpers-1.2.2.tgz 40530ms (cache miss)
2843 http fetch GET 200 https://registry.npmjs.org/aria-query/-/aria-query-5.3.2.tgz 40820ms (cache miss)
2844 http fetch GET 200 https://registry.npmjs.org/resolve/-/resolve-1.22.11.tgz 42021ms (cache miss)
2845 http fetch GET 200 https://registry.npmjs.org/resolve/-/resolve-2.0.0-next.5.tgz 41959ms (cache miss)
2846 http fetch GET 200 https://registry.npmjs.org/axe-core/-/axe-core-4.11.1.tgz 42939ms (cache miss)
2847 http fetch GET 200 https://registry.npmjs.org/@babel/core/-/core-7.28.6.tgz 43011ms (cache miss)
2848 http fetch GET 200 https://registry.npmjs.org/@types/node/-/node-20.19.30.tgz 43047ms (cache miss)
2849 http fetch GET 200 https://registry.npmjs.org/eslint-plugin-import/-/eslint-plugin-import-2.32.0.tgz 43908ms (cache miss)
2850 http fetch GET 200 https://registry.npmjs.org/eslint-plugin-react-hooks/-/eslint-plugin-react-hooks-7.0.1.tgz 44433ms (cache miss)
2851 http fetch GET 200 https://registry.npmjs.org/@babel/helpers/-/helpers-7.28.6.tgz 45925ms (cache miss)
2852 http fetch GET 200 https://registry.npmjs.org/eslint-plugin-jsx-a11y/-/eslint-plugin-jsx-a11y-6.10.2.tgz 46258ms (cache miss)
2853 http fetch GET 200 https://registry.npmjs.org/@typescript-eslint/scope-manager/-/scope-manager-8.53.0.tgz 47247ms (cache miss)
